PRT1
1447
3646
4 0 6 (14808.500000 1024 59 ) (14808.500000 1024 9978.230469 ) (14336 1024 9978.230469 ) (14336 1024 59 ) 
4 0 2 (14336 1024 59 ) (14336 1024 9978.230469 ) (14336 1125 9978.230469 ) (14336 1125 59 ) 
4 1 7 (14808.500000 1024 -1443 ) (14808.500000 1024 29 ) (14336 1024 29 ) (14336 1024 -1443 ) 
4 1 3 (14336 1024 -1443 ) (14336 1024 29 ) (14336 1125 29 ) (14336 1125 -1443 ) 
4 2 12 (14336 1024 59 ) (14336 1024 9978.230469 ) (13312 1024 9978.230469 ) (13312 1024 59 ) 
4 2 4 (13312 1024 59 ) (13312 1024 9978.230469 ) (13312 1125 9978.230469 ) (13312 1125 59 ) 
4 3 13 (14336 1024 -1443 ) (14336 1024 29 ) (13312 1024 29 ) (13312 1024 -1443 ) 
4 3 5 (13312 1024 -1443 ) (13312 1024 29 ) (13312 1125 29 ) (13312 1125 -1443 ) 
4 4 24 (12288 1024 59 ) (12288 1024 9978.230469 ) (12288 1125 9978.230469 ) (12288 1125 59 ) 
4 4 14 (13312 1024 59 ) (13312 1024 9978.230469 ) (12288 1024 9978.230469 ) (12288 1024 59 ) 
4 5 25 (12288 1024 -1443 ) (12288 1024 29 ) (12288 1125 29 ) (12288 1125 -1443 ) 
4 5 15 (13312 1024 -1443 ) (13312 1024 29 ) (12288 1024 29 ) (12288 1024 -1443 ) 
4 6 12 (14336 1024 9978.230469 ) (14336 1024 59 ) (14336 0 59 ) (14336 0 9978.230469 ) 
4 6 8 (14808.500000 0 59 ) (14808.500000 0 9978.230469 ) (14336 0 9978.230469 ) (14336 0 59 ) 
4 7 13 (14336 1024 29 ) (14336 1024 -1443 ) (14336 0 -1443 ) (14336 0 29 ) 
4 7 9 (14808.500000 0 -1443 ) (14808.500000 0 29 ) (14336 0 29 ) (14336 0 -1443 ) 
4 8 16 (14336 -1024 59 ) (14336 -1024 9978.230469 ) (14336 0 9978.230469 ) (14336 0 59 ) 
4 8 10 (14336 -1024 9978.230469 ) (14336 -1024 59 ) (14808.500000 -1024 59 ) (14808.500000 -1024 9978.230469 ) 
4 9 17 (14336 -1024 -1443 ) (14336 -1024 29 ) (14336 0 29 ) (14336 0 -1443 ) 
4 9 11 (14336 -1024 29 ) (14336 -1024 -1443 ) (14808.500000 -1024 -1443 ) (14808.500000 -1024 29 ) 
4 10 218 (14808.500000 -2048 59 ) (14808.500000 -2048 9978.230469 ) (14336 -2048 9978.230469 ) (14336 -2048 59 ) 
4 10 20 (14336 -2048 59 ) (14336 -2048 9978.230469 ) (14336 -1024 9978.230469 ) (14336 -1024 59 ) 
4 11 219 (14808.500000 -2048 -1443 ) (14808.500000 -2048 29 ) (14336 -2048 29 ) (14336 -2048 -1443 ) 
4 11 21 (14336 -2048 -1443 ) (14336 -2048 29 ) (14336 -1024 29 ) (14336 -1024 -1443 ) 
4 12 16 (14336 0 59 ) (14336 0 9978.230469 ) (13312 0 9978.230469 ) (13312 0 59 ) 
4 12 14 (13312 1024 9978.230469 ) (13312 1024 59 ) (13312 0 59 ) (13312 0 9978.230469 ) 
4 13 17 (14336 0 -1443 ) (14336 0 29 ) (13312 0 29 ) (13312 0 -1443 ) 
4 13 15 (13312 1024 29 ) (13312 1024 -1443 ) (13312 0 -1443 ) (13312 0 29 ) 
4 14 32 (12288 0 59 ) (12288 0 9978.230469 ) (12288 1024 9978.230469 ) (12288 1024 59 ) 
4 14 18 (13312 0 59 ) (13312 0 9978.230469 ) (12288 0 9978.230469 ) (12288 0 59 ) 
4 15 33 (12288 0 -1443 ) (12288 0 29 ) (12288 1024 29 ) (12288 1024 -1443 ) 
4 15 19 (13312 0 -1443 ) (13312 0 29 ) (12288 0 29 ) (12288 0 -1443 ) 
4 16 20 (14336 -1024 59 ) (14336 -1024 9978.230469 ) (13312 -1024 9978.230469 ) (13312 -1024 59 ) 
4 16 18 (13312 -1024 59 ) (13312 -1024 9978.230469 ) (13312 0 9978.230469 ) (13312 0 59 ) 
4 17 21 (14336 -1024 -1443 ) (14336 -1024 29 ) (13312 -1024 29 ) (13312 -1024 -1443 ) 
4 17 19 (13312 -1024 -1443 ) (13312 -1024 29 ) (13312 0 29 ) (13312 0 -1443 ) 
4 18 36 (12288 -1024 59 ) (12288 -1024 9978.230469 ) (12288 0 9978.230469 ) (12288 0 59 ) 
4 18 22 (12288 -1024 9978.230469 ) (12288 -1024 59 ) (13312 -1024 59 ) (13312 -1024 9978.230469 ) 
4 19 37 (12288 -1024 -1443 ) (12288 -1024 29 ) (12288 0 29 ) (12288 0 -1443 ) 
4 19 23 (12288 -1024 29 ) (12288 -1024 -1443 ) (13312 -1024 -1443 ) (13312 -1024 29 ) 
4 20 222 (14336 -2048 59 ) (14336 -2048 9978.230469 ) (13312 -2048 9978.230469 ) (13312 -2048 59 ) 
4 20 22 (13312 -1024 9978.230469 ) (13312 -1024 59 ) (13312 -2048 59 ) (13312 -2048 9978.230469 ) 
4 21 223 (14336 -2048 -1443 ) (14336 -2048 29 ) (13312 -2048 29 ) (13312 -2048 -1443 ) 
4 21 23 (13312 -1024 29 ) (13312 -1024 -1443 ) (13312 -2048 -1443 ) (13312 -2048 29 ) 
4 22 224 (13312 -2048 59 ) (13312 -2048 9978.230469 ) (12288 -2048 9978.230469 ) (12288 -2048 59 ) 
4 22 40 (12288 -2048 59 ) (12288 -2048 9978.230469 ) (12288 -1024 9978.230469 ) (12288 -1024 59 ) 
4 23 225 (13312 -2048 -1443 ) (13312 -2048 29 ) (12288 -2048 29 ) (12288 -2048 -1443 ) 
4 23 41 (12288 -2048 -1443 ) (12288 -2048 29 ) (12288 -1024 29 ) (12288 -1024 -1443 ) 
4 24 32 (12288 1024 59 ) (12288 1024 9978.230469 ) (11264 1024 9978.230469 ) (11264 1024 59 ) 
4 24 26 (11264 1024 59 ) (11264 1024 9978.230469 ) (11264 1125 9978.230469 ) (11264 1125 59 ) 
4 25 33 (12288 1024 -1443 ) (12288 1024 29 ) (11264 1024 29 ) (11264 1024 -1443 ) 
4 25 27 (11264 1024 -1443 ) (11264 1024 29 ) (11264 1125 29 ) (11264 1125 -1443 ) 
4 26 34 (11264 1024 59 ) (11264 1024 9978.230469 ) (10240 1024 9978.230469 ) (10240 1024 59 ) 
4 26 28 (10240 1024 59 ) (10240 1024 9978.230469 ) (10240 1125 9978.230469 ) (10240 1125 59 ) 
4 27 35 (11264 1024 -1443 ) (11264 1024 29 ) (10240 1024 29 ) (10240 1024 -1443 ) 
4 27 29 (10240 1024 -1443 ) (10240 1024 29 ) (10240 1125 29 ) (10240 1125 -1443 ) 
4 28 44 (10240 1024 59 ) (10240 1024 9978.230469 ) (9216 1024 9978.230469 ) (9216 1024 59 ) 
4 28 30 (9216 1024 59 ) (9216 1024 9978.230469 ) (9216 1125 9978.230469 ) (9216 1125 59 ) 
4 29 45 (10240 1024 -1443 ) (10240 1024 29 ) (9216 1024 29 ) (9216 1024 -1443 ) 
4 29 31 (9216 1024 -1443 ) (9216 1024 29 ) (9216 1125 29 ) (9216 1125 -1443 ) 
4 30 119 (8192 1024 59 ) (8192 1024 9978.230469 ) (8192 1125 9978.230469 ) (8192 1125 59 ) 
4 30 46 (9216 1024 59 ) (9216 1024 9978.230469 ) (8192 1024 9978.230469 ) (8192 1024 59 ) 
4 31 120 (8192 1024 -1443 ) (8192 1024 29 ) (8192 1125 29 ) (8192 1125 -1443 ) 
4 31 47 (9216 1024 -1443 ) (9216 1024 29 ) (8192 1024 29 ) (8192 1024 -1443 ) 
4 32 36 (12288 0 59 ) (12288 0 9978.230469 ) (11264 0 9978.230469 ) (11264 0 59 ) 
4 32 34 (11264 1024 9978.230469 ) (11264 1024 59 ) (11264 0 59 ) (11264 0 9978.230469 ) 
4 33 37 (12288 0 -1443 ) (12288 0 29 ) (11264 0 29 ) (11264 0 -1443 ) 
4 33 35 (11264 1024 29 ) (11264 1024 -1443 ) (11264 0 -1443 ) (11264 0 29 ) 
4 34 44 (10240 1024 9978.230469 ) (10240 1024 59 ) (10240 0 59 ) (10240 0 9978.230469 ) 
4 34 38 (11264 0 59 ) (11264 0 9978.230469 ) (10240 0 9978.230469 ) (10240 0 59 ) 
4 35 45 (10240 1024 29 ) (10240 1024 -1443 ) (10240 0 -1443 ) (10240 0 29 ) 
4 35 39 (11264 0 -1443 ) (11264 0 29 ) (10240 0 29 ) (10240 0 -1443 ) 
4 36 40 (12288 -1024 59 ) (12288 -1024 9978.230469 ) (11264 -1024 9978.230469 ) (11264 -1024 59 ) 
4 36 38 (11264 -1024 59 ) (11264 -1024 9978.230469 ) (11264 0 9978.230469 ) (11264 0 59 ) 
4 37 41 (12288 -1024 -1443 ) (12288 -1024 29 ) (11264 -1024 29 ) (11264 -1024 -1443 ) 
4 37 39 (11264 -1024 -1443 ) (11264 -1024 29 ) (11264 0 29 ) (11264 0 -1443 ) 
4 38 48 (10240 -1024 59 ) (10240 -1024 9978.230469 ) (10240 0 9978.230469 ) (10240 0 59 ) 
4 38 42 (10240 -1024 9978.230469 ) (10240 -1024 59 ) (11264 -1024 59 ) (11264 -1024 9978.230469 ) 
4 39 49 (10240 -1024 -1443 ) (10240 -1024 29 ) (10240 0 29 ) (10240 0 -1443 ) 
4 39 43 (10240 -1024 29 ) (10240 -1024 -1443 ) (11264 -1024 -1443 ) (11264 -1024 29 ) 
4 40 236 (12288 -2048 59 ) (12288 -2048 9978.230469 ) (11264 -2048 9978.230469 ) (11264 -2048 59 ) 
4 40 42 (11264 -1024 9978.230469 ) (11264 -1024 59 ) (11264 -2048 59 ) (11264 -2048 9978.230469 ) 
4 41 237 (12288 -2048 -1443 ) (12288 -2048 29 ) (11264 -2048 29 ) (11264 -2048 -1443 ) 
4 41 43 (11264 -1024 29 ) (11264 -1024 -1443 ) (11264 -2048 -1443 ) (11264 -2048 29 ) 
4 42 238 (11264 -2048 59 ) (11264 -2048 9978.230469 ) (10240 -2048 9978.230469 ) (10240 -2048 59 ) 
4 42 52 (10240 -2048 59 ) (10240 -2048 9978.230469 ) (10240 -1024 9978.230469 ) (10240 -1024 59 ) 
4 43 239 (11264 -2048 -1443 ) (11264 -2048 29 ) (10240 -2048 29 ) (10240 -2048 -1443 ) 
4 43 53 (10240 -2048 -1443 ) (10240 -2048 29 ) (10240 -1024 29 ) (10240 -1024 -1443 ) 
4 44 48 (10240 0 59 ) (10240 0 9978.230469 ) (9216 0 9978.230469 ) (9216 0 59 ) 
4 44 46 (9216 1024 9978.230469 ) (9216 1024 59 ) (9216 0 59 ) (9216 0 9978.230469 ) 
4 45 49 (10240 0 -1443 ) (10240 0 29 ) (9216 0 29 ) (9216 0 -1443 ) 
4 45 47 (9216 1024 29 ) (9216 1024 -1443 ) (9216 0 -1443 ) (9216 0 29 ) 
4 46 137 (8192 0 59 ) (8192 0 9978.230469 ) (8192 1024 9978.230469 ) (8192 1024 59 ) 
4 46 50 (9216 0 59 ) (9216 0 9978.230469 ) (8192 0 9978.230469 ) (8192 0 59 ) 
4 47 138 (8192 0 -1443 ) (8192 0 29 ) (8192 1024 29 ) (8192 1024 -1443 ) 
4 47 51 (9216 0 -1443 ) (9216 0 29 ) (8192 0 29 ) (8192 0 -1443 ) 
4 48 52 (10240 -1024 59 ) (10240 -1024 9978.230469 ) (9216 -1024 9978.230469 ) (9216 -1024 59 ) 
4 48 50 (9216 -1024 59 ) (9216 -1024 9978.230469 ) (9216 0 9978.230469 ) (9216 0 59 ) 
4 49 53 (10240 -1024 -1443 ) (10240 -1024 29 ) (9216 -1024 29 ) (9216 -1024 -1443 ) 
4 49 51 (9216 -1024 -1443 ) (9216 -1024 29 ) (9216 0 29 ) (9216 0 -1443 ) 
4 50 141 (8192 -1024 59 ) (8192 -1024 9978.230469 ) (8192 0 9978.230469 ) (8192 0 59 ) 
4 50 54 (8192 -1024 9978.230469 ) (8192 -1024 59 ) (9216 -1024 59 ) (9216 -1024 9978.230469 ) 
4 51 142 (8192 -1024 -1443 ) (8192 -1024 29 ) (8192 0 29 ) (8192 0 -1443 ) 
4 51 55 (8192 -1024 29 ) (8192 -1024 -1443 ) (9216 -1024 -1443 ) (9216 -1024 29 ) 
4 52 244 (10240 -2048 59 ) (10240 -2048 9978.230469 ) (9216 -2048 9978.230469 ) (9216 -2048 59 ) 
4 52 54 (9216 -1024 9978.230469 ) (9216 -1024 59 ) (9216 -2048 59 ) (9216 -2048 9978.230469 ) 
4 53 245 (10240 -2048 -1443 ) (10240 -2048 29 ) (9216 -2048 29 ) (9216 -2048 -1443 ) 
4 53 55 (9216 -1024 29 ) (9216 -1024 -1443 ) (9216 -2048 -1443 ) (9216 -2048 29 ) 
4 54 246 (9216 -2048 59 ) (9216 -2048 9978.230469 ) (8192 -2048 9978.230469 ) (8192 -2048 59 ) 
4 54 145 (8192 -2048 59 ) (8192 -2048 9978.230469 ) (8192 -1024 9978.230469 ) (8192 -1024 59 ) 
4 55 247 (9216 -2048 -1443 ) (9216 -2048 29 ) (8192 -2048 29 ) (8192 -2048 -1443 ) 
4 55 146 (8192 -2048 -1443 ) (8192 -2048 29 ) (8192 -1024 29 ) (8192 -1024 -1443 ) 
4 56 64 (5008 5120 64 ) (5120 5120 64 ) (5120 4944 64 ) (5008 4944 64 ) 
4 56 60 (5008 4944 64 ) (5120 4944 64 ) (5120 4944 9978.230469 ) (5008 4944 9978.230469 ) 
4 56 59 (5008 4976 64 ) (5008 4944 64 ) (5008 4944 176 ) (5008 4976 176 ) 
4 56 58 (5008 4944 176 ) (5008 4944 9978.230469 ) (5008 4976 9978.230469 ) (5008 4976 176 ) 
4 56 57 (5008 5120 64 ) (5008 4976 64 ) (5008 4976 9978.230469 ) (5008 5120 9978.230469 ) 
4 57 72 (4096 4976 9978.230469 ) (4096 5120 9978.230469 ) (4096 5120 64 ) (4096 4976 64 ) 
4 57 64 (4096 4976 64 ) (4096 5120 64 ) (5008 5120 64 ) (5008 4976 64 ) 
4 57 59 (4096 4976 64 ) (5008 4976 64 ) (5008 4976 176 ) (4096 4976 176 ) 
4 57 58 (5008 4976 176 ) (5008 4976 9978.230469 ) (4096 4976 9978.230469 ) (4096 4976 176 ) 
4 58 73 (4096 4944 9978.230469 ) (4096 4976 9978.230469 ) (4096 4976 176 ) (4096 4944 176 ) 
4 58 61 (5008 4944 176 ) (5008 4944 9978.230469 ) (4976 4944 9978.230469 ) (4976 4944 176 ) 
4 58 63 (4976 4944 9978.230469 ) (4096 4944 9978.230469 ) (4096 4944 176 ) (4976 4944 176 ) 
4 58 59 (4096 4976 176 ) (5008 4976 176 ) (5008 4944 176 ) (4096 4944 176 ) 
4 59 74 (4096 4976 176 ) (4096 4976 64 ) (4096 4944 64 ) (4096 4944 176 ) 
4 59 64 (4096 4944 64 ) (4096 4976 64 ) (5008 4976 64 ) (5008 4944 64 ) 
4 59 62 (4976 4944 64 ) (5008 4944 64 ) (5008 4944 176 ) (4976 4944 176 ) 
4 59 63 (4096 4944 64 ) (4976 4944 64 ) (4976 4944 176 ) (4096 4944 176 ) 
4 60 66 (5120 4096 64 ) (5120 4096 9978.230469 ) (5008 4096 9978.230469 ) (5008 4096 64 ) 
4 60 64 (5120 4096 64 ) (5008 4096 64 ) (5008 4944 64 ) (5120 4944 64 ) 
4 60 62 (5008 4944 176 ) (5008 4944 64 ) (5008 4096 64 ) (5008 4096 176 ) 
4 60 61 (5008 4944 9978.230469 ) (5008 4944 176 ) (5008 4096 176 ) (5008 4096 9978.230469 ) 
4 61 67 (5008 4096 9978.230469 ) (4976 4096 9978.230469 ) (4976 4096 176 ) (5008 4096 176 ) 
4 61 63 (4976 4944 9978.230469 ) (4976 4944 176 ) (4976 4096 176 ) (4976 4096 9978.230469 ) 
4 61 62 (4976 4096 176 ) (4976 4944 176 ) (5008 4944 176 ) (5008 4096 176 ) 
4 62 68 (4976 4096 176 ) (4976 4096 64 ) (5008 4096 64 ) (5008 4096 176 ) 
4 62 64 (5008 4096 64 ) (4976 4096 64 ) (4976 4944 64 ) (5008 4944 64 ) 
4 62 63 (4976 4944 176 ) (4976 4944 64 ) (4976 4096 64 ) (4976 4096 176 ) 
4 63 75 (4096 4096 64 ) (4096 4096 9978.230469 ) (4096 4944 9978.230469 ) (4096 4944 64 ) 
4 63 69 (4976 4096 9978.230469 ) (4096 4096 9978.230469 ) (4096 4096 64 ) (4976 4096 64 ) 
4 63 64 (4976 4096 64 ) (4096 4096 64 ) (4096 4944 64 ) (4976 4944 64 ) 
4 64 76 (4096 4096 63 ) (4096 4096 64 ) (4096 5120 64 ) (4096 5120 63 ) 
4 64 70 (5120 4096 63 ) (5120 4096 64 ) (4096 4096 64 ) (4096 4096 63 ) 
4 65 77 (4096 4096 -1473 ) (4096 4096 26 ) (4096 5120 26 ) (4096 5120 -1473 ) 
4 65 71 (5120 4096 -1473 ) (5120 4096 26 ) (4096 4096 26 ) (4096 4096 -1473 ) 
4 66 123 (5120 3072 64 ) (5120 3072 9978.230469 ) (5008 3072 9978.230469 ) (5008 3072 64 ) 
4 66 70 (5120 3072 64 ) (5008 3072 64 ) (5008 4096 64 ) (5120 4096 64 ) 
4 66 68 (5008 4096 64 ) (5008 3072 64 ) (5008 3072 176 ) (5008 4096 176 ) 
4 66 67 (5008 3072 176 ) (5008 3072 9978.230469 ) (5008 4096 9978.230469 ) (5008 4096 176 ) 
4 67 124 (5008 3072 9978.230469 ) (4976 3072 9978.230469 ) (4976 3072 176 ) (5008 3072 176 ) 
4 67 69 (4976 3072 176 ) (4976 3072 9978.230469 ) (4976 4096 9978.230469 ) (4976 4096 176 ) 
4 67 68 (4976 3072 176 ) (4976 4096 176 ) (5008 4096 176 ) (5008 3072 176 ) 
4 68 125 (4976 3072 176 ) (4976 3072 64 ) (5008 3072 64 ) (5008 3072 176 ) 
4 68 70 (5008 3072 64 ) (4976 3072 64 ) (4976 4096 64 ) (5008 4096 64 ) 
4 68 69 (4976 4096 64 ) (4976 3072 64 ) (4976 3072 176 ) (4976 4096 176 ) 
4 69 126 (4976 3072 9978.230469 ) (4096 3072 9978.230469 ) (4096 3072 64 ) (4976 3072 64 ) 
4 69 90 (4096 3072 64 ) (4096 3072 9978.230469 ) (4096 4096 9978.230469 ) (4096 4096 64 ) 
4 69 70 (4976 3072 64 ) (4096 3072 64 ) (4096 4096 64 ) (4976 4096 64 ) 
4 70 127 (5120 3072 63 ) (5120 3072 64 ) (4096 3072 64 ) (4096 3072 63 ) 
4 70 90 (4096 3072 63 ) (4096 3072 64 ) (4096 4096 64 ) (4096 4096 63 ) 
4 71 128 (5120 3072 -1473 ) (5120 3072 26 ) (4096 3072 26 ) (4096 3072 -1473 ) 
4 71 91 (4096 3072 -1473 ) (4096 3072 26 ) (4096 4096 26 ) (4096 4096 -1473 ) 
4 72 78 (3072 4976 9978.230469 ) (3072 5120 9978.230469 ) (3072 5120 64 ) (3072 4976 64 ) 
4 72 76 (3072 4976 64 ) (3072 5120 64 ) (4096 5120 64 ) (4096 4976 64 ) 
4 72 74 (3072 4976 64 ) (4096 4976 64 ) (4096 4976 176 ) (3072 4976 176 ) 
4 72 73 (4096 4976 176 ) (4096 4976 9978.230469 ) (3072 4976 9978.230469 ) (3072 4976 176 ) 
4 73 79 (3072 4944 9978.230469 ) (3072 4976 9978.230469 ) (3072 4976 176 ) (3072 4944 176 ) 
4 73 75 (4096 4944 176 ) (4096 4944 9978.230469 ) (3072 4944 9978.230469 ) (3072 4944 176 ) 
4 73 74 (4096 4944 176 ) (3072 4944 176 ) (3072 4976 176 ) (4096 4976 176 ) 
4 74 80 (3072 4976 176 ) (3072 4976 64 ) (3072 4944 64 ) (3072 4944 176 ) 
4 74 76 (3072 4944 64 ) (3072 4976 64 ) (4096 4976 64 ) (4096 4944 64 ) 
4 74 75 (3072 4944 64 ) (4096 4944 64 ) (4096 4944 176 ) (3072 4944 176 ) 
4 75 90 (4096 4096 64 ) (4096 4096 9978.230469 ) (3072 4096 9978.230469 ) (3072 4096 64 ) 
4 75 84 (3072 4096 64 ) (3072 4096 115 ) (3072 4563 115 ) (3072 4563 64 ) 
4 75 83 (3072 4096 115 ) (3072 4096 9978.230469 ) (3072 4563 9978.230469 ) (3072 4563 115 ) 
4 75 81 (3072 4563 9978.230469 ) (3072 4944 9978.230469 ) (3072 4944 64 ) (3072 4563 64 ) 
4 75 76 (4096 4096 64 ) (3072 4096 64 ) (3072 4944 64 ) (4096 4944 64 ) 
4 76 90 (4096 4096 63 ) (4096 4096 64 ) (3072 4096 64 ) (3072 4096 63 ) 
4 76 84 (3072 4096 63 ) (3072 4096 64 ) (3072 4563 64 ) (3072 4563 63 ) 
4 76 82 (3072 4563 64 ) (3072 5120 64 ) (3072 5120 63 ) (3072 4563 63 ) 
4 77 91 (4096 4096 -1473 ) (4096 4096 26 ) (3072 4096 26 ) (3072 4096 -1473 ) 
4 77 86 (3072 4096 -1473 ) (3072 4096 26 ) (3072 5120 26 ) (3072 5120 -1473 ) 
4 78 97 (2048 5120 9978.230469 ) (2048 5120 64 ) (2048 4976 64 ) (2048 4976 9978.230469 ) 
4 78 80 (2048 4976 64 ) (3072 4976 64 ) (3072 4976 176 ) (2048 4976 176 ) 
4 78 79 (3072 4976 176 ) (3072 4976 9978.230469 ) (2048 4976 9978.230469 ) (2048 4976 176 ) 
4 78 82 (2048 4976 64 ) (2048 5120 64 ) (3072 5120 64 ) (3072 4976 64 ) 
4 79 98 (2048 4944 176 ) (2048 4944 9978.230469 ) (2048 4976 9978.230469 ) (2048 4976 176 ) 
4 79 81 (3072 4944 176 ) (3072 4944 9978.230469 ) (2048 4944 9978.230469 ) (2048 4944 176 ) 
4 79 80 (3072 4944 176 ) (2048 4944 176 ) (2048 4976 176 ) (3072 4976 176 ) 
4 80 99 (2048 4976 64 ) (2048 4944 64 ) (2048 4944 176 ) (2048 4976 176 ) 
4 80 82 (2048 4944 64 ) (2048 4976 64 ) (3072 4976 64 ) (3072 4944 64 ) 
4 80 81 (2048 4944 64 ) (3072 4944 64 ) (3072 4944 176 ) (2048 4944 176 ) 
4 81 100 (2048 4944 64 ) (2048 4563 64 ) (2048 4563 9978.230469 ) (2048 4944 9978.230469 ) 
4 81 84 (2304 4563 64 ) (3072 4563 64 ) (3072 4563 115 ) (2304 4563 115 ) 
4 81 83 (2048 4563 9978.230469 ) (2048 4563 115 ) (3072 4563 115 ) (3072 4563 9978.230469 ) 
4 81 82 (3072 4563 64 ) (2048 4563 64 ) (2048 4944 64 ) (3072 4944 64 ) 
4 82 101 (2048 5120 64 ) (2048 5120 63 ) (2048 4563 63 ) (2048 4563 64 ) 
4 82 84 (2304 4563 63 ) (3072 4563 63 ) (3072 4563 64 ) (2304 4563 64 ) 
4 83 102 (2048 4435 9978.230469 ) (2048 4563 9978.230469 ) (2048 4563 115 ) (2048 4435 115 ) 
4 83 103 (2048 4096 115 ) (2048 4096 9978.230469 ) (2048 4435 9978.230469 ) (2048 4435 115 ) 
4 83 92 (3072 4096 115 ) (3072 4096 9978.230469 ) (2048 4096 9978.230469 ) (2048 4096 115 ) 
4 83 85 (2176 4435 115 ) (2176 4096 115 ) (2048 4096 115 ) (2048 4435 115 ) 
4 83 84 (2304 4563 115 ) (3072 4563 115 ) (3072 4096 115 ) (2304 4096 115 ) 
4 84 93 (3072 4096 63 ) (3072 4096 115 ) (2304 4096 115 ) (2304 4096 63 ) 
4 85 103 (2048 4096 63 ) (2048 4096 115 ) (2048 4435 115 ) (2048 4435 63 ) 
4 85 94 (2176 4096 115 ) (2048 4096 115 ) (2048 4096 63 ) (2176 4096 63 ) 
4 85 89 (2176 4096 63 ) (2048 4096 63 ) (2048 4435 63 ) (2176 4435 63 ) 
4 86 95 (3072 4096 -1473 ) (3072 4096 26 ) (2304 4096 26 ) (2304 4096 -1473 ) 
4 86 87 (2304 5120 -1473 ) (2304 4563 -1473 ) (2304 4563 26 ) (2304 5120 26 ) 
4 87 88 (2176 4563 26 ) (2176 5120 26 ) (2176 5120 -1473 ) (2176 4563 -1473 ) 
4 88 104 (2048 5120 26 ) (2048 5120 -1473 ) (2048 4563 -1473 ) (2048 4563 26 ) 
4 89 105 (2048 4096 -1473 ) (2048 4096 63 ) (2048 4435 63 ) (2048 4435 -1473 ) 
4 89 96 (2176 4096 -1473 ) (2176 4096 63 ) (2048 4096 63 ) (2048 4096 -1473 ) 
4 90 173 (4096 3072 63 ) (4096 3072 9978.230469 ) (3072 3072 9978.230469 ) (3072 3072 63 ) 
4 90 93 (3072 4096 115 ) (3072 4096 63 ) (3072 3072 63 ) (3072 3072 115 ) 
4 90 92 (3072 4096 9978.230469 ) (3072 4096 115 ) (3072 3072 115 ) (3072 3072 9978.230469 ) 
4 91 174 (4096 3072 -1473 ) (4096 3072 26 ) (3072 3072 26 ) (3072 3072 -1473 ) 
4 91 95 (3072 4096 26 ) (3072 4096 -1473 ) (3072 3072 -1473 ) (3072 3072 26 ) 
4 92 175 (3072 3072 115 ) (3072 3072 9978.230469 ) (2048 3072 9978.230469 ) (2048 3072 115 ) 
4 92 115 (2048 3072 115 ) (2048 3072 9978.230469 ) (2048 4096 9978.230469 ) (2048 4096 115 ) 
4 92 93 (3072 3072 115 ) (2304 3072 115 ) (2304 4096 115 ) (3072 4096 115 ) 
4 92 94 (2176 3072 115 ) (2048 3072 115 ) (2048 4096 115 ) (2176 4096 115 ) 
4 93 176 (3072 3072 63 ) (3072 3072 115 ) (2304 3072 115 ) (2304 3072 63 ) 
4 94 177 (2176 3072 115 ) (2048 3072 115 ) (2048 3072 63 ) (2176 3072 63 ) 
4 94 115 (2048 3072 63 ) (2048 3072 115 ) (2048 4096 115 ) (2048 4096 63 ) 
4 94 96 (2176 3072 63 ) (2048 3072 63 ) (2048 4096 63 ) (2176 4096 63 ) 
4 95 178 (3072 3072 -1473 ) (3072 3072 26 ) (2304 3072 26 ) (2304 3072 -1473 ) 
4 96 179 (2176 3072 -1473 ) (2176 3072 63 ) (2048 3072 63 ) (2048 3072 -1473 ) 
4 96 116 (2048 3072 -1473 ) (2048 3072 63 ) (2048 4096 63 ) (2048 4096 -1473 ) 
4 97 106 (1024 4976 9978.230469 ) (1024 5120 9978.230469 ) (1024 5120 64 ) (1024 4976 64 ) 
4 97 99 (1024 4976 64 ) (2048 4976 64 ) (2048 4976 176 ) (1024 4976 176 ) 
4 97 98 (2048 4976 176 ) (2048 4976 9978.230469 ) (1024 4976 9978.230469 ) (1024 4976 176 ) 
4 97 101 (1024 4976 64 ) (1024 5120 64 ) (2048 5120 64 ) (2048 4976 64 ) 
4 98 107 (1024 4944 9978.230469 ) (1024 4976 9978.230469 ) (1024 4976 176 ) (1024 4944 176 ) 
4 98 100 (2048 4944 176 ) (2048 4944 9978.230469 ) (1024 4944 9978.230469 ) (1024 4944 176 ) 
4 98 99 (2048 4944 176 ) (1024 4944 176 ) (1024 4976 176 ) (2048 4976 176 ) 
4 99 108 (1024 4976 176 ) (1024 4976 64 ) (1024 4944 64 ) (1024 4944 176 ) 
4 99 101 (1024 4944 64 ) (1024 4976 64 ) (2048 4976 64 ) (2048 4944 64 ) 
4 99 100 (1024 4944 64 ) (2048 4944 64 ) (2048 4944 176 ) (1024 4944 176 ) 
4 100 109 (1024 4563 9978.230469 ) (1024 4944 9978.230469 ) (1024 4944 64 ) (1024 4563 64 ) 
4 100 102 (2048 4563 115 ) (2048 4563 9978.230469 ) (1024 4563 9978.230469 ) (1024 4563 115 ) 
4 100 101 (2048 4563 64 ) (1024 4563 64 ) (1024 4944 64 ) (2048 4944 64 ) 
4 101 110 (1024 5120 64 ) (1024 5120 63 ) (1024 4563 63 ) (1024 4563 64 ) 
4 102 111 (1024 4435 9978.230469 ) (1024 4563 9978.230469 ) (1024 4563 115 ) (1024 4435 115 ) 
4 102 103 (2048 4435 115 ) (2048 4435 9978.230469 ) (1024 4435 9978.230469 ) (1024 4435 115 ) 
4 103 115 (2048 4096 63 ) (2048 4096 9978.230469 ) (1024 4096 9978.230469 ) (1024 4096 63 ) 
4 103 112 (1024 4096 63 ) (1024 4096 9978.230469 ) (1024 4435 9978.230469 ) (1024 4435 63 ) 
4 103 105 (2048 4096 63 ) (1024 4096 63 ) (1024 4435 63 ) (2048 4435 63 ) 
4 104 113 (1024 4563 26 ) (1024 5120 26 ) (1024 5120 -1473 ) (1024 4563 -1473 ) 
4 105 116 (2048 4096 -1473 ) (2048 4096 63 ) (1024 4096 63 ) (1024 4096 -1473 ) 
4 105 114 (1024 4096 -1473 ) (1024 4096 63 ) (1024 4435 63 ) (1024 4435 -1473 ) 
4 106 818 (0 4976 9978.230469 ) (0 5120 9978.230469 ) (0 5120 64 ) (0 4976 64 ) 
4 106 108 (0 4976 64 ) (1024 4976 64 ) (1024 4976 176 ) (0 4976 176 ) 
4 106 107 (1024 4976 176 ) (1024 4976 9978.230469 ) (0 4976 9978.230469 ) (0 4976 176 ) 
4 106 110 (0 4976 64 ) (0 5120 64 ) (1024 5120 64 ) (1024 4976 64 ) 
4 107 819 (0 4944 9978.230469 ) (0 4976 9978.230469 ) (0 4976 176 ) (0 4944 176 ) 
4 107 109 (1024 4944 176 ) (1024 4944 9978.230469 ) (0 4944 9978.230469 ) (0 4944 176 ) 
4 107 108 (1024 4944 176 ) (0 4944 176 ) (0 4976 176 ) (1024 4976 176 ) 
4 108 820 (0 4976 176 ) (0 4976 64 ) (0 4944 64 ) (0 4944 176 ) 
4 108 110 (0 4944 64 ) (0 4976 64 ) (1024 4976 64 ) (1024 4944 64 ) 
4 108 109 (0 4944 64 ) (1024 4944 64 ) (1024 4944 176 ) (0 4944 176 ) 
4 109 821 (0 4563 9978.230469 ) (0 4944 9978.230469 ) (0 4944 64 ) (0 4563 64 ) 
4 109 111 (1024 4563 115 ) (1024 4563 9978.230469 ) (0 4563 9978.230469 ) (0 4563 115 ) 
4 109 110 (1024 4563 64 ) (0 4563 64 ) (0 4944 64 ) (1024 4944 64 ) 
4 110 822 (0 5120 64 ) (0 5120 63 ) (0 4563 63 ) (0 4563 64 ) 
4 111 823 (0 4435 9978.230469 ) (0 4563 9978.230469 ) (0 4563 115 ) (0 4435 115 ) 
4 111 112 (1024 4435 115 ) (1024 4435 9978.230469 ) (0 4435 9978.230469 ) (0 4435 115 ) 
4 112 824 (0 4096 63 ) (0 4096 9978.230469 ) (0 4435 9978.230469 ) (0 4435 63 ) 
4 112 117 (1024 4096 63 ) (1024 4096 9978.230469 ) (0 4096 9978.230469 ) (0 4096 63 ) 
4 112 114 (1024 4435 63 ) (1024 4096 63 ) (0 4096 63 ) (0 4435 63 ) 
4 113 825 (0 4563 26 ) (0 5120 26 ) (0 5120 -1473 ) (0 4563 -1473 ) 
4 114 826 (0 4096 -1473 ) (0 4096 63 ) (0 4435 63 ) (0 4435 -1473 ) 
4 114 118 (1024 4096 -1473 ) (1024 4096 63 ) (0 4096 63 ) (0 4096 -1473 ) 
4 115 185 (2048 3072 63 ) (2048 3072 115 ) (1024 3072 115 ) (1024 3072 63 ) 
4 115 184 (2048 3072 115 ) (2048 3072 9978.230469 ) (1024 3072 9978.230469 ) (1024 3072 115 ) 
4 115 117 (1024 4096 9978.230469 ) (1024 4096 63 ) (1024 3072 63 ) (1024 3072 9978.230469 ) 
4 115 116 (1024 4096 63 ) (2048 4096 63 ) (2048 3072 63 ) (1024 3072 63 ) 
4 116 186 (2048 3072 -1473 ) (2048 3072 63 ) (1024 3072 63 ) (1024 3072 -1473 ) 
4 116 118 (1024 4096 63 ) (1024 4096 -1473 ) (1024 3072 -1473 ) (1024 3072 63 ) 
4 117 836 (0 3072 63 ) (0 3072 9978.230469 ) (0 4096 9978.230469 ) (0 4096 63 ) 
4 117 188 (1024 3072 63 ) (1024 3072 115 ) (0 3072 115 ) (0 3072 63 ) 
4 117 187 (1024 3072 115 ) (1024 3072 9978.230469 ) (0 3072 9978.230469 ) (0 3072 115 ) 
4 117 118 (1024 4096 63 ) (1024 3072 63 ) (0 3072 63 ) (0 4096 63 ) 
4 118 837 (0 3072 -1473 ) (0 3072 63 ) (0 4096 63 ) (0 4096 -1473 ) 
4 118 189 (1024 3072 -1473 ) (1024 3072 63 ) (0 3072 63 ) (0 3072 -1473 ) 
4 119 137 (8192 1024 59 ) (8192 1024 9978.230469 ) (7168 1024 9978.230469 ) (7168 1024 59 ) 
4 119 121 (7168 1024 59 ) (7168 1024 9978.230469 ) (7168 1125 9978.230469 ) (7168 1125 59 ) 
4 120 138 (8192 1024 -1443 ) (8192 1024 29 ) (7168 1024 29 ) (7168 1024 -1443 ) 
4 120 122 (7168 1024 -1443 ) (7168 1024 29 ) (7168 1125 29 ) (7168 1125 -1443 ) 
4 121 139 (7168 1024 59 ) (7168 1024 9978.230469 ) (6144 1024 9978.230469 ) (6144 1024 59 ) 
4 121 129 (6144 1024 59 ) (6144 1024 9978.230469 ) (6144 1125 9978.230469 ) (6144 1125 59 ) 
4 122 140 (7168 1024 -1443 ) (7168 1024 29 ) (6144 1024 29 ) (6144 1024 -1443 ) 
4 122 130 (6144 1024 -1443 ) (6144 1024 29 ) (6144 1125 29 ) (6144 1125 -1443 ) 
4 123 131 (5120 2048 64 ) (5120 2048 9978.230469 ) (5008 2048 9978.230469 ) (5008 2048 64 ) 
4 123 127 (5120 2048 64 ) (5008 2048 64 ) (5008 3072 64 ) (5120 3072 64 ) 
4 123 125 (5008 3072 64 ) (5008 2048 64 ) (5008 2048 176 ) (5008 3072 176 ) 
4 123 124 (5008 2048 176 ) (5008 2048 9978.230469 ) (5008 3072 9978.230469 ) (5008 3072 176 ) 
4 124 132 (5008 2048 9978.230469 ) (4976 2048 9978.230469 ) (4976 2048 176 ) (5008 2048 176 ) 
4 124 126 (4976 2048 176 ) (4976 2048 9978.230469 ) (4976 3072 9978.230469 ) (4976 3072 176 ) 
4 124 125 (4976 2048 176 ) (4976 3072 176 ) (5008 3072 176 ) (5008 2048 176 ) 
4 125 133 (4976 2048 176 ) (4976 2048 64 ) (5008 2048 64 ) (5008 2048 176 ) 
4 125 127 (5008 2048 64 ) (4976 2048 64 ) (4976 3072 64 ) (5008 3072 64 ) 
4 125 126 (4976 3072 64 ) (4976 2048 64 ) (4976 2048 176 ) (4976 3072 176 ) 
4 126 173 (4096 3072 9978.230469 ) (4096 3072 64 ) (4096 2048 64 ) (4096 2048 9978.230469 ) 
4 126 134 (4976 2048 9978.230469 ) (4096 2048 9978.230469 ) (4096 2048 64 ) (4976 2048 64 ) 
4 126 127 (4976 2048 64 ) (4096 2048 64 ) (4096 3072 64 ) (4976 3072 64 ) 
4 127 173 (4096 3072 64 ) (4096 3072 63 ) (4096 2048 63 ) (4096 2048 64 ) 
4 127 135 (5120 2048 63 ) (5120 2048 64 ) (4096 2048 64 ) (4096 2048 63 ) 
4 128 174 (4096 3072 26 ) (4096 3072 -1473 ) (4096 2048 -1473 ) (4096 2048 26 ) 
4 128 136 (5120 2048 -1473 ) (5120 2048 26 ) (4096 2048 26 ) (4096 2048 -1473 ) 
4 129 149 (6144 1024 59 ) (6144 1024 9978.230469 ) (5587.500000 1024 9978.230469 ) (5587.500000 1024 59 ) 
4 130 150 (6144 1024 -1443 ) (6144 1024 29 ) (5587.500000 1024 29 ) (5587.500000 1024 -1443 ) 
4 131 151 (5120 1024 64 ) (5120 1024 9978.230469 ) (5008 1024 9978.230469 ) (5008 1024 64 ) 
4 131 135 (5120 2048 64 ) (5120 1024 64 ) (5008 1024 64 ) (5008 2048 64 ) 
4 131 133 (5008 2048 64 ) (5008 1024 64 ) (5008 1024 176 ) (5008 2048 176 ) 
4 131 132 (5008 1024 176 ) (5008 1024 9978.230469 ) (5008 2048 9978.230469 ) (5008 2048 176 ) 
4 132 152 (5008 1024 9978.230469 ) (4976 1024 9978.230469 ) (4976 1024 176 ) (5008 1024 176 ) 
4 132 134 (4976 1024 176 ) (4976 1024 9978.230469 ) (4976 2048 9978.230469 ) (4976 2048 176 ) 
4 132 133 (4976 1024 176 ) (4976 2048 176 ) (5008 2048 176 ) (5008 1024 176 ) 
4 133 153 (4976 1024 176 ) (4976 1024 64 ) (5008 1024 64 ) (5008 1024 176 ) 
4 133 135 (5008 1024 64 ) (4976 1024 64 ) (4976 2048 64 ) (5008 2048 64 ) 
4 133 134 (4976 2048 64 ) (4976 1024 64 ) (4976 1024 176 ) (4976 2048 176 ) 
4 134 180 (4096 1024 64 ) (4096 1024 9978.230469 ) (4096 2048 9978.230469 ) (4096 2048 64 ) 
4 134 154 (4976 1024 9978.230469 ) (4096 1024 9978.230469 ) (4096 1024 64 ) (4976 1024 64 ) 
4 134 135 (4976 1024 64 ) (4096 1024 64 ) (4096 2048 64 ) (4976 2048 64 ) 
4 135 180 (4096 1024 63 ) (4096 1024 64 ) (4096 2048 64 ) (4096 2048 63 ) 
4 135 155 (5120 1024 63 ) (5120 1024 64 ) (4096 1024 64 ) (4096 1024 63 ) 
4 136 181 (4096 1024 -1473 ) (4096 1024 26 ) (4096 2048 26 ) (4096 2048 -1473 ) 
4 136 156 (5120 1024 -1473 ) (5120 1024 26 ) (4096 1024 26 ) (4096 1024 -1473 ) 
4 137 141 (8192 0 59 ) (8192 0 9978.230469 ) (7168 0 9978.230469 ) (7168 0 59 ) 
4 137 139 (7168 1024 9978.230469 ) (7168 1024 59 ) (7168 0 59 ) (7168 0 9978.230469 ) 
4 138 142 (8192 0 -1443 ) (8192 0 29 ) (7168 0 29 ) (7168 0 -1443 ) 
4 138 140 (7168 1024 29 ) (7168 1024 -1443 ) (7168 0 -1443 ) (7168 0 29 ) 
4 139 149 (6144 1024 9978.230469 ) (6144 1024 59 ) (6144 0 59 ) (6144 0 9978.230469 ) 
4 139 143 (7168 0 59 ) (7168 0 9978.230469 ) (6144 0 9978.230469 ) (6144 0 59 ) 
4 140 150 (6144 1024 29 ) (6144 1024 -1443 ) (6144 0 -1443 ) (6144 0 29 ) 
4 140 144 (7168 0 -1443 ) (7168 0 29 ) (6144 0 29 ) (6144 0 -1443 ) 
4 141 145 (8192 -1024 59 ) (8192 -1024 9978.230469 ) (7168 -1024 9978.230469 ) (7168 -1024 59 ) 
4 141 143 (7168 -1024 59 ) (7168 -1024 9978.230469 ) (7168 0 9978.230469 ) (7168 0 59 ) 
4 142 146 (8192 -1024 -1443 ) (8192 -1024 29 ) (7168 -1024 29 ) (7168 -1024 -1443 ) 
4 142 144 (7168 -1024 -1443 ) (7168 -1024 29 ) (7168 0 29 ) (7168 0 -1443 ) 
4 143 157 (6144 -1024 59 ) (6144 -1024 9978.230469 ) (6144 0 9978.230469 ) (6144 0 59 ) 
4 143 147 (6144 -1024 9978.230469 ) (6144 -1024 59 ) (7168 -1024 59 ) (7168 -1024 9978.230469 ) 
4 144 158 (6144 -1024 -1443 ) (6144 -1024 29 ) (6144 0 29 ) (6144 0 -1443 ) 
4 144 148 (6144 -1024 29 ) (6144 -1024 -1443 ) (7168 -1024 -1443 ) (7168 -1024 29 ) 
4 145 363 (8192 -2048 59 ) (8192 -2048 9978.230469 ) (7168 -2048 9978.230469 ) (7168 -2048 59 ) 
4 145 147 (7168 -1024 9978.230469 ) (7168 -1024 59 ) (7168 -2048 59 ) (7168 -2048 9978.230469 ) 
4 146 364 (8192 -2048 -1443 ) (8192 -2048 29 ) (7168 -2048 29 ) (7168 -2048 -1443 ) 
4 146 148 (7168 -1024 29 ) (7168 -1024 -1443 ) (7168 -2048 -1443 ) (7168 -2048 29 ) 
4 147 365 (7168 -2048 59 ) (7168 -2048 9978.230469 ) (6144 -2048 9978.230469 ) (6144 -2048 59 ) 
4 147 165 (6144 -2048 59 ) (6144 -2048 9978.230469 ) (6144 -1024 9978.230469 ) (6144 -1024 59 ) 
4 148 366 (7168 -2048 -1443 ) (7168 -2048 29 ) (6144 -2048 29 ) (6144 -2048 -1443 ) 
4 148 166 (6144 -2048 -1443 ) (6144 -2048 29 ) (6144 -1024 29 ) (6144 -1024 -1443 ) 
4 149 157 (6144 0 59 ) (6144 0 9978.230469 ) (5587.500000 0 9978.230469 ) (5587.500000 0 59 ) 
4 150 158 (6144 0 -1443 ) (6144 0 29 ) (5587.500000 0 29 ) (5587.500000 0 -1443 ) 
4 151 159 (5120 0 64 ) (5120 0 9978.230469 ) (5008 0 9978.230469 ) (5008 0 64 ) 
4 151 155 (5120 1024 64 ) (5120 0 64 ) (5008 0 64 ) (5008 1024 64 ) 
4 151 153 (5008 1024 64 ) (5008 0 64 ) (5008 0 176 ) (5008 1024 176 ) 
4 151 152 (5008 0 176 ) (5008 0 9978.230469 ) (5008 1024 9978.230469 ) (5008 1024 176 ) 
4 152 160 (5008 0 9978.230469 ) (4976 0 9978.230469 ) (4976 0 176 ) (5008 0 176 ) 
4 152 154 (4976 0 176 ) (4976 0 9978.230469 ) (4976 1024 9978.230469 ) (4976 1024 176 ) 
4 152 153 (4976 0 176 ) (4976 1024 176 ) (5008 1024 176 ) (5008 0 176 ) 
4 153 161 (4976 0 176 ) (4976 0 64 ) (5008 0 64 ) (5008 0 176 ) 
4 153 155 (5008 0 64 ) (4976 0 64 ) (4976 1024 64 ) (5008 1024 64 ) 
4 153 154 (4976 1024 64 ) (4976 0 64 ) (4976 0 176 ) (4976 1024 176 ) 
4 154 194 (4096 0 64 ) (4096 0 9978.230469 ) (4096 1024 9978.230469 ) (4096 1024 64 ) 
4 154 162 (4976 0 9978.230469 ) (4096 0 9978.230469 ) (4096 0 64 ) (4976 0 64 ) 
4 154 155 (4976 0 64 ) (4096 0 64 ) (4096 1024 64 ) (4976 1024 64 ) 
4 155 194 (4096 0 63 ) (4096 0 64 ) (4096 1024 64 ) (4096 1024 63 ) 
4 155 163 (5120 0 63 ) (5120 0 64 ) (4096 0 64 ) (4096 0 63 ) 
4 156 195 (4096 0 -1473 ) (4096 0 26 ) (4096 1024 26 ) (4096 1024 -1473 ) 
4 156 164 (5120 0 -1473 ) (5120 0 26 ) (4096 0 26 ) (4096 0 -1473 ) 
4 157 165 (6144 -1024 59 ) (6144 -1024 9978.230469 ) (5587.500000 -1024 9978.230469 ) (5587.500000 -1024 59 ) 
4 158 166 (6144 -1024 -1443 ) (6144 -1024 29 ) (5587.500000 -1024 29 ) (5587.500000 -1024 -1443 ) 
4 159 167 (5008 -1024 64 ) (5120 -1024 64 ) (5120 -1024 9978.230469 ) (5008 -1024 9978.230469 ) 
4 159 163 (5008 0 64 ) (5120 0 64 ) (5120 -1024 64 ) (5008 -1024 64 ) 
4 159 161 (5008 0 64 ) (5008 -1024 64 ) (5008 -1024 176 ) (5008 0 176 ) 
4 159 160 (5008 -1024 176 ) (5008 -1024 9978.230469 ) (5008 0 9978.230469 ) (5008 0 176 ) 
4 160 168 (5008 -1024 176 ) (5008 -1024 9978.230469 ) (4976 -1024 9978.230469 ) (4976 -1024 176 ) 
4 160 162 (4976 -1024 176 ) (4976 -1024 9978.230469 ) (4976 0 9978.230469 ) (4976 0 176 ) 
4 160 161 (4976 -1024 176 ) (4976 0 176 ) (5008 0 176 ) (5008 -1024 176 ) 
4 161 169 (4976 -1024 64 ) (5008 -1024 64 ) (5008 -1024 176 ) (4976 -1024 176 ) 
4 161 163 (4976 0 64 ) (5008 0 64 ) (5008 -1024 64 ) (4976 -1024 64 ) 
4 161 162 (4976 0 64 ) (4976 -1024 64 ) (4976 -1024 176 ) (4976 0 176 ) 
4 162 198 (4096 -1024 64 ) (4096 -1024 9978.230469 ) (4096 0 9978.230469 ) (4096 0 64 ) 
4 162 170 (4096 -1024 9978.230469 ) (4096 -1024 64 ) (4976 -1024 64 ) (4976 -1024 9978.230469 ) 
4 162 163 (4096 0 64 ) (4976 0 64 ) (4976 -1024 64 ) (4096 -1024 64 ) 
4 163 198 (4096 -1024 63 ) (4096 -1024 64 ) (4096 0 64 ) (4096 0 63 ) 
4 163 171 (4096 -1024 64 ) (4096 -1024 63 ) (5120 -1024 63 ) (5120 -1024 64 ) 
4 164 199 (4096 -1024 -1473 ) (4096 -1024 26 ) (4096 0 26 ) (4096 0 -1473 ) 
4 164 172 (4096 -1024 26 ) (4096 -1024 -1473 ) (5120 -1024 -1473 ) (5120 -1024 26 ) 
4 165 371 (6144 -2048 59 ) (6144 -2048 9978.230469 ) (5587.500000 -2048 9978.230469 ) (5587.500000 -2048 59 ) 
4 166 372 (6144 -2048 -1443 ) (6144 -2048 29 ) (5587.500000 -2048 29 ) (5587.500000 -2048 -1443 ) 
4 167 373 (5120 -2048 64 ) (5120 -2048 9978.230469 ) (5008 -2048 9978.230469 ) (5008 -2048 64 ) 
4 167 171 (5008 -1024 64 ) (5120 -1024 64 ) (5120 -2048 64 ) (5008 -2048 64 ) 
4 167 169 (5008 -1024 64 ) (5008 -2048 64 ) (5008 -2048 176 ) (5008 -1024 176 ) 
4 167 168 (5008 -2048 176 ) (5008 -2048 9978.230469 ) (5008 -1024 9978.230469 ) (5008 -1024 176 ) 
4 168 374 (5008 -2048 9978.230469 ) (4976 -2048 9978.230469 ) (4976 -2048 176 ) (5008 -2048 176 ) 
4 168 170 (4976 -2048 176 ) (4976 -2048 9978.230469 ) (4976 -1024 9978.230469 ) (4976 -1024 176 ) 
4 168 169 (4976 -2048 176 ) (4976 -1024 176 ) (5008 -1024 176 ) (5008 -2048 176 ) 
4 169 375 (4976 -2048 176 ) (4976 -2048 64 ) (5008 -2048 64 ) (5008 -2048 176 ) 
4 169 171 (4976 -1024 64 ) (5008 -1024 64 ) (5008 -2048 64 ) (4976 -2048 64 ) 
4 169 170 (4976 -1024 64 ) (4976 -2048 64 ) (4976 -2048 176 ) (4976 -1024 176 ) 
4 170 376 (4976 -2048 9978.230469 ) (4096 -2048 9978.230469 ) (4096 -2048 64 ) (4976 -2048 64 ) 
4 170 202 (4096 -2048 64 ) (4096 -2048 9978.230469 ) (4096 -1024 9978.230469 ) (4096 -1024 64 ) 
4 170 171 (4096 -2048 64 ) (4096 -1024 64 ) (4976 -1024 64 ) (4976 -2048 64 ) 
4 171 377 (5120 -2048 63 ) (5120 -2048 64 ) (4096 -2048 64 ) (4096 -2048 63 ) 
4 171 202 (4096 -2048 63 ) (4096 -2048 64 ) (4096 -1024 64 ) (4096 -1024 63 ) 
4 172 378 (5120 -2048 -1473 ) (5120 -2048 26 ) (4096 -2048 26 ) (4096 -2048 -1473 ) 
4 172 203 (4096 -2048 -1473 ) (4096 -2048 26 ) (4096 -1024 26 ) (4096 -1024 -1473 ) 
4 173 180 (4096 2048 63 ) (4096 2048 9978.230469 ) (3072 2048 9978.230469 ) (3072 2048 63 ) 
4 173 176 (3072 3072 115 ) (3072 3072 63 ) (3072 2048 63 ) (3072 2048 115 ) 
4 173 175 (3072 3072 9978.230469 ) (3072 3072 115 ) (3072 2048 115 ) (3072 2048 9978.230469 ) 
4 174 181 (4096 2048 -1473 ) (4096 2048 26 ) (3072 2048 26 ) (3072 2048 -1473 ) 
4 174 178 (3072 3072 26 ) (3072 3072 -1473 ) (3072 2048 -1473 ) (3072 2048 26 ) 
4 175 184 (2048 3072 9978.230469 ) (2048 3072 115 ) (2048 2048 115 ) (2048 2048 9978.230469 ) 
4 175 182 (3072 2048 115 ) (3072 2048 9978.230469 ) (2048 2048 9978.230469 ) (2048 2048 115 ) 
4 175 177 (2048 2176 115 ) (2048 3072 115 ) (2176 3072 115 ) (2176 2176 115 ) 
4 175 176 (3072 2048 115 ) (2304 2048 115 ) (2304 3072 115 ) (3072 3072 115 ) 
4 176 182 (3072 2048 63 ) (3072 2048 115 ) (2304 2048 115 ) (2304 2048 63 ) 
4 177 185 (2048 3072 115 ) (2048 3072 63 ) (2048 2176 63 ) (2048 2176 115 ) 
4 177 179 (2048 3072 63 ) (2176 3072 63 ) (2176 2176 63 ) (2048 2176 63 ) 
4 178 183 (3072 2048 -1473 ) (3072 2048 26 ) (2304 2048 26 ) (2304 2048 -1473 ) 
4 179 186 (2048 3072 63 ) (2048 3072 -1473 ) (2048 2176 -1473 ) (2048 2176 63 ) 
4 180 194 (4096 1024 63 ) (4096 1024 9978.230469 ) (3072 1024 9978.230469 ) (3072 1024 63 ) 
4 180 182 (3072 2048 9978.230469 ) (3072 2048 63 ) (3072 1024 63 ) (3072 1024 9978.230469 ) 
4 181 195 (4096 1024 -1473 ) (4096 1024 26 ) (3072 1024 26 ) (3072 1024 -1473 ) 
4 181 183 (3072 2048 26 ) (3072 2048 -1473 ) (3072 1024 -1473 ) (3072 1024 26 ) 
4 182 196 (3072 1024 63 ) (3072 1024 9978.230469 ) (2048 1024 9978.230469 ) (2048 1024 63 ) 
4 182 190 (2048 1024 63 ) (2048 1024 9978.230469 ) (2048 2048 9978.230469 ) (2048 2048 63 ) 
4 183 197 (3072 1024 -1473 ) (3072 1024 26 ) (2048 1024 26 ) (2048 1024 -1473 ) 
4 183 191 (2048 1024 -1473 ) (2048 1024 26 ) (2048 2048 26 ) (2048 2048 -1473 ) 
4 184 190 (2048 2048 115 ) (2048 2048 9978.230469 ) (1024 2048 9978.230469 ) (1024 2048 115 ) 
4 184 187 (1024 3072 9978.230469 ) (1024 3072 115 ) (1024 2048 115 ) (1024 2048 9978.230469 ) 
4 184 185 (1024 2176 115 ) (1024 3072 115 ) (2048 3072 115 ) (2048 2176 115 ) 
4 185 188 (1024 3072 115 ) (1024 3072 63 ) (1024 2176 63 ) (1024 2176 115 ) 
4 185 186 (1024 2176 63 ) (1024 3072 63 ) (2048 3072 63 ) (2048 2176 63 ) 
4 186 189 (1024 3072 63 ) (1024 3072 -1473 ) (1024 2176 -1473 ) (1024 2176 63 ) 
4 187 881 (0 2048 115 ) (0 2048 9978.230469 ) (0 3072 9978.230469 ) (0 3072 115 ) 
4 187 192 (1024 2048 115 ) (1024 2048 9978.230469 ) (0 2048 9978.230469 ) (0 2048 115 ) 
4 187 188 (0 2176 115 ) (0 3072 115 ) (1024 3072 115 ) (1024 2176 115 ) 
4 188 882 (0 2176 115 ) (0 3072 115 ) (0 3072 63 ) (0 2176 63 ) 
4 188 189 (1024 3072 63 ) (1024 2176 63 ) (0 2176 63 ) (0 3072 63 ) 
4 189 883 (0 2176 -1473 ) (0 2176 63 ) (0 3072 63 ) (0 3072 -1473 ) 
4 190 206 (2048 1024 63 ) (2048 1024 9978.230469 ) (1024 1024 9978.230469 ) (1024 1024 63 ) 
4 190 192 (1024 2048 9978.230469 ) (1024 2048 63 ) (1024 1024 63 ) (1024 1024 9978.230469 ) 
4 191 207 (2048 1024 -1473 ) (2048 1024 26 ) (1024 1024 26 ) (1024 1024 -1473 ) 
4 191 193 (1024 2048 26 ) (1024 2048 -1473 ) (1024 1024 -1473 ) (1024 1024 26 ) 
4 192 887 (0 1024 63 ) (0 1024 9978.230469 ) (0 2048 9978.230469 ) (0 2048 63 ) 
4 192 208 (1024 1024 63 ) (1024 1024 9978.230469 ) (0 1024 9978.230469 ) (0 1024 63 ) 
4 193 888 (0 1024 -1473 ) (0 1024 26 ) (0 2048 26 ) (0 2048 -1473 ) 
4 193 209 (1024 1024 -1473 ) (1024 1024 26 ) (0 1024 26 ) (0 1024 -1473 ) 
4 194 198 (4096 0 63 ) (4096 0 9978.230469 ) (3072 0 9978.230469 ) (3072 0 63 ) 
4 194 196 (3072 1024 9978.230469 ) (3072 1024 63 ) (3072 0 63 ) (3072 0 9978.230469 ) 
4 195 199 (4096 0 -1473 ) (4096 0 26 ) (3072 0 26 ) (3072 0 -1473 ) 
4 195 197 (3072 1024 26 ) (3072 1024 -1473 ) (3072 0 -1473 ) (3072 0 26 ) 
4 196 206 (2048 1024 9978.230469 ) (2048 1024 63 ) (2048 0 63 ) (2048 0 9978.230469 ) 
4 196 200 (3072 0 63 ) (3072 0 9978.230469 ) (2048 0 9978.230469 ) (2048 0 63 ) 
4 197 207 (2048 1024 26 ) (2048 1024 -1473 ) (2048 0 -1473 ) (2048 0 26 ) 
4 197 201 (3072 0 -1473 ) (3072 0 26 ) (2048 0 26 ) (2048 0 -1473 ) 
4 198 202 (4096 -1024 63 ) (4096 -1024 9978.230469 ) (3072 -1024 9978.230469 ) (3072 -1024 63 ) 
4 198 200 (3072 -1024 63 ) (3072 -1024 9978.230469 ) (3072 0 9978.230469 ) (3072 0 63 ) 
4 199 203 (4096 -1024 -1473 ) (4096 -1024 26 ) (3072 -1024 26 ) (3072 -1024 -1473 ) 
4 199 201 (3072 -1024 -1473 ) (3072 -1024 26 ) (3072 0 26 ) (3072 0 -1473 ) 
4 200 210 (2048 -1024 63 ) (2048 -1024 9978.230469 ) (2048 0 9978.230469 ) (2048 0 63 ) 
4 200 204 (2048 -1024 9978.230469 ) (2048 -1024 63 ) (3072 -1024 63 ) (3072 -1024 9978.230469 ) 
4 201 211 (2048 -1024 -1473 ) (2048 -1024 26 ) (2048 0 26 ) (2048 0 -1473 ) 
4 201 205 (2048 -1024 26 ) (2048 -1024 -1473 ) (3072 -1024 -1473 ) (3072 -1024 26 ) 
4 202 403 (4096 -2048 63 ) (4096 -2048 9978.230469 ) (3072 -2048 9978.230469 ) (3072 -2048 63 ) 
4 202 204 (3072 -1024 9978.230469 ) (3072 -1024 63 ) (3072 -2048 63 ) (3072 -2048 9978.230469 ) 
4 203 404 (4096 -2048 -1473 ) (4096 -2048 26 ) (3072 -2048 26 ) (3072 -2048 -1473 ) 
4 203 205 (3072 -1024 26 ) (3072 -1024 -1473 ) (3072 -2048 -1473 ) (3072 -2048 26 ) 
4 204 405 (3072 -2048 63 ) (3072 -2048 9978.230469 ) (2048 -2048 9978.230469 ) (2048 -2048 63 ) 
4 204 214 (2048 -2048 63 ) (2048 -2048 9978.230469 ) (2048 -1024 9978.230469 ) (2048 -1024 63 ) 
4 205 406 (3072 -2048 -1473 ) (3072 -2048 26 ) (2048 -2048 26 ) (2048 -2048 -1473 ) 
4 205 215 (2048 -2048 -1473 ) (2048 -2048 26 ) (2048 -1024 26 ) (2048 -1024 -1473 ) 
4 206 210 (2048 0 63 ) (2048 0 9978.230469 ) (1024 0 9978.230469 ) (1024 0 63 ) 
4 206 208 (1024 1024 9978.230469 ) (1024 1024 63 ) (1024 0 63 ) (1024 0 9978.230469 ) 
4 207 211 (2048 0 -1473 ) (2048 0 26 ) (1024 0 26 ) (1024 0 -1473 ) 
4 207 209 (1024 1024 26 ) (1024 1024 -1473 ) (1024 0 -1473 ) (1024 0 26 ) 
4 208 902 (0 0 63 ) (0 0 9978.230469 ) (0 1024 9978.230469 ) (0 1024 63 ) 
4 208 212 (1024 0 63 ) (1024 0 9978.230469 ) (0 0 9978.230469 ) (0 0 63 ) 
4 209 903 (0 0 -1473 ) (0 0 26 ) (0 1024 26 ) (0 1024 -1473 ) 
4 209 213 (1024 0 -1473 ) (1024 0 26 ) (0 0 26 ) (0 0 -1473 ) 
4 210 214 (2048 -1024 63 ) (2048 -1024 9978.230469 ) (1024 -1024 9978.230469 ) (1024 -1024 63 ) 
4 210 212 (1024 -1024 63 ) (1024 -1024 9978.230469 ) (1024 0 9978.230469 ) (1024 0 63 ) 
4 211 215 (2048 -1024 -1473 ) (2048 -1024 26 ) (1024 -1024 26 ) (1024 -1024 -1473 ) 
4 211 213 (1024 -1024 -1473 ) (1024 -1024 26 ) (1024 0 26 ) (1024 0 -1473 ) 
4 212 906 (0 -1024 63 ) (0 -1024 9978.230469 ) (0 0 9978.230469 ) (0 0 63 ) 
4 212 216 (0 -1024 9978.230469 ) (0 -1024 63 ) (1024 -1024 63 ) (1024 -1024 9978.230469 ) 
4 213 907 (0 -1024 -1473 ) (0 -1024 26 ) (0 0 26 ) (0 0 -1473 ) 
4 213 217 (0 -1024 26 ) (0 -1024 -1473 ) (1024 -1024 -1473 ) (1024 -1024 26 ) 
4 214 411 (2048 -2048 63 ) (2048 -2048 9978.230469 ) (1024 -2048 9978.230469 ) (1024 -2048 63 ) 
4 214 216 (1024 -1024 9978.230469 ) (1024 -1024 63 ) (1024 -2048 63 ) (1024 -2048 9978.230469 ) 
4 215 412 (2048 -2048 -1473 ) (2048 -2048 26 ) (1024 -2048 26 ) (1024 -2048 -1473 ) 
4 215 217 (1024 -1024 26 ) (1024 -1024 -1473 ) (1024 -2048 -1473 ) (1024 -2048 26 ) 
4 216 910 (0 -2048 63 ) (0 -2048 9978.230469 ) (0 -1024 9978.230469 ) (0 -1024 63 ) 
4 216 417 (1024 -2048 63 ) (1024 -2048 64 ) (0 -2048 64 ) (0 -2048 63 ) 
4 216 414 (416 -2048 9978.230469 ) (160 -2048 9978.230469 ) (160 -2048 64 ) (416 -2048 64 ) 
4 216 413 (1024 -2048 64 ) (1024 -2048 9978.230469 ) (416 -2048 9978.230469 ) (416 -2048 64 ) 
4 216 416 (160 -2048 9978.230469 ) (0 -2048 9978.230469 ) (0 -2048 64 ) (160 -2048 64 ) 
4 217 911 (0 -2048 -1473 ) (0 -2048 26 ) (0 -1024 26 ) (0 -1024 -1473 ) 
4 217 418 (1024 -2048 -1473 ) (1024 -2048 26 ) (0 -2048 26 ) (0 -2048 -1473 ) 
4 218 222 (14336 -2048 9978.230469 ) (14336 -2048 59 ) (14336 -3072 59 ) (14336 -3072 9978.230469 ) 
4 218 220 (14808.500000 -3072 59 ) (14808.500000 -3072 9978.230469 ) (14336 -3072 9978.230469 ) (14336 -3072 59 ) 
4 219 223 (14336 -2048 29 ) (14336 -2048 -1443 ) (14336 -3072 -1443 ) (14336 -3072 29 ) 
4 219 221 (14808.500000 -3072 -1443 ) (14808.500000 -3072 29 ) (14336 -3072 29 ) (14336 -3072 -1443 ) 
4 220 230 (14808.500000 -4096 59 ) (14808.500000 -4096 9978.230469 ) (14336 -4096 9978.230469 ) (14336 -4096 59 ) 
4 220 226 (14336 -4096 59 ) (14336 -4096 9978.230469 ) (14336 -3072 9978.230469 ) (14336 -3072 59 ) 
4 221 231 (14808.500000 -4096 -1443 ) (14808.500000 -4096 29 ) (14336 -4096 29 ) (14336 -4096 -1443 ) 
4 221 227 (14336 -4096 -1443 ) (14336 -4096 29 ) (14336 -3072 29 ) (14336 -3072 -1443 ) 
4 222 226 (14336 -3072 59 ) (14336 -3072 9978.230469 ) (13312 -3072 9978.230469 ) (13312 -3072 59 ) 
4 222 224 (13312 -2048 9978.230469 ) (13312 -2048 59 ) (13312 -3072 59 ) (13312 -3072 9978.230469 ) 
4 223 227 (14336 -3072 -1443 ) (14336 -3072 29 ) (13312 -3072 29 ) (13312 -3072 -1443 ) 
4 223 225 (13312 -2048 29 ) (13312 -2048 -1443 ) (13312 -3072 -1443 ) (13312 -3072 29 ) 
4 224 236 (12288 -2048 9978.230469 ) (12288 -2048 59 ) (12288 -3072 59 ) (12288 -3072 9978.230469 ) 
4 224 228 (13312 -3072 59 ) (13312 -3072 9978.230469 ) (12288 -3072 9978.230469 ) (12288 -3072 59 ) 
4 225 237 (12288 -2048 29 ) (12288 -2048 -1443 ) (12288 -3072 -1443 ) (12288 -3072 29 ) 
4 225 229 (13312 -3072 -1443 ) (13312 -3072 29 ) (12288 -3072 29 ) (12288 -3072 -1443 ) 
4 226 232 (14336 -4096 59 ) (14336 -4096 9978.230469 ) (13312 -4096 9978.230469 ) (13312 -4096 59 ) 
4 226 228 (13312 -3072 9978.230469 ) (13312 -3072 59 ) (13312 -4096 59 ) (13312 -4096 9978.230469 ) 
4 227 233 (14336 -4096 -1443 ) (14336 -4096 29 ) (13312 -4096 29 ) (13312 -4096 -1443 ) 
4 227 229 (13312 -3072 29 ) (13312 -3072 -1443 ) (13312 -4096 -1443 ) (13312 -4096 29 ) 
4 228 240 (12288 -4096 59 ) (12288 -4096 9978.230469 ) (12288 -3072 9978.230469 ) (12288 -3072 59 ) 
4 228 234 (13312 -4096 59 ) (13312 -4096 9978.230469 ) (12288 -4096 9978.230469 ) (12288 -4096 59 ) 
4 229 241 (12288 -4096 -1443 ) (12288 -4096 29 ) (12288 -3072 29 ) (12288 -3072 -1443 ) 
4 229 235 (13312 -4096 -1443 ) (13312 -4096 29 ) (12288 -4096 29 ) (12288 -4096 -1443 ) 
4 230 232 (14336 -4096 9978.230469 ) (14336 -4096 59 ) (14336 -5120 59 ) (14336 -5120 9978.230469 ) 
4 231 233 (14336 -4096 29 ) (14336 -4096 -1443 ) (14336 -5120 -1443 ) (14336 -5120 29 ) 
4 232 234 (13312 -4096 9978.230469 ) (13312 -4096 59 ) (13312 -5120 59 ) (13312 -5120 9978.230469 ) 
4 233 235 (13312 -4096 29 ) (13312 -4096 -1443 ) (13312 -5120 -1443 ) (13312 -5120 29 ) 
4 234 252 (12288 -5120 59 ) (12288 -5120 9978.230469 ) (12288 -4096 9978.230469 ) (12288 -4096 59 ) 
4 235 253 (12288 -5120 -1443 ) (12288 -5120 29 ) (12288 -4096 29 ) (12288 -4096 -1443 ) 
4 236 240 (12288 -3072 59 ) (12288 -3072 9978.230469 ) (11264 -3072 9978.230469 ) (11264 -3072 59 ) 
4 236 238 (11264 -2048 9978.230469 ) (11264 -2048 59 ) (11264 -3072 59 ) (11264 -3072 9978.230469 ) 
4 237 241 (12288 -3072 -1443 ) (12288 -3072 29 ) (11264 -3072 29 ) (11264 -3072 -1443 ) 
4 237 239 (11264 -2048 29 ) (11264 -2048 -1443 ) (11264 -3072 -1443 ) (11264 -3072 29 ) 
4 238 244 (10240 -2048 9978.230469 ) (10240 -2048 59 ) (10240 -3072 59 ) (10240 -3072 9978.230469 ) 
4 238 242 (11264 -3072 59 ) (11264 -3072 9978.230469 ) (10240 -3072 9978.230469 ) (10240 -3072 59 ) 
4 239 245 (10240 -2048 29 ) (10240 -2048 -1443 ) (10240 -3072 -1443 ) (10240 -3072 29 ) 
4 239 243 (11264 -3072 -1443 ) (11264 -3072 29 ) (10240 -3072 29 ) (10240 -3072 -1443 ) 
4 240 252 (12288 -4096 59 ) (12288 -4096 9978.230469 ) (11264 -4096 9978.230469 ) (11264 -4096 59 ) 
4 240 242 (11264 -3072 9978.230469 ) (11264 -3072 59 ) (11264 -4096 59 ) (11264 -4096 9978.230469 ) 
4 241 253 (12288 -4096 -1443 ) (12288 -4096 29 ) (11264 -4096 29 ) (11264 -4096 -1443 ) 
4 241 243 (11264 -3072 29 ) (11264 -3072 -1443 ) (11264 -4096 -1443 ) (11264 -4096 29 ) 
4 242 274 (10300 -4096 9978.230469 ) (10240 -4096 9978.230469 ) (10240 -4096 59 ) (10300 -4096 59 ) 
4 242 269 (10303 -4096 74 ) (10300 -4096 74 ) (10300 -4096 59 ) (10303 -4096 59 ) 
4 242 268 (11264 -4096 59 ) (11264 -4096 74 ) (10303 -4096 74 ) (10303 -4096 59 ) 
4 242 265 (10303 -4096 9978.230469 ) (10300 -4096 9978.230469 ) (10300 -4096 74 ) (10303 -4096 74 ) 
4 242 261 (10334.201172 -4096 9978.230469 ) (10329.201172 -4096 9978.230469 ) (10329.201172 -4096 74 ) (10334.201172 -4096 74 ) 
4 242 264 (10329.201172 -4096 9978.230469 ) (10303 -4096 9978.230469 ) (10303 -4096 74 ) (10329.201172 -4096 74 ) 
4 242 258 (10424.201172 -4096 79 ) (10334.201172 -4096 79 ) (10334.201172 -4096 74 ) (10424.201172 -4096 74 ) 
4 242 256 (10429.201172 -4096 79 ) (10424.201172 -4096 79 ) (10424.201172 -4096 74 ) (10429.201172 -4096 74 ) 
4 242 255 (11264 -4096 74 ) (11264 -4096 79 ) (10429.201172 -4096 79 ) (10429.201172 -4096 74 ) 
4 242 254 (11264 -4096 79 ) (11264 -4096 9978.230469 ) (10334.201172 -4096 9978.230469 ) (10334.201172 -4096 79 ) 
4 242 248 (10240 -4096 59 ) (10240 -4096 9978.230469 ) (10240 -3072 9978.230469 ) (10240 -3072 59 ) 
4 243 306 (10736.201172 -4096 -1393 ) (10240 -4096 -1393 ) (10240 -4096 -1443 ) (10736.201172 -4096 -1443 ) 
4 243 304 (10770.201172 -4096 -1393 ) (10736.201172 -4096 -1393 ) (10736.201172 -4096 -1443 ) (10770.201172 -4096 -1443 ) 
4 243 303 (11264 -4096 -1443 ) (11264 -4096 -1393 ) (10770.201172 -4096 -1393 ) (10770.201172 -4096 -1443 ) 
4 243 300 (10736.201172 -4096 -1378 ) (10240 -4096 -1378 ) (10240 -4096 -1393 ) (10736.201172 -4096 -1393 ) 
4 243 298 (10770.201172 -4096 -1378 ) (10736.201172 -4096 -1378 ) (10736.201172 -4096 -1393 ) (10770.201172 -4096 -1393 ) 
4 243 297 (11264 -4096 -1393 ) (11264 -4096 -1378 ) (10770.201172 -4096 -1378 ) (10770.201172 -4096 -1393 ) 
4 243 296 (11264 -4096 -1378 ) (11264 -4096 29 ) (10240 -4096 29 ) (10240 -4096 -1378 ) 
4 243 249 (10240 -4096 -1443 ) (10240 -4096 29 ) (10240 -3072 29 ) (10240 -3072 -1443 ) 
4 244 248 (10240 -3072 59 ) (10240 -3072 9978.230469 ) (9216 -3072 9978.230469 ) (9216 -3072 59 ) 
4 244 246 (9216 -2048 9978.230469 ) (9216 -2048 59 ) (9216 -3072 59 ) (9216 -3072 9978.230469 ) 
4 245 249 (10240 -3072 -1443 ) (10240 -3072 29 ) (9216 -3072 29 ) (9216 -3072 -1443 ) 
4 245 247 (9216 -2048 29 ) (9216 -2048 -1443 ) (9216 -3072 -1443 ) (9216 -3072 29 ) 
4 246 363 (8192 -2048 9978.230469 ) (8192 -2048 59 ) (8192 -3072 59 ) (8192 -3072 9978.230469 ) 
4 246 250 (9216 -3072 59 ) (9216 -3072 9978.230469 ) (8192 -3072 9978.230469 ) (8192 -3072 59 ) 
4 247 364 (8192 -2048 29 ) (8192 -2048 -1443 ) (8192 -3072 -1443 ) (8192 -3072 29 ) 
4 247 251 (9216 -3072 -1443 ) (9216 -3072 29 ) (8192 -3072 29 ) (8192 -3072 -1443 ) 
4 248 313 (10240 -4096 59 ) (10240 -4096 174.903000 ) (9216 -4096 174.903000 ) (9216 -4096 59 ) 
4 248 310 (10240 -4096 174.903000 ) (10240 -4096 177.903000 ) (9216 -4096 177.903000 ) (9216 -4096 174.903000 ) 
4 248 309 (10240 -4096 177.903000 ) (10240 -4096 9978.230469 ) (9216 -4096 9978.230469 ) (9216 -4096 177.903000 ) 
4 248 250 (9216 -3072 9978.230469 ) (9216 -3072 59 ) (9216 -4096 59 ) (9216 -4096 9978.230469 ) 
4 249 358 (9736.179688 -4096 -1393 ) (9706.179688 -4096 -1393 ) (9706.179688 -4096 -1443 ) (9736.179688 -4096 -1443 ) 
4 249 360 (9706.179688 -4096 -1393 ) (9216 -4096 -1393 ) (9216 -4096 -1443 ) (9706.179688 -4096 -1443 ) 
4 249 355 (10240 -4096 -1443 ) (10240 -4096 -1393 ) (9736.179688 -4096 -1393 ) (9736.179688 -4096 -1443 ) 
4 249 352 (9736.179688 -4096 -1378 ) (9706.179688 -4096 -1378 ) (9706.179688 -4096 -1393 ) (9736.179688 -4096 -1393 ) 
4 249 354 (9706.179688 -4096 -1378 ) (9216 -4096 -1378 ) (9216 -4096 -1393 ) (9706.179688 -4096 -1393 ) 
4 249 349 (10240 -4096 -1393 ) (10240 -4096 -1378 ) (9736.179688 -4096 -1378 ) (9736.179688 -4096 -1393 ) 
4 249 348 (10240 -4096 -1378 ) (10240 -4096 29 ) (9216 -4096 29 ) (9216 -4096 -1378 ) 
4 249 251 (9216 -3072 29 ) (9216 -3072 -1443 ) (9216 -4096 -1443 ) (9216 -4096 29 ) 
4 250 367 (8192 -4096 59 ) (8192 -4096 9978.230469 ) (8192 -3072 9978.230469 ) (8192 -3072 59 ) 
4 250 361 (9216 -4096 59 ) (9216 -4096 9978.230469 ) (8192 -4096 9978.230469 ) (8192 -4096 59 ) 
4 251 368 (8192 -4096 -1443 ) (8192 -4096 29 ) (8192 -3072 29 ) (8192 -3072 -1443 ) 
4 251 362 (9216 -4096 -1443 ) (9216 -4096 29 ) (8192 -4096 29 ) (8192 -4096 -1443 ) 
4 252 272 (11264 -5007.509766 59 ) (11264 -5120 59 ) (11264 -5120 74 ) (11264 -5007.509766 74 ) 
4 252 270 (11264 -4907.509766 59 ) (11264 -5007.509766 59 ) (11264 -5007.509766 74 ) (11264 -4907.509766 74 ) 
4 252 268 (11264 -4096 74 ) (11264 -4096 59 ) (11264 -4907.509766 59 ) (11264 -4907.509766 74 ) 
4 252 255 (11264 -4096 79 ) (11264 -4096 74 ) (11264 -5120 74 ) (11264 -5120 79 ) 
4 252 254 (11264 -4096 9978.230469 ) (11264 -4096 79 ) (11264 -5120 79 ) (11264 -5120 9978.230469 ) 
4 253 303 (11264 -4096 -1393 ) (11264 -4096 -1443 ) (11264 -5120 -1443 ) (11264 -5120 -1393 ) 
4 253 297 (11264 -4096 -1378 ) (11264 -4096 -1393 ) (11264 -5120 -1393 ) (11264 -5120 -1378 ) 
4 253 296 (11264 -4096 29 ) (11264 -4096 -1378 ) (11264 -5120 -1378 ) (11264 -5120 29 ) 
4 254 262 (10334.201172 -5007.509766 9978.230469 ) (10334.201172 -4907.509766 9978.230469 ) (10334.201172 -4907.509766 79 ) (10334.201172 -5007.509766 79 ) 
4 254 261 (10334.201172 -4907.509766 9978.230469 ) (10334.201172 -4096 9978.230469 ) (10334.201172 -4096 79 ) (10334.201172 -4907.509766 79 ) 
4 254 263 (10334.201172 -5120 79 ) (10334.201172 -5120 9978.230469 ) (10334.201172 -5007.509766 9978.230469 ) (10334.201172 -5007.509766 79 ) 
4 254 260 (10424.201172 -5120 79 ) (10334.201172 -5120 79 ) (10334.201172 -5007.509766 79 ) (10424.201172 -5007.509766 79 ) 
4 254 258 (10334.201172 -4907.509766 79 ) (10334.201172 -4096 79 ) (10424.201172 -4096 79 ) (10424.201172 -4907.509766 79 ) 
4 254 259 (10334.201172 -5002.509766 79 ) (10334.201172 -4912.509766 79 ) (10424.201172 -4912.509766 79 ) (10424.201172 -5002.509766 79 ) 
4 254 256 (10424.201172 -4907.509766 79 ) (10424.201172 -4096 79 ) (10429.201172 -4096 79 ) (10429.201172 -4907.509766 79 ) 
4 254 257 (10429.201172 -5120 79 ) (10424.201172 -5120 79 ) (10424.201172 -5007.509766 79 ) (10429.201172 -5007.509766 79 ) 
4 254 255 (11264 -5120 79 ) (10429.201172 -5120 79 ) (10429.201172 -4096 79 ) (11264 -4096 79 ) 
4 255 272 (11264 -5120 74 ) (10429.201172 -5120 74 ) (10429.201172 -5007.509766 74 ) (11264 -5007.509766 74 ) 
4 255 270 (10429.201172 -5007.509766 74 ) (10429.201172 -4907.509766 74 ) (11264 -4907.509766 74 ) (11264 -5007.509766 74 ) 
4 255 268 (10429.201172 -4907.509766 74 ) (10429.201172 -4096 74 ) (11264 -4096 74 ) (11264 -4907.509766 74 ) 
4 255 256 (10429.201172 -4096 74 ) (10429.201172 -4907.509766 74 ) (10429.201172 -4907.509766 79 ) (10429.201172 -4096 79 ) 
4 255 257 (10429.201172 -5007.509766 74 ) (10429.201172 -5120 74 ) (10429.201172 -5120 79 ) (10429.201172 -5007.509766 79 ) 
4 256 268 (10424.201172 -4907.509766 74 ) (10424.201172 -4096 74 ) (10429.201172 -4096 74 ) (10429.201172 -4907.509766 74 ) 
4 256 258 (10424.201172 -4096 74 ) (10424.201172 -4907.509766 74 ) (10424.201172 -4907.509766 79 ) (10424.201172 -4096 79 ) 
4 257 272 (10429.201172 -5120 74 ) (10424.201172 -5120 74 ) (10424.201172 -5007.509766 74 ) (10429.201172 -5007.509766 74 ) 
4 257 260 (10424.201172 -5007.509766 74 ) (10424.201172 -5120 74 ) (10424.201172 -5120 79 ) (10424.201172 -5007.509766 79 ) 
4 258 268 (10334.201172 -4907.509766 74 ) (10334.201172 -4096 74 ) (10424.201172 -4096 74 ) (10424.201172 -4907.509766 74 ) 
4 258 261 (10334.201172 -4096 74 ) (10334.201172 -4907.509766 74 ) (10334.201172 -4907.509766 79 ) (10334.201172 -4096 79 ) 
4 260 272 (10424.201172 -5120 74 ) (10334.201172 -5120 74 ) (10334.201172 -5007.509766 74 ) (10424.201172 -5007.509766 74 ) 
4 260 263 (10334.201172 -5007.509766 74 ) (10334.201172 -5120 74 ) (10334.201172 -5120 79 ) (10334.201172 -5007.509766 79 ) 
4 261 268 (10329.201172 -4907.509766 74 ) (10329.201172 -4096 74 ) (10334.201172 -4096 74 ) (10334.201172 -4907.509766 74 ) 
4 261 262 (10329.201172 -4907.509766 9978.230469 ) (10329.201172 -4907.509766 79 ) (10334.201172 -4907.509766 79 ) (10334.201172 -4907.509766 9978.230469 ) 
4 261 264 (10329.201172 -4096 74 ) (10329.201172 -4907.509766 74 ) (10329.201172 -4907.509766 9978.230469 ) (10329.201172 -4096 9978.230469 ) 
4 262 264 (10329.201172 -5007.509766 79 ) (10329.201172 -5007.509766 9978.230469 ) (10329.201172 -4907.509766 9978.230469 ) (10329.201172 -4907.509766 79 ) 
4 262 263 (10329.201172 -5007.509766 9978.230469 ) (10329.201172 -5007.509766 79 ) (10334.201172 -5007.509766 79 ) (10334.201172 -5007.509766 9978.230469 ) 
4 263 272 (10334.201172 -5120 74 ) (10329.201172 -5120 74 ) (10329.201172 -5007.509766 74 ) (10334.201172 -5007.509766 74 ) 
4 263 264 (10329.201172 -5007.509766 74 ) (10329.201172 -5120 74 ) (10329.201172 -5120 9978.230469 ) (10329.201172 -5007.509766 9978.230469 ) 
4 264 272 (10329.201172 -5120 74 ) (10303 -5120 74 ) (10303 -5007.509766 74 ) (10329.201172 -5007.509766 74 ) 
4 264 271 (10303 -5007.509766 74 ) (10303 -4907.509766 74 ) (10329.201172 -4907.509766 74 ) (10329.201172 -5007.509766 74 ) 
4 264 268 (10303 -4907.509766 74 ) (10303 -4096 74 ) (10329.201172 -4096 74 ) (10329.201172 -4907.509766 74 ) 
4 264 266 (10303 -5029 115 ) (10303 -5029 9978.230469 ) (10303 -4885 9978.230469 ) (10303 -4885 115 ) 
4 264 265 (10303 -4096 74 ) (10303 -4885 74 ) (10303 -4885 9978.230469 ) (10303 -4096 9978.230469 ) 
4 264 267 (10303 -5029 74 ) (10303 -5120 74 ) (10303 -5120 9978.230469 ) (10303 -5029 9978.230469 ) 
4 265 274 (10300 -4885 9978.230469 ) (10300 -4096 9978.230469 ) (10300 -4096 74 ) (10300 -4885 74 ) 
4 265 269 (10300 -4885 74 ) (10300 -4096 74 ) (10303 -4096 74 ) (10303 -4885 74 ) 
4 265 266 (10303 -4885 115 ) (10303 -4885 9978.230469 ) (10300 -4885 9978.230469 ) (10300 -4885 129.543945 ) 
4 266 294 (10300 -5026 129.544327 ) (10300 -5029 129.544342 ) (10300 -5029 147.393433 ) (10300 -5026 147.393417 ) 
4 266 293 (10300 -5029 147.393433 ) (10300 -5029 174.903000 ) (10300 -5026 174.903000 ) (10300 -5026 147.393417 ) 
4 266 289 (10300 -4888 174.903000 ) (10300 -4888 129.543961 ) (10300 -5026 129.544327 ) (10300 -5026 174.903000 ) 
4 266 287 (10300 -4888 177.903000 ) (10300 -4888 174.903000 ) (10300 -5029 174.903000 ) (10300 -5029 177.903000 ) 
4 266 286 (10300 -5029 9978.230469 ) (10300 -4888 9978.230469 ) (10300 -4888 177.903000 ) (10300 -5029 177.903000 ) 
4 266 284 (10300 -4885 133.192993 ) (10300 -4885 129.543945 ) (10300 -4888 129.543961 ) (10300 -4888 133.192993 ) 
4 266 280 (10300 -4885 139.977997 ) (10300 -4885 133.192993 ) (10300 -4888 133.192993 ) (10300 -4888 139.977997 ) 
4 266 279 (10300 -4885 147.381958 ) (10300 -4885 139.977997 ) (10300 -4888 139.977997 ) (10300 -4888 147.381958 ) 
4 266 278 (10300 -4885 169.091003 ) (10300 -4885 147.381958 ) (10300 -4888 147.381958 ) (10300 -4888 169.091003 ) 
4 266 277 (10300 -4885 174.903000 ) (10300 -4885 169.091003 ) (10300 -4888 169.091003 ) (10300 -4888 174.903000 ) 
4 266 276 (10300 -4885 177.903000 ) (10300 -4885 174.903000 ) (10300 -4888 174.903000 ) (10300 -4888 177.903000 ) 
4 266 275 (10300 -4888 9978.230469 ) (10300 -4885 9978.230469 ) (10300 -4885 177.903000 ) (10300 -4888 177.903000 ) 
4 266 267 (10303 -5029 115 ) (10303 -5029 9978.230469 ) (10300 -5029 9978.230469 ) (10300 -5029 129.543945 ) 
4 267 295 (10300 -5120 74 ) (10300 -5120 174.903000 ) (10300 -5029 174.903000 ) (10300 -5029 74 ) 
4 267 288 (10300 -5120 174.903000 ) (10300 -5120 9978.230469 ) (10300 -5029 9978.230469 ) (10300 -5029 174.903000 ) 
4 267 273 (10303 -5120 74 ) (10300 -5120 74 ) (10300 -5029 74 ) (10303 -5029 74 ) 
4 268 271 (10329.201172 -4907.509766 74 ) (10303 -4907.509766 74 ) (10303 -4907.509766 59 ) (10329.201172 -4907.509766 59 ) 
4 268 270 (11264 -4907.509766 74 ) (10429.201172 -4907.509766 74 ) (10429.201172 -4907.509766 59 ) (11264 -4907.509766 59 ) 
4 268 269 (10303 -4096 59 ) (10303 -4885 59 ) (10303 -4885 74 ) (10303 -4096 74 ) 
4 269 274 (10300 -4096 59 ) (10300 -4885 59 ) (10300 -4885 74 ) (10300 -4096 74 ) 
4 270 272 (11264 -5007.509766 74 ) (10429.201172 -5007.509766 74 ) (10429.201172 -5007.509766 59 ) (11264 -5007.509766 59 ) 
4 271 272 (10329.201172 -5007.509766 74 ) (10303 -5007.509766 74 ) (10303 -5007.509766 59 ) (10329.201172 -5007.509766 59 ) 
4 272 273 (10303 -5029 59 ) (10303 -5120 59 ) (10303 -5120 74 ) (10303 -5029 74 ) 
4 273 295 (10300 -5029 59 ) (10300 -5120 59 ) (10300 -5120 74 ) (10300 -5029 74 ) 
4 274 313 (10240 -4096 174.903000 ) (10240 -4096 59 ) (10240 -4885 59 ) (10240 -4885 174.903000 ) 
4 274 310 (10240 -4096 177.903000 ) (10240 -4096 174.903000 ) (10240 -4885 174.903000 ) (10240 -4885 177.903000 ) 
4 274 309 (10240 -4096 9978.230469 ) (10240 -4096 177.903000 ) (10240 -4885 177.903000 ) (10240 -4885 9978.230469 ) 
3 274 284 (10300 -4885 129.535461 ) (10300 -4885 133.192993 ) (10299.200195 -4885 133.192993 ) 
4 274 285 (10240 -4885 133.192993 ) (10240 -4885 59 ) (10267 -4885 59 ) (10267 -4885 133.192993 ) 
6 274 281 (10240 -4885 169.091003 ) (10240 -4885 139.977997 ) (10241.635742 -4885 139.977997 ) (10249.599609 -4885 149.058685 ) (10249.599609 -4885 161.077911 ) (10240.400391 -4885 169.091003 ) 
4 274 280 (10299.200195 -4885 133.192993 ) (10300 -4885 133.192993 ) (10300 -4885 139.977997 ) (10297.799805 -4885 139.977997 ) 
4 274 279 (10300 -4885 139.977997 ) (10300 -4885 147.381958 ) (10295.500977 -4885 151.110184 ) (10297.804688 -4885 139.977997 ) 
3 274 278 (10300 -4885 147.381958 ) (10300 -4885 169.091003 ) (10273.799805 -4885 169.091003 ) 
4 274 277 (10273.799805 -4885 169.091003 ) (10300 -4885 169.091003 ) (10300 -4885 174.903000 ) (10266.699219 -4885 174.903000 ) 
4 274 276 (10266.700195 -4885 174.903000 ) (10300 -4885 174.903000 ) (10300 -4885 177.903000 ) (10263.099609 -4885 177.903000 ) 
4 274 275 (10240 -4885 9978.230469 ) (10240 -4885 177.903000 ) (10300 -4885 177.903000 ) (10300 -4885 9978.230469 ) 
4 275 309 (10240 -4888 177.903000 ) (10240 -4888 9978.230469 ) (10240 -4885 9978.230469 ) (10240 -4885 177.903000 ) 
4 275 286 (10300 -4888 177.903000 ) (10300 -4888 9978.230469 ) (10240 -4888 9978.230469 ) (10240 -4888 177.903000 ) 
4 275 276 (10300 -4888 177.903000 ) (10263.099609 -4888 177.903000 ) (10263.099609 -4885 177.903000 ) (10300 -4885 177.903000 ) 
4 276 287 (10300 -4888 174.903000 ) (10300 -4888 177.903000 ) (10263.099609 -4888 177.903000 ) (10266.700195 -4888 174.903000 ) 
4 276 277 (10300 -4888 174.903000 ) (10266.700195 -4888 174.903000 ) (10266.700195 -4885 174.903000 ) (10300 -4885 174.903000 ) 
4 277 292 (10290.538086 -4888 174.903000 ) (10288.095703 -4888 174.903000 ) (10289.252930 -4888 169.091003 ) (10291.750977 -4888 169.091003 ) 
4 277 291 (10288.095703 -4888 174.903000 ) (10266.699219 -4888 174.903000 ) (10273.799805 -4888 169.091003 ) (10289.252930 -4888 169.091003 ) 
4 277 289 (10300 -4888 169.091003 ) (10300 -4888 174.903000 ) (10290.538086 -4888 174.903000 ) (10291.750977 -4888 169.091003 ) 
4 277 278 (10300 -4888 169.091003 ) (10273.799805 -4888 169.091003 ) (10273.799805 -4885 169.091003 ) (10300 -4885 169.091003 ) 
4 278 292 (10291.750977 -4888 169.091003 ) (10289.252930 -4888 169.091003 ) (10292.304688 -4888 153.758224 ) (10295.500977 -4888 151.109390 ) 
3 278 291 (10289.252930 -4888 169.091003 ) (10273.799805 -4888 169.091003 ) (10292.304688 -4888 153.758224 ) 
4 278 289 (10300 -4888 147.381958 ) (10300 -4888 169.091003 ) (10291.750977 -4888 169.091003 ) (10295.500977 -4888 151.109390 ) 
4 278 279 (10295.500977 -4885 151.109772 ) (10300 -4885 147.381668 ) (10300 -4888 147.381668 ) (10295.500977 -4888 151.109772 ) 
4 279 289 (10300 -4888 139.977997 ) (10300 -4888 147.381958 ) (10295.500977 -4888 151.110184 ) (10297.804688 -4888 139.977997 ) 
4 279 280 (10300 -4888 139.977997 ) (10297.804688 -4888 139.977997 ) (10297.804688 -4885 139.977997 ) (10300 -4885 139.977997 ) 
4 280 289 (10300 -4888 133.192993 ) (10300 -4888 139.977997 ) (10297.799805 -4888 139.977997 ) (10299.200195 -4888 133.192993 ) 
4 280 284 (10300 -4888 133.192993 ) (10299.200195 -4888 133.192993 ) (10299.200195 -4885 133.192993 ) (10300 -4885 133.192993 ) 
4 281 314 (10240 -4886 169.091003 ) (10240 -4885 169.091003 ) (10240 -4885 139.977997 ) (10240 -4886 139.977997 ) 
6 281 282 (10249.599609 -4886 149.058685 ) (10249.599609 -4886 161.077911 ) (10240.400391 -4886 169.091003 ) (10240 -4886 169.091003 ) (10240 -4886 139.977997 ) (10241.635742 -4886 139.977997 ) 
4 282 315 (10240 -4887 169.091003 ) (10240 -4886 169.091003 ) (10240 -4886 139.977997 ) (10240 -4887 139.977997 ) 
6 282 283 (10249.599609 -4887 149.058685 ) (10249.599609 -4887 161.077911 ) (10240.400391 -4887 169.091003 ) (10240 -4887 169.091003 ) (10240 -4887 139.977997 ) (10241.635742 -4887 139.977997 ) 
4 283 316 (10240 -4888 139.977997 ) (10240 -4888 169.091003 ) (10240 -4887 169.091003 ) (10240 -4887 139.977997 ) 
6 283 290 (10240.400391 -4888 169.091003 ) (10240 -4888 169.091003 ) (10240 -4888 139.977997 ) (10241.635742 -4888 139.977997 ) (10249.599609 -4888 149.058685 ) (10249.599609 -4888 161.077911 ) 
3 284 289 (10300 -4888 129.535461 ) (10300 -4888 133.192993 ) (10299.200195 -4888 133.192993 ) 
4 285 320 (10240 -4885 59 ) (10240 -4888 59 ) (10240 -4888 133.192993 ) (10240 -4885 133.192993 ) 
4 285 290 (10240 -4888 59 ) (10267 -4888 59 ) (10267 -4888 133.192993 ) (10240 -4888 133.192993 ) 
4 286 309 (10240 -5029 9978.230469 ) (10240 -4888 9978.230469 ) (10240 -4888 177.903000 ) (10240 -5029 177.903000 ) 
4 286 287 (10300 -5029 177.903000 ) (10263.099609 -5029 177.903000 ) (10263.099609 -4888 177.903000 ) (10300 -4888 177.903000 ) 
4 286 288 (10300 -5029 177.903000 ) (10300 -5029 9978.230469 ) (10240 -5029 9978.230469 ) (10240 -5029 177.903000 ) 
4 287 293 (10300 -5026 174.903000 ) (10300 -5029 174.903000 ) (10266.700195 -5029 174.903000 ) (10266.700195 -5026 174.903000 ) 
4 287 292 (10288.095703 -4888 174.903000 ) (10290.538086 -4888 174.903000 ) (10290.538086 -5026 174.903000 ) (10288.095703 -5026 174.903000 ) 
4 287 291 (10266.700195 -4888 174.903000 ) (10288.095703 -4888 174.903000 ) (10288.095703 -5026 174.903000 ) (10266.700195 -5026 174.903000 ) 
4 287 289 (10290.538086 -4888 174.903000 ) (10300 -4888 174.903000 ) (10300 -5026 174.903000 ) (10290.538086 -5026 174.903000 ) 
4 287 288 (10266.700195 -5029 174.903000 ) (10300 -5029 174.903000 ) (10300 -5029 177.903000 ) (10263.099609 -5029 177.903000 ) 
4 288 312 (10240 -5120 174.903000 ) (10240 -5120 177.903000 ) (10240 -5029 177.903000 ) (10240 -5029 174.903000 ) 
4 288 309 (10240 -5120 177.903000 ) (10240 -5120 9978.230469 ) (10240 -5029 9978.230469 ) (10240 -5029 177.903000 ) 
4 288 295 (10240 -5120 174.903000 ) (10240 -5029 174.903000 ) (10300 -5029 174.903000 ) (10300 -5120 174.903000 ) 
3 289 294 (10300 -5026 129.545074 ) (10300 -5026 147.393097 ) (10295.501953 -5026 151.109467 ) 
4 289 293 (10300 -5026 147.393097 ) (10300 -5026 174.903000 ) (10290.538086 -5026 174.903000 ) (10295.501953 -5026 151.109467 ) 
4 289 292 (10295.499023 -5026 151.112427 ) (10290.536133 -5026 174.903000 ) (10290.536133 -4888 174.903000 ) (10295.498047 -4888 151.114044 ) 
4 290 326 (10240 -4888 59 ) (10240 -5026 59 ) (10240 -5026 174.903000 ) (10240 -4888 174.903000 ) 
3 291 293 (10288.095703 -5026 174.903000 ) (10266.699219 -5026 174.903000 ) (10292.299805 -5026 153.780792 ) 
4 291 292 (10292.299805 -4888 153.780396 ) (10288.096680 -4888 174.903000 ) (10288.096680 -5026 174.903000 ) (10292.299805 -5026 153.780411 ) 
4 292 293 (10295.500977 -5026 151.110367 ) (10290.538086 -5026 174.903000 ) (10288.095703 -5026 174.903000 ) (10292.298828 -5026 153.783875 ) 
4 293 294 (10300 -5029 147.394531 ) (10295.500000 -5029 151.112106 ) (10295.500977 -5026 151.109634 ) (10300 -5026 147.392670 ) 
3 293 295 (10300 -5029 147.393463 ) (10300 -5029 174.903000 ) (10266.700195 -5029 174.903000 ) 
3 294 295 (10300 -5029 129.535904 ) (10300 -5029 147.393463 ) (10295.500000 -5029 151.111313 ) 
4 295 330 (10240 -5029 59 ) (10240 -5120 59 ) (10240 -5120 174.903000 ) (10240 -5029 174.903000 ) 
4 296 348 (10240 -4096 29 ) (10240 -4096 -1378 ) (10240 -5120 -1378 ) (10240 -5120 29 ) 
4 296 301 (10736.201172 -4457 -1378 ) (10736.201172 -4957 -1378 ) (10240 -4957 -1378 ) (10240 -4457 -1378 ) 
4 296 302 (10736.201172 -4989 -1378 ) (10736.201172 -5120 -1378 ) (10240 -5120 -1378 ) (10240 -4989 -1378 ) 
4 296 300 (10240 -4096 -1378 ) (10736.201172 -4096 -1378 ) (10736.201172 -4425 -1378 ) (10240 -4425 -1378 ) 
4 296 298 (10736.201172 -4096 -1378 ) (10770.201172 -4096 -1378 ) (10770.201172 -4425 -1378 ) (10736.201172 -4425 -1378 ) 
4 296 299 (10770.201172 -4989 -1378 ) (10770.201172 -5120 -1378 ) (10736.201172 -5120 -1378 ) (10736.201172 -4989 -1378 ) 
4 296 297 (10770.201172 -4096 -1378 ) (11264 -4096 -1378 ) (11264 -5120 -1378 ) (10770.201172 -5120 -1378 ) 
4 297 303 (10770.201172 -4096 -1393 ) (11264 -4096 -1393 ) (11264 -5120 -1393 ) (10770.201172 -5120 -1393 ) 
4 297 298 (10770.201172 -4096 -1393 ) (10770.201172 -4425 -1393 ) (10770.201172 -4425 -1378 ) (10770.201172 -4096 -1378 ) 
4 297 299 (10770.201172 -4989 -1393 ) (10770.201172 -5120 -1393 ) (10770.201172 -5120 -1378 ) (10770.201172 -4989 -1378 ) 
4 298 304 (10736.201172 -4096 -1393 ) (10770.201172 -4096 -1393 ) (10770.201172 -4425 -1393 ) (10736.201172 -4425 -1393 ) 
4 298 300 (10736.201172 -4096 -1393 ) (10736.201172 -4425 -1393 ) (10736.201172 -4425 -1378 ) (10736.201172 -4096 -1378 ) 
4 299 305 (10770.201172 -4989 -1393 ) (10770.201172 -5120 -1393 ) (10736.201172 -5120 -1393 ) (10736.201172 -4989 -1393 ) 
4 299 302 (10736.201172 -4989 -1393 ) (10736.201172 -5120 -1393 ) (10736.201172 -5120 -1378 ) (10736.201172 -4989 -1378 ) 
4 300 349 (10240 -4096 -1378 ) (10240 -4096 -1393 ) (10240 -4425 -1393 ) (10240 -4425 -1378 ) 
4 300 306 (10240 -4096 -1393 ) (10736.201172 -4096 -1393 ) (10736.201172 -4425 -1393 ) (10240 -4425 -1393 ) 
4 301 350 (10240 -4457 -1393 ) (10240 -4957 -1393 ) (10240 -4957 -1378 ) (10240 -4457 -1378 ) 
4 301 307 (10736.201172 -4457 -1393 ) (10736.201172 -4957 -1393 ) (10240 -4957 -1393 ) (10240 -4457 -1393 ) 
4 302 351 (10240 -4989 -1393 ) (10240 -5120 -1393 ) (10240 -5120 -1378 ) (10240 -4989 -1378 ) 
4 302 308 (10736.201172 -4989 -1393 ) (10736.201172 -5120 -1393 ) (10240 -5120 -1393 ) (10240 -4989 -1393 ) 
4 303 304 (10770.201172 -4096 -1443 ) (10770.201172 -4425 -1443 ) (10770.201172 -4425 -1393 ) (10770.201172 -4096 -1393 ) 
4 303 305 (10770.201172 -4989 -1443 ) (10770.201172 -5120 -1443 ) (10770.201172 -5120 -1393 ) (10770.201172 -4989 -1393 ) 
4 304 306 (10736.201172 -4096 -1443 ) (10736.201172 -4425 -1443 ) (10736.201172 -4425 -1393 ) (10736.201172 -4096 -1393 ) 
4 305 308 (10736.201172 -4989 -1443 ) (10736.201172 -5120 -1443 ) (10736.201172 -5120 -1393 ) (10736.201172 -4989 -1393 ) 
4 306 355 (10240 -4096 -1393 ) (10240 -4096 -1443 ) (10240 -4425 -1443 ) (10240 -4425 -1393 ) 
4 307 356 (10240 -4457 -1443 ) (10240 -4957 -1443 ) (10240 -4957 -1393 ) (10240 -4457 -1393 ) 
4 308 357 (10240 -4989 -1443 ) (10240 -5120 -1443 ) (10240 -5120 -1393 ) (10240 -4989 -1393 ) 
4 309 361 (9216 -4096 9978.230469 ) (9216 -4096 177.903000 ) (9216 -5120 177.903000 ) (9216 -5120 9978.230469 ) 
4 309 311 (9216 -5029 177.903000 ) (9216 -4885 177.903000 ) (10206.911133 -4885 177.903000 ) (10206.911133 -5029 177.903000 ) 
4 309 310 (9216 -4885 177.903000 ) (9216 -4096 177.903000 ) (10240 -4096 177.903000 ) (10240 -4885 177.903000 ) 
4 309 312 (10240 -5120 177.903000 ) (9216 -5120 177.903000 ) (9216 -5029 177.903000 ) (10240 -5029 177.903000 ) 
4 310 361 (9216 -4096 177.903000 ) (9216 -4096 174.903000 ) (9216 -4885 174.903000 ) (9216 -4885 177.903000 ) 
4 310 313 (9216 -4885 174.903000 ) (9216 -4096 174.903000 ) (10240 -4096 174.903000 ) (10240 -4885 174.903000 ) 
4 310 311 (9216 -4885 174.903000 ) (10203.311523 -4885 174.903000 ) (10206.911133 -4885 177.903000 ) (9216 -4885 177.903000 ) 
4 311 361 (9216 -4885 174.903000 ) (9216 -5029 174.903000 ) (9216 -5029 177.903000 ) (9216 -4885 177.903000 ) 
4 311 342 (10043.599609 -4907.419922 174.903000 ) (10043.599609 -5007.419922 174.903000 ) (10038.599609 -5007.419922 174.903000 ) (10038.599609 -4907.419922 174.903000 ) 
4 311 341 (10038.599609 -4888 174.903000 ) (10043.599609 -4888 174.903000 ) (10043.599609 -4907.419922 174.903000 ) (10038.599609 -4907.419922 174.903000 ) 
4 311 343 (10043.599609 -5007.419922 174.903000 ) (10043.599609 -5029 174.903000 ) (10038.599609 -5029 174.903000 ) (10038.599609 -5007.419922 174.903000 ) 
4 311 344 (9216 -5029 174.903000 ) (9216 -4888 174.903000 ) (10038.599609 -4888 174.903000 ) (10038.599609 -5029 174.903000 ) 
4 311 337 (10043.599609 -4888 174.903000 ) (10133.599609 -4888 174.903000 ) (10133.599609 -5029 174.903000 ) (10043.599609 -5029 174.903000 ) 
4 311 335 (10138.599609 -4907.419922 174.903000 ) (10138.599609 -5007.419922 174.903000 ) (10133.599609 -5007.419922 174.903000 ) (10133.599609 -4907.419922 174.903000 ) 
4 311 334 (10133.599609 -4888 174.903000 ) (10138.599609 -4888 174.903000 ) (10138.599609 -4907.419922 174.903000 ) (10133.599609 -4907.419922 174.903000 ) 
4 311 336 (10138.599609 -5007.419922 174.903000 ) (10138.599609 -5029 174.903000 ) (10133.599609 -5029 174.903000 ) (10133.599609 -5007.419922 174.903000 ) 
4 311 331 (10167 -4888 174.903000 ) (10170 -4888 174.903000 ) (10170 -5029 174.903000 ) (10167 -5029 174.903000 ) 
4 311 333 (10138.599609 -4888 174.903000 ) (10167 -4888 174.903000 ) (10167 -5029 174.903000 ) (10138.599609 -5029 174.903000 ) 
4 311 329 (10203.311523 -5026 174.903000 ) (10203.311523 -5029 174.903000 ) (10179.465820 -5029 174.903000 ) (10179.465820 -5026 174.903000 ) 
4 311 328 (10179.465820 -5029 174.903000 ) (10170 -5029 174.903000 ) (10170 -5026 174.903000 ) (10179.465820 -5026 174.903000 ) 
4 311 327 (10202.898438 -4888 174.903000 ) (10203.311523 -4888 174.903000 ) (10203.311523 -5026 174.903000 ) (10202.902344 -5026 174.903000 ) 
4 311 325 (10179.463867 -4888 174.903000 ) (10202.898438 -4888 174.903000 ) (10202.902344 -5026 174.903000 ) (10179.463867 -5026 174.903000 ) 
4 311 324 (10170 -4888 174.903000 ) (10179.463867 -4888 174.903000 ) (10179.463867 -5026 174.903000 ) (10170 -5026 174.903000 ) 
4 311 317 (9216 -4888 174.903000 ) (9216 -4885 174.903000 ) (10203.311523 -4885 174.903000 ) (10203.311523 -4888 174.903000 ) 
4 311 312 (9216 -5029 174.903000 ) (10203.311523 -5029 174.903000 ) (10206.911133 -5029 177.903000 ) (9216 -5029 177.903000 ) 
4 312 361 (9216 -5029 174.903000 ) (9216 -5120 174.903000 ) (9216 -5120 177.903000 ) (9216 -5029 177.903000 ) 
4 312 343 (10038.599609 -5029 174.903000 ) (10043.599609 -5029 174.903000 ) (10043.599609 -5120 174.903000 ) (10038.599609 -5120 174.903000 ) 
4 312 344 (9216 -5120 174.903000 ) (9216 -5029 174.903000 ) (10038.599609 -5029 174.903000 ) (10038.599609 -5120 174.903000 ) 
4 312 337 (10043.599609 -5029 174.903000 ) (10133.599609 -5029 174.903000 ) (10133.599609 -5120 174.903000 ) (10043.599609 -5120 174.903000 ) 
4 312 336 (10133.599609 -5029 174.903000 ) (10138.599609 -5029 174.903000 ) (10138.599609 -5120 174.903000 ) (10133.599609 -5120 174.903000 ) 
4 312 332 (10167 -5029 174.903000 ) (10170 -5029 174.903000 ) (10170 -5120 174.903000 ) (10167 -5120 174.903000 ) 
4 312 333 (10138.599609 -5029 174.903000 ) (10167 -5029 174.903000 ) (10167 -5120 174.903000 ) (10138.599609 -5120 174.903000 ) 
4 312 330 (10170 -5029 174.903000 ) (10240 -5029 174.903000 ) (10240 -5120 174.903000 ) (10170 -5120 174.903000 ) 
4 313 361 (9216 -4096 174.903000 ) (9216 -4096 59 ) (9216 -4885 59 ) (9216 -4885 174.903000 ) 
4 313 322 (10170 -4885 129.520309 ) (10170 -4885 133.192993 ) (10167 -4885 133.192993 ) (10167 -4885 114.984222 ) 
4 313 323 (9216 -4885 59 ) (10167 -4885 59 ) (10167 -4885 133.192993 ) (9216 -4885 133.192993 ) 
3 313 321 (10170.799805 -4885 133.192993 ) (10170 -4885 133.192993 ) (10170 -4885 129.537262 ) 
4 313 320 (10203 -4885 59 ) (10240 -4885 59 ) (10240 -4885 133.192993 ) (10203 -4885 133.192993 ) 
4 313 319 (10174.515625 -4885 151.182587 ) (10174.234375 -4885 150.949814 ) (10172.099609 -4885 139.912994 ) (10172.103516 -4885 139.912994 ) 
3 313 318 (10174.234375 -4885 150.949814 ) (10152.762695 -4885 133.192993 ) (10170.799805 -4885 133.192993 ) 
4 313 317 (10203.199219 -4885 174.903000 ) (9216 -4885 174.903000 ) (9216 -4885 133.192993 ) (10152.762695 -4885 133.192993 ) 
6 313 314 (10240 -4885 139.977997 ) (10240 -4885 169.067001 ) (10228.325195 -4885 169.067001 ) (10220.400391 -4885 159.953583 ) (10220.400391 -4885 147.892868 ) (10229.500000 -4885 139.977997 ) 
6 314 315 (10240 -4886 169.067001 ) (10228.324219 -4886 169.067001 ) (10220.400391 -4886 159.954605 ) (10220.400391 -4886 147.892731 ) (10229.499023 -4886 139.977997 ) (10240 -4886 139.977997 ) 
6 315 316 (10240 -4887 169.067001 ) (10228.324219 -4887 169.067001 ) (10220.400391 -4887 159.954605 ) (10220.400391 -4887 147.892731 ) (10229.499023 -4887 139.977997 ) (10240 -4887 139.977997 ) 
6 316 326 (10240 -4888 139.977997 ) (10240 -4888 169.067001 ) (10228.325195 -4888 169.067001 ) (10220.400391 -4888 159.953583 ) (10220.400391 -4888 147.892868 ) (10229.500000 -4888 139.977997 ) 
4 317 361 (9216 -4888 133.192993 ) (9216 -4888 174.903000 ) (9216 -4885 174.903000 ) (9216 -4885 133.192993 ) 
4 317 341 (10043.599609 -4888 174.903000 ) (10038.599609 -4888 174.903000 ) (10038.599609 -4888 133.192993 ) (10043.599609 -4888 133.192993 ) 
4 317 344 (10038.599609 -4888 174.903000 ) (9216 -4888 174.903000 ) (9216 -4888 133.192993 ) (10038.599609 -4888 133.192993 ) 
4 317 337 (10133.599609 -4888 174.903000 ) (10043.599609 -4888 174.903000 ) (10043.599609 -4888 133.192993 ) (10133.599609 -4888 133.192993 ) 
4 317 334 (10138.599609 -4888 174.903000 ) (10133.599609 -4888 174.903000 ) (10133.599609 -4888 133.192993 ) (10138.599609 -4888 133.192993 ) 
4 317 331 (10170 -4888 174.903000 ) (10167 -4888 174.903000 ) (10167 -4888 144.966965 ) (10170 -4888 147.447906 ) 
5 317 333 (10167 -4888 174.903000 ) (10138.599609 -4888 174.903000 ) (10138.599609 -4888 133.192993 ) (10152.762695 -4888 133.192993 ) (10167 -4888 144.966965 ) 
3 317 327 (10203.199219 -4888 174.903000 ) (10202.898438 -4888 174.903000 ) (10179.875000 -4888 155.614975 ) 
4 317 325 (10202.898438 -4888 174.903000 ) (10179.463867 -4888 174.903000 ) (10174.515625 -4888 151.182632 ) (10179.875000 -4888 155.614975 ) 
4 317 324 (10179.463867 -4888 174.903000 ) (10170 -4888 174.903000 ) (10170 -4888 147.447906 ) (10174.515625 -4888 151.182632 ) 
4 317 323 (10152.762695 -4888 133.192993 ) (9216 -4888 133.192993 ) (9216 -4885 133.192993 ) (10152.762695 -4885 133.192993 ) 
4 317 319 (10174.234375 -4885 150.950928 ) (10174.515625 -4885 151.183716 ) (10174.515625 -4888 151.183716 ) (10174.234375 -4888 150.950928 ) 
4 317 318 (10152.760742 -4888 133.192993 ) (10152.760742 -4885 133.192993 ) (10174.234375 -4885 150.950928 ) (10174.234375 -4888 150.950928 ) 
4 318 331 (10170 -4888 147.448044 ) (10167 -4888 144.967072 ) (10167 -4888 133.192993 ) (10170 -4888 133.192993 ) 
3 318 333 (10167 -4888 144.967072 ) (10152.762695 -4888 133.192993 ) (10167 -4888 133.192993 ) 
4 318 324 (10174.234375 -4888 150.949814 ) (10170 -4888 147.448044 ) (10170 -4888 133.192993 ) (10170.799805 -4888 133.192993 ) 
4 318 322 (10170 -4888 133.192993 ) (10167 -4888 133.192993 ) (10167 -4885 133.192993 ) (10170 -4885 133.192993 ) 
4 318 323 (10167 -4888 133.192993 ) (10152.762695 -4888 133.192993 ) (10152.762695 -4885 133.192993 ) (10167 -4885 133.192993 ) 
4 318 321 (10170.799805 -4888 133.192993 ) (10170 -4888 133.192993 ) (10170 -4885 133.192993 ) (10170.799805 -4885 133.192993 ) 
4 318 319 (10172.100586 -4885 139.912994 ) (10174.234375 -4885 150.947418 ) (10174.234375 -4888 150.947418 ) (10172.100586 -4888 139.912994 ) 
4 319 324 (10174.515625 -4888 151.182587 ) (10174.234375 -4888 150.949814 ) (10172.099609 -4888 139.912994 ) (10172.103516 -4888 139.912994 ) 
4 320 326 (10203 -4888 59 ) (10240 -4888 59 ) (10240 -4888 133.192993 ) (10203 -4888 133.192993 ) 
3 321 324 (10170.799805 -4888 133.192993 ) (10170 -4888 133.192993 ) (10170 -4888 129.537262 ) 
4 321 322 (10170 -4888 129.537262 ) (10170 -4888 133.192993 ) (10170 -4885 133.192993 ) (10170 -4885 129.537262 ) 
4 322 331 (10170 -4888 129.520309 ) (10170 -4888 133.192993 ) (10167 -4888 133.192993 ) (10167 -4888 114.984222 ) 
4 322 323 (10167 -4888 114.984222 ) (10167 -4888 133.192993 ) (10167 -4885 133.192993 ) (10167 -4885 114.984222 ) 
4 323 361 (9216 -4885 59 ) (9216 -4888 59 ) (9216 -4888 133.192993 ) (9216 -4885 133.192993 ) 
4 323 345 (9216 -4888 59 ) (10133.599609 -4888 59 ) (10133.599609 -4888 74 ) (9216 -4888 74 ) 
4 323 341 (10043.599609 -4888 133.192993 ) (10038.599609 -4888 133.192993 ) (10038.599609 -4888 74 ) (10043.599609 -4888 74 ) 
4 323 344 (10038.599609 -4888 133.192993 ) (9216 -4888 133.192993 ) (9216 -4888 74 ) (10038.599609 -4888 74 ) 
4 323 338 (10133.599609 -4888 74 ) (10133.599609 -4888 79 ) (10043.599609 -4888 79 ) (10043.599609 -4888 74 ) 
4 323 337 (10133.599609 -4888 79 ) (10133.599609 -4888 133.192993 ) (10043.599609 -4888 133.192993 ) (10043.599609 -4888 79 ) 
4 323 334 (10133.599609 -4888 59 ) (10138.599609 -4888 59 ) (10138.599609 -4888 133.192993 ) (10133.599609 -4888 133.192993 ) 
4 323 333 (10138.599609 -4888 59 ) (10167 -4888 59 ) (10167 -4888 133.192993 ) (10138.599609 -4888 133.192993 ) 
4 324 331 (10170 -4888 174.903000 ) (10170 -4888 129.535522 ) (10170 -5026 129.535522 ) (10170 -5026 174.903000 ) 
3 324 328 (10170 -5026 174.903000 ) (10170 -5026 129.535522 ) (10179.463867 -5026 174.903000 ) 
4 324 325 (10179.462891 -5026 174.903000 ) (10174.499023 -5026 151.108368 ) (10174.500000 -4888 151.111664 ) (10179.462891 -4888 174.903000 ) 
3 325 329 (10202.902344 -5026 174.903000 ) (10179.463867 -5026 174.903000 ) (10174.500000 -5026 151.108902 ) 
4 325 327 (10202.898438 -5026 174.903000 ) (10177.700195 -5026 153.790512 ) (10177.700195 -4888 153.793457 ) (10202.897461 -4888 174.903000 ) 
4 327 329 (10203.299805 -5026 174.903000 ) (10202.902344 -5026 174.903000 ) (10177.700195 -5026 153.789948 ) (10177.697266 -5026 153.774048 ) 
4 328 331 (10170 -5029 129.541962 ) (10170 -5029 174.903000 ) (10170 -5026 174.903000 ) (10170 -5026 129.541962 ) 
4 328 329 (10179.462891 -5029 174.903000 ) (10174.499023 -5029 151.111588 ) (10174.498047 -5026 151.111221 ) (10179.462891 -5026 174.903000 ) 
3 328 330 (10170 -5029 174.903000 ) (10170 -5029 129.541962 ) (10179.464844 -5029 174.903000 ) 
3 329 330 (10203.299805 -5029 174.903000 ) (10179.464844 -5029 174.903000 ) (10174.500977 -5029 151.113663 ) 
4 330 332 (10170 -5029 59 ) (10170 -5120 59 ) (10170 -5120 174.903000 ) (10170 -5029 174.903000 ) 
4 331 332 (10167 -5029 174.903000 ) (10167 -5029 114.984665 ) (10170 -5029 129.520874 ) (10170 -5029 174.903000 ) 
4 331 333 (10167 -4888 174.903000 ) (10167 -4888 114.984665 ) (10167 -5029 114.984665 ) (10167 -5029 174.903000 ) 
4 332 333 (10167 -5029 59 ) (10167 -5120 59 ) (10167 -5120 174.903000 ) (10167 -5029 174.903000 ) 
4 333 335 (10138.599609 -5007.419922 79 ) (10138.599609 -5007.419922 174.903000 ) (10138.599609 -4907.419922 174.903000 ) (10138.599609 -4907.419922 79 ) 
4 333 334 (10138.599609 -4888 174.903000 ) (10138.599609 -4888 59 ) (10138.599609 -4907.419922 59 ) (10138.599609 -4907.419922 174.903000 ) 
4 333 336 (10138.599609 -5007.419922 59 ) (10138.599609 -5120 59 ) (10138.599609 -5120 174.903000 ) (10138.599609 -5007.419922 174.903000 ) 
4 334 345 (10133.599609 -4888 74 ) (10133.599609 -4888 59 ) (10133.599609 -4907.419922 59 ) (10133.599609 -4907.419922 74 ) 
4 334 338 (10133.599609 -4888 79 ) (10133.599609 -4888 74 ) (10133.599609 -4907.419922 74 ) (10133.599609 -4907.419922 79 ) 
4 334 337 (10133.599609 -4888 174.903000 ) (10133.599609 -4888 79 ) (10133.599609 -4907.419922 79 ) (10133.599609 -4907.419922 174.903000 ) 
4 334 335 (10133.599609 -4907.419922 174.903000 ) (10133.599609 -4907.419922 79 ) (10138.599609 -4907.419922 79 ) (10138.599609 -4907.419922 174.903000 ) 
4 335 337 (10133.599609 -5007.419922 79 ) (10133.599609 -5007.419922 174.903000 ) (10133.599609 -4907.419922 174.903000 ) (10133.599609 -4907.419922 79 ) 
4 335 336 (10133.599609 -5007.419922 174.903000 ) (10133.599609 -5007.419922 79 ) (10138.599609 -5007.419922 79 ) (10138.599609 -5007.419922 174.903000 ) 
4 336 347 (10133.599609 -5007.419922 59 ) (10133.599609 -5120 59 ) (10133.599609 -5120 74 ) (10133.599609 -5007.419922 74 ) 
4 336 340 (10133.599609 -5120 74 ) (10133.599609 -5120 79 ) (10133.599609 -5007.419922 79 ) (10133.599609 -5007.419922 74 ) 
4 336 337 (10133.599609 -5120 79 ) (10133.599609 -5120 174.903000 ) (10133.599609 -5007.419922 174.903000 ) (10133.599609 -5007.419922 79 ) 
4 337 342 (10043.599609 -4907.419922 79 ) (10043.599609 -5007.419922 79 ) (10043.599609 -5007.419922 174.903000 ) (10043.599609 -4907.419922 174.903000 ) 
4 337 341 (10043.599609 -4888 174.903000 ) (10043.599609 -4888 79 ) (10043.599609 -4907.419922 79 ) (10043.599609 -4907.419922 174.903000 ) 
4 337 343 (10043.599609 -5007.419922 79 ) (10043.599609 -5120 79 ) (10043.599609 -5120 174.903000 ) (10043.599609 -5007.419922 174.903000 ) 
4 337 340 (10043.599609 -5120 79 ) (10043.599609 -5007.419922 79 ) (10133.599609 -5007.419922 79 ) (10133.599609 -5120 79 ) 
4 337 338 (10043.599609 -4907.419922 79 ) (10043.599609 -4888 79 ) (10133.599609 -4888 79 ) (10133.599609 -4907.419922 79 ) 
4 337 339 (10043.599609 -5002.419922 79 ) (10043.599609 -4912.419922 79 ) (10133.599609 -4912.419922 79 ) (10133.599609 -5002.419922 79 ) 
4 338 345 (10043.599609 -4888 74 ) (10133.599609 -4888 74 ) (10133.599609 -4907.419922 74 ) (10043.599609 -4907.419922 74 ) 
4 338 341 (10043.599609 -4888 79 ) (10043.599609 -4888 74 ) (10043.599609 -4907.419922 74 ) (10043.599609 -4907.419922 79 ) 
4 340 347 (10133.599609 -5007.419922 74 ) (10133.599609 -5120 74 ) (10043.599609 -5120 74 ) (10043.599609 -5007.419922 74 ) 
4 340 343 (10043.599609 -5007.419922 74 ) (10043.599609 -5120 74 ) (10043.599609 -5120 79 ) (10043.599609 -5007.419922 79 ) 
4 341 345 (10038.599609 -4888 74 ) (10043.599609 -4888 74 ) (10043.599609 -4907.419922 74 ) (10038.599609 -4907.419922 74 ) 
4 341 342 (10038.599609 -4907.419922 174.903000 ) (10038.599609 -4907.419922 79 ) (10043.599609 -4907.419922 79 ) (10043.599609 -4907.419922 174.903000 ) 
4 341 344 (10038.599609 -4888 174.903000 ) (10038.599609 -4888 74 ) (10038.599609 -4907.419922 74 ) (10038.599609 -4907.419922 174.903000 ) 
4 342 344 (10038.599609 -5007.419922 79 ) (10038.599609 -5007.419922 174.903000 ) (10038.599609 -4907.419922 174.903000 ) (10038.599609 -4907.419922 79 ) 
4 342 343 (10038.599609 -5007.419922 174.903000 ) (10038.599609 -5007.419922 79 ) (10043.599609 -5007.419922 79 ) (10043.599609 -5007.419922 174.903000 ) 
4 343 347 (10043.599609 -5007.419922 74 ) (10043.599609 -5120 74 ) (10038.599609 -5120 74 ) (10038.599609 -5007.419922 74 ) 
4 343 344 (10038.599609 -5007.419922 74 ) (10038.599609 -5120 74 ) (10038.599609 -5120 174.903000 ) (10038.599609 -5007.419922 174.903000 ) 
4 344 361 (9216 -5120 74 ) (9216 -5120 174.903000 ) (9216 -4888 174.903000 ) (9216 -4888 74 ) 
4 344 346 (9216 -5007.419922 74 ) (9216 -4907.419922 74 ) (10038.599609 -4907.419922 74 ) (10038.599609 -5007.419922 74 ) 
4 344 345 (9216 -4907.419922 74 ) (9216 -4888 74 ) (10038.599609 -4888 74 ) (10038.599609 -4907.419922 74 ) 
4 344 347 (9216 -5120 74 ) (9216 -5007.419922 74 ) (10038.599609 -5007.419922 74 ) (10038.599609 -5120 74 ) 
4 345 361 (9216 -4888 59 ) (9216 -4907.419922 59 ) (9216 -4907.419922 74 ) (9216 -4888 74 ) 
4 345 346 (9216 -4907.419922 59 ) (10038.599609 -4907.419922 59 ) (10038.599609 -4907.419922 74 ) (9216 -4907.419922 74 ) 
4 346 361 (9216 -4907.419922 59 ) (9216 -5007.419922 59 ) (9216 -5007.419922 74 ) (9216 -4907.419922 74 ) 
4 346 347 (9216 -5007.419922 59 ) (10038.599609 -5007.419922 59 ) (10038.599609 -5007.419922 74 ) (9216 -5007.419922 74 ) 
4 347 361 (9216 -5007.419922 59 ) (9216 -5120 59 ) (9216 -5120 74 ) (9216 -5007.419922 74 ) 
4 348 362 (9216 -4096 29 ) (9216 -4096 -1378 ) (9216 -5120 -1378 ) (9216 -5120 29 ) 
4 348 352 (9706.179688 -4096 -1378 ) (9736.179688 -4096 -1378 ) (9736.179688 -4425 -1378 ) (9706.179688 -4425 -1378 ) 
4 348 353 (9736.179688 -4989 -1378 ) (9736.179688 -5120 -1378 ) (9706.179688 -5120 -1378 ) (9706.179688 -4989 -1378 ) 
4 348 354 (9216 -5120 -1378 ) (9216 -4096 -1378 ) (9706.179688 -4096 -1378 ) (9706.179688 -5120 -1378 ) 
4 348 351 (10240 -4989 -1378 ) (10240 -5120 -1378 ) (9736.179688 -5120 -1378 ) (9736.179688 -4989 -1378 ) 
4 348 349 (9736.179688 -4096 -1378 ) (10240 -4096 -1378 ) (10240 -4425 -1378 ) (9736.179688 -4425 -1378 ) 
4 348 350 (10240 -4457 -1378 ) (10240 -4957 -1378 ) (9736.179688 -4957 -1378 ) (9736.179688 -4457 -1378 ) 
4 349 355 (9736.179688 -4425 -1393 ) (9736.179688 -4096 -1393 ) (10240 -4096 -1393 ) (10240 -4425 -1393 ) 
4 349 352 (9736.179688 -4096 -1393 ) (9736.179688 -4425 -1393 ) (9736.179688 -4425 -1378 ) (9736.179688 -4096 -1378 ) 
4 350 356 (9736.179688 -4957 -1393 ) (9736.179688 -4457 -1393 ) (10240 -4457 -1393 ) (10240 -4957 -1393 ) 
4 351 357 (10240 -5120 -1393 ) (9736.179688 -5120 -1393 ) (9736.179688 -4989 -1393 ) (10240 -4989 -1393 ) 
4 351 353 (9736.179688 -4989 -1393 ) (9736.179688 -5120 -1393 ) (9736.179688 -5120 -1378 ) (9736.179688 -4989 -1378 ) 
4 352 358 (9706.179688 -4425 -1393 ) (9706.179688 -4096 -1393 ) (9736.179688 -4096 -1393 ) (9736.179688 -4425 -1393 ) 
4 352 354 (9706.179688 -4096 -1393 ) (9706.179688 -4425 -1393 ) (9706.179688 -4425 -1378 ) (9706.179688 -4096 -1378 ) 
4 353 359 (9736.179688 -5120 -1393 ) (9706.179688 -5120 -1393 ) (9706.179688 -4989 -1393 ) (9736.179688 -4989 -1393 ) 
4 353 354 (9706.179688 -4989 -1393 ) (9706.179688 -5120 -1393 ) (9706.179688 -5120 -1378 ) (9706.179688 -4989 -1378 ) 
4 354 362 (9216 -4096 -1378 ) (9216 -4096 -1393 ) (9216 -5120 -1393 ) (9216 -5120 -1378 ) 
4 354 360 (9706.179688 -5120 -1393 ) (9216 -5120 -1393 ) (9216 -4096 -1393 ) (9706.179688 -4096 -1393 ) 
4 355 358 (9736.179688 -4096 -1443 ) (9736.179688 -4425 -1443 ) (9736.179688 -4425 -1393 ) (9736.179688 -4096 -1393 ) 
4 357 359 (9736.179688 -4989 -1443 ) (9736.179688 -5120 -1443 ) (9736.179688 -5120 -1393 ) (9736.179688 -4989 -1393 ) 
4 358 360 (9706.179688 -4096 -1443 ) (9706.179688 -4425 -1443 ) (9706.179688 -4425 -1393 ) (9706.179688 -4096 -1393 ) 
4 359 360 (9706.179688 -4989 -1443 ) (9706.179688 -5120 -1443 ) (9706.179688 -5120 -1393 ) (9706.179688 -4989 -1393 ) 
4 360 362 (9216 -4096 -1393 ) (9216 -4096 -1443 ) (9216 -5120 -1443 ) (9216 -5120 -1393 ) 
4 361 387 (8192 -5120 59 ) (8192 -5120 9978.230469 ) (8192 -4096 9978.230469 ) (8192 -4096 59 ) 
4 362 388 (8192 -5120 -1443 ) (8192 -5120 29 ) (8192 -4096 29 ) (8192 -4096 -1443 ) 
4 363 367 (8192 -3072 59 ) (8192 -3072 9978.230469 ) (7168 -3072 9978.230469 ) (7168 -3072 59 ) 
4 363 365 (7168 -2048 9978.230469 ) (7168 -2048 59 ) (7168 -3072 59 ) (7168 -3072 9978.230469 ) 
4 364 368 (8192 -3072 -1443 ) (8192 -3072 29 ) (7168 -3072 29 ) (7168 -3072 -1443 ) 
4 364 366 (7168 -2048 29 ) (7168 -2048 -1443 ) (7168 -3072 -1443 ) (7168 -3072 29 ) 
4 365 371 (6144 -2048 9978.230469 ) (6144 -2048 59 ) (6144 -3072 59 ) (6144 -3072 9978.230469 ) 
4 365 369 (7168 -3072 59 ) (7168 -3072 9978.230469 ) (6144 -3072 9978.230469 ) (6144 -3072 59 ) 
4 366 372 (6144 -2048 29 ) (6144 -2048 -1443 ) (6144 -3072 -1443 ) (6144 -3072 29 ) 
4 366 370 (7168 -3072 -1443 ) (7168 -3072 29 ) (6144 -3072 29 ) (6144 -3072 -1443 ) 
4 367 387 (8192 -4096 59 ) (8192 -4096 9978.230469 ) (7168 -4096 9978.230469 ) (7168 -4096 59 ) 
4 367 369 (7168 -3072 9978.230469 ) (7168 -3072 59 ) (7168 -4096 59 ) (7168 -4096 9978.230469 ) 
4 368 388 (8192 -4096 -1443 ) (8192 -4096 29 ) (7168 -4096 29 ) (7168 -4096 -1443 ) 
4 368 370 (7168 -3072 29 ) (7168 -3072 -1443 ) (7168 -4096 -1443 ) (7168 -4096 29 ) 
4 369 389 (7168 -4096 59 ) (7168 -4096 9978.230469 ) (6144 -4096 9978.230469 ) (6144 -4096 59 ) 
4 369 379 (6144 -4096 59 ) (6144 -4096 9978.230469 ) (6144 -3072 9978.230469 ) (6144 -3072 59 ) 
4 370 390 (7168 -4096 -1443 ) (7168 -4096 29 ) (6144 -4096 29 ) (6144 -4096 -1443 ) 
4 370 380 (6144 -4096 -1443 ) (6144 -4096 29 ) (6144 -3072 29 ) (6144 -3072 -1443 ) 
4 371 379 (6144 -3072 59 ) (6144 -3072 9978.230469 ) (5587.500000 -3072 9978.230469 ) (5587.500000 -3072 59 ) 
4 372 380 (6144 -3072 -1443 ) (6144 -3072 29 ) (5587.500000 -3072 29 ) (5587.500000 -3072 -1443 ) 
4 373 381 (5120 -3072 64 ) (5120 -3072 9978.230469 ) (5008 -3072 9978.230469 ) (5008 -3072 64 ) 
4 373 377 (5008 -2048 64 ) (5120 -2048 64 ) (5120 -3072 64 ) (5008 -3072 64 ) 
4 373 375 (5008 -2048 64 ) (5008 -3072 64 ) (5008 -3072 176 ) (5008 -2048 176 ) 
4 373 374 (5008 -3072 176 ) (5008 -3072 9978.230469 ) (5008 -2048 9978.230469 ) (5008 -2048 176 ) 
4 374 382 (5008 -3072 9978.230469 ) (4976 -3072 9978.230469 ) (4976 -3072 176 ) (5008 -3072 176 ) 
4 374 376 (4976 -3072 176 ) (4976 -3072 9978.230469 ) (4976 -2048 9978.230469 ) (4976 -2048 176 ) 
4 374 375 (4976 -3072 176 ) (4976 -2048 176 ) (5008 -2048 176 ) (5008 -3072 176 ) 
4 375 383 (4976 -3072 176 ) (4976 -3072 64 ) (5008 -3072 64 ) (5008 -3072 176 ) 
4 375 377 (4976 -2048 64 ) (5008 -2048 64 ) (5008 -3072 64 ) (4976 -3072 64 ) 
4 375 376 (4976 -2048 64 ) (4976 -3072 64 ) (4976 -3072 176 ) (4976 -2048 176 ) 
4 376 403 (4096 -2048 9978.230469 ) (4096 -2048 64 ) (4096 -3072 64 ) (4096 -3072 9978.230469 ) 
4 376 384 (4976 -3072 9978.230469 ) (4096 -3072 9978.230469 ) (4096 -3072 64 ) (4976 -3072 64 ) 
4 376 377 (4096 -2048 64 ) (4976 -2048 64 ) (4976 -3072 64 ) (4096 -3072 64 ) 
4 377 403 (4096 -2048 64 ) (4096 -2048 63 ) (4096 -3072 63 ) (4096 -3072 64 ) 
4 377 385 (5120 -3072 63 ) (5120 -3072 64 ) (4096 -3072 64 ) (4096 -3072 63 ) 
4 378 404 (4096 -2048 26 ) (4096 -2048 -1473 ) (4096 -3072 -1473 ) (4096 -3072 26 ) 
4 378 386 (5120 -3072 -1473 ) (5120 -3072 26 ) (4096 -3072 26 ) (4096 -3072 -1473 ) 
4 379 391 (6144 -4096 59 ) (6144 -4096 9978.230469 ) (5587.500000 -4096 9978.230469 ) (5587.500000 -4096 59 ) 
4 380 392 (6144 -4096 -1443 ) (6144 -4096 29 ) (5587.500000 -4096 29 ) (5587.500000 -4096 -1443 ) 
4 381 393 (5120 -4096 64 ) (5120 -4096 9978.230469 ) (5008 -4096 9978.230469 ) (5008 -4096 64 ) 
4 381 385 (5120 -3072 64 ) (5120 -4096 64 ) (5008 -4096 64 ) (5008 -3072 64 ) 
4 381 383 (5008 -3072 64 ) (5008 -4096 64 ) (5008 -4096 176 ) (5008 -3072 176 ) 
4 381 382 (5008 -4096 176 ) (5008 -4096 9978.230469 ) (5008 -3072 9978.230469 ) (5008 -3072 176 ) 
4 382 394 (5008 -4096 9978.230469 ) (4976 -4096 9978.230469 ) (4976 -4096 176 ) (5008 -4096 176 ) 
4 382 384 (4976 -4096 176 ) (4976 -4096 9978.230469 ) (4976 -3072 9978.230469 ) (4976 -3072 176 ) 
4 382 383 (4976 -4096 176 ) (4976 -3072 176 ) (5008 -3072 176 ) (5008 -4096 176 ) 
4 383 395 (4976 -4096 176 ) (4976 -4096 64 ) (5008 -4096 64 ) (5008 -4096 176 ) 
4 383 385 (5008 -4096 64 ) (4976 -4096 64 ) (4976 -3072 64 ) (5008 -3072 64 ) 
4 383 384 (4976 -3072 64 ) (4976 -4096 64 ) (4976 -4096 176 ) (4976 -3072 176 ) 
4 384 407 (4096 -4096 64 ) (4096 -4096 9978.230469 ) (4096 -3072 9978.230469 ) (4096 -3072 64 ) 
4 384 397 (4976 -4096 9978.230469 ) (4096 -4096 9978.230469 ) (4096 -4096 64 ) (4976 -4096 64 ) 
4 384 385 (4976 -4096 64 ) (4096 -4096 64 ) (4096 -3072 64 ) (4976 -3072 64 ) 
4 385 407 (4096 -4096 63 ) (4096 -4096 64 ) (4096 -3072 64 ) (4096 -3072 63 ) 
4 385 401 (5120 -4096 63 ) (5120 -4096 64 ) (4096 -4096 64 ) (4096 -4096 63 ) 
4 386 408 (4096 -4096 -1473 ) (4096 -4096 26 ) (4096 -3072 26 ) (4096 -3072 -1473 ) 
4 386 402 (5120 -4096 -1473 ) (5120 -4096 26 ) (4096 -4096 26 ) (4096 -4096 -1473 ) 
4 387 389 (7168 -4096 9978.230469 ) (7168 -4096 59 ) (7168 -5120 59 ) (7168 -5120 9978.230469 ) 
4 388 390 (7168 -4096 29 ) (7168 -4096 -1443 ) (7168 -5120 -1443 ) (7168 -5120 29 ) 
4 389 391 (6144 -4096 9978.230469 ) (6144 -4096 59 ) (6144 -5120 59 ) (6144 -5120 9978.230469 ) 
4 390 392 (6144 -4096 29 ) (6144 -4096 -1443 ) (6144 -5120 -1443 ) (6144 -5120 29 ) 
4 393 401 (5120 -4096 64 ) (5120 -5120 64 ) (5008 -5120 64 ) (5008 -4096 64 ) 
4 393 395 (5008 -4096 64 ) (5008 -4496 64 ) (5008 -4496 176 ) (5008 -4096 176 ) 
4 393 394 (5008 -4496 176 ) (5008 -4496 9978.230469 ) (5008 -4096 9978.230469 ) (5008 -4096 176 ) 
4 393 396 (5008 -4496 64 ) (5008 -5120 64 ) (5008 -5120 9978.230469 ) (5008 -4496 9978.230469 ) 
4 394 398 (4976 -4496 176 ) (4976 -4496 9978.230469 ) (4976 -4464 9978.230469 ) (4976 -4464 176 ) 
4 394 397 (4976 -4464 9978.230469 ) (4976 -4096 9978.230469 ) (4976 -4096 176 ) (4976 -4464 176 ) 
4 394 396 (4976 -4496 9978.230469 ) (4976 -4496 176 ) (5008 -4496 176 ) (5008 -4496 9978.230469 ) 
4 394 395 (5008 -4496 176 ) (4976 -4496 176 ) (4976 -4096 176 ) (5008 -4096 176 ) 
4 395 401 (4976 -4496 64 ) (4976 -4096 64 ) (5008 -4096 64 ) (5008 -4496 64 ) 
4 395 399 (4976 -4464 64 ) (4976 -4496 64 ) (4976 -4496 176 ) (4976 -4464 176 ) 
4 395 397 (4976 -4096 64 ) (4976 -4464 64 ) (4976 -4464 176 ) (4976 -4096 176 ) 
4 395 396 (4976 -4496 176 ) (4976 -4496 64 ) (5008 -4496 64 ) (5008 -4496 176 ) 
4 396 401 (5008 -5120 64 ) (4976 -5120 64 ) (4976 -4496 64 ) (5008 -4496 64 ) 
4 396 400 (4976 -4496 64 ) (4976 -5120 64 ) (4976 -5120 9978.230469 ) (4976 -4496 9978.230469 ) 
4 397 432 (4096 -4464 9978.230469 ) (4096 -4096 9978.230469 ) (4096 -4096 64 ) (4096 -4464 64 ) 
4 397 401 (4096 -4464 64 ) (4096 -4096 64 ) (4976 -4096 64 ) (4976 -4464 64 ) 
4 397 399 (4096 -4464 64 ) (4976 -4464 64 ) (4976 -4464 176 ) (4096 -4464 176 ) 
4 397 398 (4976 -4464 176 ) (4976 -4464 9978.230469 ) (4096 -4464 9978.230469 ) (4096 -4464 176 ) 
4 398 433 (4096 -4496 9978.230469 ) (4096 -4464 9978.230469 ) (4096 -4464 176 ) (4096 -4496 176 ) 
4 398 400 (4976 -4496 176 ) (4976 -4496 9978.230469 ) (4096 -4496 9978.230469 ) (4096 -4496 176 ) 
4 398 399 (4976 -4496 176 ) (4096 -4496 176 ) (4096 -4464 176 ) (4976 -4464 176 ) 
4 399 434 (4096 -4464 176 ) (4096 -4464 64 ) (4096 -4496 64 ) (4096 -4496 176 ) 
4 399 401 (4096 -4496 64 ) (4096 -4464 64 ) (4976 -4464 64 ) (4976 -4496 64 ) 
4 399 400 (4096 -4496 64 ) (4976 -4496 64 ) (4976 -4496 176 ) (4096 -4496 176 ) 
4 400 435 (4096 -5120 64 ) (4096 -5120 9978.230469 ) (4096 -4496 9978.230469 ) (4096 -4496 64 ) 
4 400 401 (4976 -5120 64 ) (4096 -5120 64 ) (4096 -4496 64 ) (4976 -4496 64 ) 
4 401 436 (4096 -5120 63 ) (4096 -5120 64 ) (4096 -4096 64 ) (4096 -4096 63 ) 
4 402 437 (4096 -5120 -1473 ) (4096 -5120 26 ) (4096 -4096 26 ) (4096 -4096 -1473 ) 
4 403 407 (4096 -3072 63 ) (4096 -3072 9978.230469 ) (3072 -3072 9978.230469 ) (3072 -3072 63 ) 
4 403 405 (3072 -2048 9978.230469 ) (3072 -2048 63 ) (3072 -3072 63 ) (3072 -3072 9978.230469 ) 
4 404 408 (4096 -3072 -1473 ) (4096 -3072 26 ) (3072 -3072 26 ) (3072 -3072 -1473 ) 
4 404 406 (3072 -2048 26 ) (3072 -2048 -1473 ) (3072 -3072 -1473 ) (3072 -3072 26 ) 
4 405 411 (2048 -2048 9978.230469 ) (2048 -2048 63 ) (2048 -3072 63 ) (2048 -3072 9978.230469 ) 
4 405 409 (3072 -3072 63 ) (3072 -3072 9978.230469 ) (2048 -3072 9978.230469 ) (2048 -3072 63 ) 
4 406 412 (2048 -2048 26 ) (2048 -2048 -1473 ) (2048 -3072 -1473 ) (2048 -3072 26 ) 
4 406 410 (3072 -3072 -1473 ) (3072 -3072 26 ) (2048 -3072 26 ) (2048 -3072 -1473 ) 
4 407 436 (4096 -4096 63 ) (4096 -4096 64 ) (3072 -4096 64 ) (3072 -4096 63 ) 
4 407 432 (4096 -4096 64 ) (4096 -4096 9978.230469 ) (3072 -4096 9978.230469 ) (3072 -4096 64 ) 
4 407 409 (3072 -3072 9978.230469 ) (3072 -3072 63 ) (3072 -4096 63 ) (3072 -4096 9978.230469 ) 
4 408 437 (4096 -4096 -1473 ) (4096 -4096 26 ) (3072 -4096 26 ) (3072 -4096 -1473 ) 
4 408 410 (3072 -3072 26 ) (3072 -3072 -1473 ) (3072 -4096 -1473 ) (3072 -4096 26 ) 
4 409 438 (3072 -4096 64 ) (3072 -4096 9978.230469 ) (2048 -4096 9978.230469 ) (2048 -4096 64 ) 
4 409 442 (3072 -4096 63 ) (3072 -4096 64 ) (2048 -4096 64 ) (2048 -4096 63 ) 
4 409 419 (2048 -4096 63 ) (2048 -4096 9978.230469 ) (2048 -3072 9978.230469 ) (2048 -3072 63 ) 
4 410 443 (3072 -4096 -1473 ) (3072 -4096 26 ) (2048 -4096 26 ) (2048 -4096 -1473 ) 
4 410 420 (2048 -4096 -1473 ) (2048 -4096 26 ) (2048 -3072 26 ) (2048 -3072 -1473 ) 
4 411 419 (2048 -3072 63 ) (2048 -3072 9978.230469 ) (1024 -3072 9978.230469 ) (1024 -3072 63 ) 
4 411 417 (1024 -2048 64 ) (1024 -2048 63 ) (1024 -3072 63 ) (1024 -3072 64 ) 
4 411 413 (1024 -2048 9978.230469 ) (1024 -2048 64 ) (1024 -3072 64 ) (1024 -3072 9978.230469 ) 
4 412 420 (2048 -3072 -1473 ) (2048 -3072 26 ) (1024 -3072 26 ) (1024 -3072 -1473 ) 
4 412 418 (1024 -2048 26 ) (1024 -2048 -1473 ) (1024 -3072 -1473 ) (1024 -3072 26 ) 
4 413 423 (960 -3072 65 ) (416 -3072 65 ) (416 -3072 64 ) (960 -3072 64 ) 
4 413 422 (1024 -3072 64 ) (1024 -3072 65 ) (960 -3072 65 ) (960 -3072 64 ) 
4 413 421 (1024 -3072 65 ) (1024 -3072 9978.230469 ) (416 -3072 9978.230469 ) (416 -3072 65 ) 
4 413 417 (1024 -2048 64 ) (1024 -3072 64 ) (416 -3072 64 ) (416 -2048 64 ) 
4 413 415 (416 -3072 65 ) (416 -3072 9978.230469 ) (416 -2912 9978.230469 ) (416 -2912 65 ) 
4 413 414 (416 -2048 64 ) (416 -2912 64 ) (416 -2912 9978.230469 ) (416 -2048 9978.230469 ) 
4 414 417 (160 -2912 64 ) (160 -2048 64 ) (416 -2048 64 ) (416 -2912 64 ) 
4 414 415 (160 -2912 9978.230469 ) (160 -2912 65 ) (416 -2912 65 ) (416 -2912 9978.230469 ) 
4 414 416 (160 -2048 64 ) (160 -2912 64 ) (160 -2912 9978.230469 ) (160 -2048 9978.230469 ) 
4 415 421 (416 -3072 9978.230469 ) (160 -3072 9978.230469 ) (160 -3072 65 ) (416 -3072 65 ) 
4 415 416 (160 -3072 65 ) (160 -3072 9978.230469 ) (160 -2912 9978.230469 ) (160 -2912 65 ) 
4 416 1036 (0 -3072 64 ) (0 -3072 9978.230469 ) (0 -2048 9978.230469 ) (0 -2048 64 ) 
4 416 425 (0 -3072 65 ) (0 -3072 64 ) (160 -3072 64 ) (160 -3072 65 ) 
4 416 421 (160 -3072 9978.230469 ) (0 -3072 9978.230469 ) (0 -3072 65 ) (160 -3072 65 ) 
4 416 417 (160 -3072 64 ) (0 -3072 64 ) (0 -2048 64 ) (160 -2048 64 ) 
4 417 1036 (0 -3072 63 ) (0 -3072 64 ) (0 -2048 64 ) (0 -2048 63 ) 
4 417 427 (1024 -3072 63 ) (1024 -3072 64 ) (0 -3072 64 ) (0 -3072 63 ) 
4 418 1037 (0 -3072 -1473 ) (0 -3072 26 ) (0 -2048 26 ) (0 -2048 -1473 ) 
4 418 430 (358 -3072 26 ) (218 -3072 26 ) (218 -3072 -1473 ) (358 -3072 -1473 ) 
4 418 428 (1024 -3072 -1473 ) (1024 -3072 26 ) (358 -3072 26 ) (358 -3072 -1473 ) 
4 418 431 (218 -3072 26 ) (0 -3072 26 ) (0 -3072 -1473 ) (218 -3072 -1473 ) 
4 419 451 (2048 -4096 63 ) (2048 -4096 64 ) (1024 -4096 64 ) (1024 -4096 63 ) 
4 419 449 (1024 -4096 256 ) (1024 -4096 64 ) (1152 -4096 64 ) (1152 -4096 256 ) 
4 419 448 (1152 -4096 9978.230469 ) (1024 -4096 9978.230469 ) (1024 -4096 256 ) (1152 -4096 256 ) 
4 419 444 (2048 -4096 64 ) (2048 -4096 9978.230469 ) (1152 -4096 9978.230469 ) (1152 -4096 64 ) 
4 419 427 (1024 -3072 64 ) (1024 -3072 63 ) (1024 -4096 63 ) (1024 -4096 64 ) 
4 419 422 (1024 -3072 65 ) (1024 -3072 64 ) (1024 -4096 64 ) (1024 -4096 65 ) 
4 419 421 (1024 -3072 9978.230469 ) (1024 -3072 65 ) (1024 -4096 65 ) (1024 -4096 9978.230469 ) 
4 420 452 (2048 -4096 -1473 ) (2048 -4096 26 ) (1024 -4096 26 ) (1024 -4096 -1473 ) 
4 420 428 (1024 -3072 26 ) (1024 -3072 -1473 ) (1024 -4096 -1473 ) (1024 -4096 26 ) 
4 421 1041 (0 -3712 9978.230469 ) (0 -3456 9978.230469 ) (0 -3456 65 ) (0 -3712 65 ) 
4 421 1040 (0 -3456 9978.230469 ) (0 -3072 9978.230469 ) (0 -3072 65 ) (0 -3456 65 ) 
4 421 1042 (0 -4096 65 ) (0 -4096 9978.230469 ) (0 -3712 9978.230469 ) (0 -3712 65 ) 
4 421 562 (0 -4096 165 ) (0 -4096 65 ) (14 -4096 65 ) (14 -4096 165 ) 
4 421 559 (14 -4096 65 ) (64 -4096 65 ) (64 -4096 165 ) (14 -4096 165 ) 
4 421 556 (64 -4096 9978.230469 ) (0 -4096 9978.230469 ) (0 -4096 165 ) (64 -4096 165 ) 
4 421 514 (160 -4096 320 ) (64 -4096 320 ) (64 -4096 65 ) (160 -4096 65 ) 
4 421 512 (398 -4096 320 ) (160 -4096 320 ) (160 -4096 65 ) (398 -4096 65 ) 
4 421 511 (398 -4096 66 ) (398 -4096 65 ) (400 -4096 65 ) (400 -4096 66 ) 
4 421 510 (398 -4096 98 ) (398 -4096 66 ) (400 -4096 66 ) (400 -4096 98 ) 
4 421 498 (398 -4096 206 ) (398 -4096 98 ) (400 -4096 98 ) (400 -4096 206 ) 
4 421 495 (400 -4096 320 ) (398 -4096 320 ) (398 -4096 206 ) (400 -4096 206 ) 
4 421 493 (400 -4096 278 ) (400 -4096 65 ) (416 -4096 65 ) (416 -4096 278 ) 
4 421 492 (416 -4096 320 ) (400 -4096 320 ) (400 -4096 278 ) (416 -4096 278 ) 
4 421 491 (512 -4096 320 ) (416 -4096 320 ) (416 -4096 65 ) (512 -4096 65 ) 
4 421 490 (576 -4096 320 ) (512 -4096 320 ) (512 -4096 65 ) (576 -4096 65 ) 
4 421 489 (640 -4096 320 ) (576 -4096 320 ) (576 -4096 65 ) (640 -4096 65 ) 
4 421 486 (768 -4096 320 ) (640 -4096 320 ) (640 -4096 65 ) (768 -4096 65 ) 
4 421 485 (832 -4096 320 ) (768 -4096 320 ) (768 -4096 65 ) (832 -4096 65 ) 
4 421 482 (960 -4096 320 ) (832 -4096 320 ) (832 -4096 65 ) (960 -4096 65 ) 
4 421 481 (1024 -4096 65 ) (1024 -4096 320 ) (960 -4096 320 ) (960 -4096 65 ) 
4 421 477 (64 -4096 343 ) (64 -4096 320 ) (512 -4096 320 ) (512 -4096 343 ) 
4 421 474 (64 -4096 468 ) (64 -4096 343 ) (148 -4096 343 ) (148 -4096 468 ) 
4 421 469 (148 -4096 343 ) (428 -4096 343 ) (428 -4096 468 ) (148 -4096 468 ) 
4 421 466 (428 -4096 343 ) (512 -4096 343 ) (512 -4096 468 ) (428 -4096 468 ) 
4 421 463 (64 -4096 480 ) (64 -4096 468 ) (512 -4096 468 ) (512 -4096 480 ) 
4 421 457 (512 -4096 9978.230469 ) (64 -4096 9978.230469 ) (64 -4096 480 ) (512 -4096 480 ) 
4 421 454 (576 -4096 9978.230469 ) (512 -4096 9978.230469 ) (512 -4096 320 ) (576 -4096 320 ) 
4 421 453 (1024 -4096 320 ) (1024 -4096 9978.230469 ) (576 -4096 9978.230469 ) (576 -4096 320 ) 
4 421 425 (0 -3456 65 ) (0 -3072 65 ) (160 -3072 65 ) (160 -3456 65 ) 
4 421 426 (160 -4096 65 ) (0 -4096 65 ) (0 -3712 65 ) (160 -3712 65 ) 
4 421 423 (416 -3456 65 ) (416 -3072 65 ) (960 -3072 65 ) (960 -3456 65 ) 
4 421 424 (960 -4096 65 ) (416 -4096 65 ) (416 -3712 65 ) (960 -3712 65 ) 
4 421 422 (1024 -4096 65 ) (960 -4096 65 ) (960 -3072 65 ) (1024 -3072 65 ) 
4 422 481 (1024 -4096 64 ) (1024 -4096 65 ) (960 -4096 65 ) (960 -4096 64 ) 
4 422 427 (1024 -3072 64 ) (1024 -4096 64 ) (960 -4096 64 ) (960 -3072 64 ) 
4 422 423 (960 -3072 64 ) (960 -3456 64 ) (960 -3456 65 ) (960 -3072 65 ) 
4 422 424 (960 -3712 64 ) (960 -4096 64 ) (960 -4096 65 ) (960 -3712 65 ) 
4 423 427 (416 -3456 64 ) (416 -3072 64 ) (960 -3072 64 ) (960 -3456 64 ) 
4 424 491 (512 -4096 65 ) (416 -4096 65 ) (416 -4096 64 ) (512 -4096 64 ) 
4 424 490 (576 -4096 65 ) (512 -4096 65 ) (512 -4096 64 ) (576 -4096 64 ) 
4 424 489 (640 -4096 65 ) (576 -4096 65 ) (576 -4096 64 ) (640 -4096 64 ) 
4 424 486 (768 -4096 65 ) (640 -4096 65 ) (640 -4096 64 ) (768 -4096 64 ) 
4 424 485 (832 -4096 65 ) (768 -4096 65 ) (768 -4096 64 ) (832 -4096 64 ) 
4 424 482 (960 -4096 65 ) (832 -4096 65 ) (832 -4096 64 ) (960 -4096 64 ) 
4 424 427 (960 -4096 64 ) (416 -4096 64 ) (416 -3712 64 ) (960 -3712 64 ) 
4 425 1040 (0 -3456 65 ) (0 -3072 65 ) (0 -3072 64 ) (0 -3456 64 ) 
4 425 427 (0 -3456 64 ) (0 -3072 64 ) (160 -3072 64 ) (160 -3456 64 ) 
4 426 1042 (0 -4096 64 ) (0 -4096 65 ) (0 -3712 65 ) (0 -3712 64 ) 
4 426 564 (64 -4096 65 ) (0 -4096 65 ) (0 -4096 64 ) (64 -4096 64 ) 
4 426 514 (160 -4096 65 ) (64 -4096 65 ) (64 -4096 64 ) (160 -4096 64 ) 
4 426 427 (160 -4096 64 ) (0 -4096 64 ) (0 -3712 64 ) (160 -3712 64 ) 
4 427 1044 (0 -4096 63 ) (0 -4096 64 ) (0 -3072 64 ) (0 -3072 63 ) 
4 427 566 (1024 -4096 63 ) (1024 -4096 64 ) (0 -4096 64 ) (0 -4096 63 ) 
4 428 593 (1024 -4096 -1473 ) (1024 -4096 -300 ) (358 -4096 -300 ) (358 -4096 -1473 ) 
4 428 578 (1024 -4096 -300 ) (1024 -4096 -120 ) (358 -4096 -120 ) (358 -4096 -300 ) 
4 428 573 (566 -4096 16 ) (358 -4096 16 ) (358 -4096 -120 ) (566 -4096 -120 ) 
4 428 571 (576 -4096 16 ) (566 -4096 16 ) (566 -4096 -120 ) (576 -4096 -120 ) 
4 428 570 (1024 -4096 -120 ) (1024 -4096 16 ) (576 -4096 16 ) (576 -4096 -120 ) 
4 428 568 (576 -4096 26 ) (358 -4096 26 ) (358 -4096 16 ) (576 -4096 16 ) 
4 428 567 (1024 -4096 16 ) (1024 -4096 26 ) (576 -4096 26 ) (576 -4096 16 ) 
5 428 430 (358 -3072 -1473 ) (358 -3274 -1473 ) (358 -4096 -651.861633 ) (358 -4096 26 ) (358 -3072 26 ) 
3 428 429 (358 -3281 -1473 ) (358 -4096 -1473 ) (358 -4096 -661.457092 ) 
4 429 594 (218 -4096 -661.457092 ) (218 -4096 -1473 ) (358 -4096 -1473 ) (358 -4096 -661.457092 ) 
3 429 431 (218 -3281 -1473 ) (218 -4096 -1473 ) (218 -4096 -661.457092 ) 
4 430 595 (218 -4096 -300 ) (218 -4096 -651.861633 ) (358 -4096 -651.861633 ) (358 -4096 -300 ) 
4 430 578 (218 -4096 -120 ) (218 -4096 -300 ) (358 -4096 -300 ) (358 -4096 -120 ) 
4 430 573 (218 -4096 16 ) (218 -4096 -120 ) (358 -4096 -120 ) (358 -4096 16 ) 
4 430 568 (358 -4096 26 ) (218 -4096 26 ) (218 -4096 16 ) (358 -4096 16 ) 
5 430 431 (218 -3072 -1473 ) (218 -3274 -1473 ) (218 -4096 -651.861633 ) (218 -4096 26 ) (218 -3072 26 ) 
4 431 1045 (0 -4096 -1473 ) (0 -4096 26 ) (0 -3072 26 ) (0 -3072 -1473 ) 
4 431 596 (0 -4096 -300 ) (0 -4096 -1473 ) (218 -4096 -1473 ) (218 -4096 -300 ) 
4 431 578 (0 -4096 -120 ) (0 -4096 -300 ) (218 -4096 -300 ) (218 -4096 -120 ) 
4 431 576 (0 -4096 16 ) (0 -4096 -120 ) (10 -4096 -120 ) (10 -4096 16 ) 
4 431 573 (10 -4096 -120 ) (218 -4096 -120 ) (218 -4096 16 ) (10 -4096 16 ) 
4 431 568 (218 -4096 26 ) (0 -4096 26 ) (0 -4096 16 ) (218 -4096 16 ) 
4 432 438 (3072 -4096 9978.230469 ) (3072 -4096 64 ) (3072 -4464 64 ) (3072 -4464 9978.230469 ) 
4 432 436 (3072 -4464 64 ) (3072 -4096 64 ) (4096 -4096 64 ) (4096 -4464 64 ) 
4 432 434 (3072 -4464 64 ) (4096 -4464 64 ) (4096 -4464 176 ) (3072 -4464 176 ) 
4 432 433 (4096 -4464 176 ) (4096 -4464 9978.230469 ) (3072 -4464 9978.230469 ) (3072 -4464 176 ) 
4 433 439 (3072 -4496 176 ) (3072 -4496 9978.230469 ) (3072 -4464 9978.230469 ) (3072 -4464 176 ) 
4 433 435 (4096 -4496 176 ) (4096 -4496 9978.230469 ) (3072 -4496 9978.230469 ) (3072 -4496 176 ) 
4 433 434 (4096 -4496 176 ) (3072 -4496 176 ) (3072 -4464 176 ) (4096 -4464 176 ) 
4 434 440 (3072 -4464 64 ) (3072 -4496 64 ) (3072 -4496 176 ) (3072 -4464 176 ) 
4 434 436 (3072 -4496 64 ) (3072 -4464 64 ) (4096 -4464 64 ) (4096 -4496 64 ) 
4 434 435 (3072 -4496 64 ) (4096 -4496 64 ) (4096 -4496 176 ) (3072 -4496 176 ) 
4 435 441 (3072 -4496 64 ) (3072 -5120 64 ) (3072 -5120 9978.230469 ) (3072 -4496 9978.230469 ) 
4 435 436 (4096 -5120 64 ) (3072 -5120 64 ) (3072 -4496 64 ) (4096 -4496 64 ) 
4 436 442 (3072 -4096 64 ) (3072 -4096 63 ) (3072 -5120 63 ) (3072 -5120 64 ) 
4 437 443 (3072 -4096 26 ) (3072 -4096 -1473 ) (3072 -5120 -1473 ) (3072 -5120 26 ) 
4 438 444 (2048 -4096 9978.230469 ) (2048 -4096 64 ) (2048 -4464 64 ) (2048 -4464 9978.230469 ) 
4 438 440 (2048 -4464 64 ) (3072 -4464 64 ) (3072 -4464 176 ) (2048 -4464 176 ) 
4 438 439 (3072 -4464 176 ) (3072 -4464 9978.230469 ) (2048 -4464 9978.230469 ) (2048 -4464 176 ) 
4 438 442 (2048 -4464 64 ) (2048 -4096 64 ) (3072 -4096 64 ) (3072 -4464 64 ) 
4 439 445 (2048 -4496 176 ) (2048 -4496 9978.230469 ) (2048 -4464 9978.230469 ) (2048 -4464 176 ) 
4 439 441 (3072 -4496 176 ) (3072 -4496 9978.230469 ) (2048 -4496 9978.230469 ) (2048 -4496 176 ) 
4 439 440 (3072 -4496 176 ) (2048 -4496 176 ) (2048 -4464 176 ) (3072 -4464 176 ) 
4 440 446 (2048 -4464 64 ) (2048 -4496 64 ) (2048 -4496 176 ) (2048 -4464 176 ) 
4 440 442 (2048 -4496 64 ) (2048 -4464 64 ) (3072 -4464 64 ) (3072 -4496 64 ) 
4 440 441 (2048 -4496 64 ) (3072 -4496 64 ) (3072 -4496 176 ) (2048 -4496 176 ) 
4 441 447 (2048 -4496 64 ) (2048 -5120 64 ) (2048 -5120 9978.230469 ) (2048 -4496 9978.230469 ) 
4 441 442 (3072 -5120 64 ) (2048 -5120 64 ) (2048 -4496 64 ) (3072 -4496 64 ) 
4 442 451 (2048 -4096 64 ) (2048 -4096 63 ) (2048 -5120 63 ) (2048 -5120 64 ) 
4 443 452 (2048 -4096 26 ) (2048 -4096 -1473 ) (2048 -5120 -1473 ) (2048 -5120 26 ) 
4 444 451 (1152 -4464 64 ) (1152 -4096 64 ) (2048 -4096 64 ) (2048 -4464 64 ) 
4 444 449 (1152 -4096 256 ) (1152 -4096 64 ) (1152 -4352 64 ) (1152 -4352 256 ) 
4 444 448 (1152 -4096 9978.230469 ) (1152 -4096 256 ) (1152 -4464 256 ) (1152 -4464 9978.230469 ) 
4 444 446 (1152 -4464 176 ) (1152 -4464 64 ) (2048 -4464 64 ) (2048 -4464 176 ) 
4 444 445 (2048 -4464 9978.230469 ) (1152 -4464 9978.230469 ) (1152 -4464 176 ) (2048 -4464 176 ) 
4 445 448 (1152 -4496 256 ) (1152 -4496 9978.230469 ) (1152 -4464 9978.230469 ) (1152 -4464 256 ) 
4 445 447 (2048 -4496 9978.230469 ) (1152 -4496 9978.230469 ) (1152 -4496 176 ) (2048 -4496 176 ) 
4 445 446 (2048 -4496 176 ) (1152 -4496 176 ) (1152 -4464 176 ) (2048 -4464 176 ) 
4 446 451 (1152 -4496 64 ) (1152 -4464 64 ) (2048 -4464 64 ) (2048 -4496 64 ) 
4 446 447 (1152 -4496 176 ) (1152 -4496 64 ) (2048 -4496 64 ) (2048 -4496 176 ) 
4 447 451 (2048 -5120 64 ) (1152 -5120 64 ) (1152 -4496 64 ) (2048 -4496 64 ) 
4 447 450 (1152 -4608 64 ) (1152 -5120 64 ) (1152 -5120 256 ) (1152 -4608 256 ) 
4 447 448 (1152 -5120 256 ) (1152 -5120 9978.230469 ) (1152 -4496 9978.230469 ) (1152 -4496 256 ) 
4 448 531 (1024 -4672 256 ) (1024 -5120 256 ) (1024 -5120 320 ) (1024 -4672 320 ) 
4 448 481 (1024 -4096 320 ) (1024 -4096 256 ) (1024 -4288 256 ) (1024 -4288 320 ) 
4 448 453 (1024 -4096 9978.230469 ) (1024 -4096 320 ) (1024 -5120 320 ) (1024 -5120 9978.230469 ) 
4 448 449 (1024 -4096 256 ) (1152 -4096 256 ) (1152 -4352 256 ) (1024 -4352 256 ) 
4 448 450 (1152 -4608 256 ) (1152 -5120 256 ) (1024 -5120 256 ) (1024 -4608 256 ) 
4 449 481 (1024 -4096 256 ) (1024 -4096 64 ) (1024 -4288 64 ) (1024 -4288 256 ) 
4 449 451 (1024 -4352 64 ) (1024 -4096 64 ) (1152 -4096 64 ) (1152 -4352 64 ) 
4 450 531 (1024 -4672 64 ) (1024 -5120 64 ) (1024 -5120 256 ) (1024 -4672 256 ) 
4 450 451 (1152 -5120 64 ) (1024 -5120 64 ) (1024 -4608 64 ) (1152 -4608 64 ) 
4 451 566 (1024 -4096 64 ) (1024 -4096 63 ) (1024 -5120 63 ) (1024 -5120 64 ) 
4 452 610 (1024 -4736 -1473 ) (1024 -5120 -1473 ) (1024 -5120 -524 ) (1024 -4736 -524 ) 
4 452 607 (1024 -5120 -524 ) (1024 -5120 -424 ) (1024 -4736 -424 ) (1024 -4736 -524 ) 
4 452 604 (1024 -5120 -424 ) (1024 -5120 -300 ) (1024 -4736 -300 ) (1024 -4736 -424 ) 
4 452 603 (1024 -4224 -1473 ) (1024 -4736 -1473 ) (1024 -4736 -534 ) (1024 -4224 -534 ) 
4 452 602 (1024 -4736 -534 ) (1024 -4736 -524 ) (1024 -4224 -524 ) (1024 -4224 -534 ) 
4 452 597 (1024 -4736 -524 ) (1024 -4736 -300 ) (1024 -4224 -300 ) (1024 -4224 -524 ) 
4 452 593 (1024 -4096 -300 ) (1024 -4096 -1473 ) (1024 -4224 -1473 ) (1024 -4224 -300 ) 
4 452 590 (1024 -4614 -300 ) (1024 -4736 -300 ) (1024 -4736 -120 ) (1024 -4614 -120 ) 
4 452 592 (1024 -4736 -300 ) (1024 -5120 -300 ) (1024 -5120 -120 ) (1024 -4736 -120 ) 
4 452 585 (1024 -4346 -300 ) (1024 -4614 -300 ) (1024 -4614 -120 ) (1024 -4346 -120 ) 
4 452 579 (1024 -4224 -300 ) (1024 -4346 -300 ) (1024 -4346 -120 ) (1024 -4224 -120 ) 
4 452 578 (1024 -4096 -120 ) (1024 -4096 -300 ) (1024 -4224 -300 ) (1024 -4224 -120 ) 
4 452 570 (1024 -4096 16 ) (1024 -4096 -120 ) (1024 -5120 -120 ) (1024 -5120 16 ) 
4 452 567 (1024 -4096 26 ) (1024 -4096 16 ) (1024 -5120 16 ) (1024 -5120 26 ) 
4 453 531 (1024 -4672 320 ) (1024 -5120 320 ) (576 -5120 320 ) (576 -4672 320 ) 
4 453 489 (576 -4096 320 ) (640 -4096 320 ) (640 -4288 320 ) (576 -4288 320 ) 
4 453 487 (768 -4352 320 ) (768 -4608 320 ) (640 -4608 320 ) (640 -4352 320 ) 
4 453 486 (640 -4096 320 ) (768 -4096 320 ) (768 -4352 320 ) (640 -4352 320 ) 
4 453 488 (768 -4608 320 ) (768 -4672 320 ) (640 -4672 320 ) (640 -4608 320 ) 
4 453 485 (768 -4096 320 ) (832 -4096 320 ) (832 -4288 320 ) (768 -4288 320 ) 
4 453 483 (960 -4352 320 ) (960 -4608 320 ) (832 -4608 320 ) (832 -4352 320 ) 
4 453 482 (832 -4096 320 ) (960 -4096 320 ) (960 -4352 320 ) (832 -4352 320 ) 
4 453 484 (960 -4608 320 ) (960 -4672 320 ) (832 -4672 320 ) (832 -4608 320 ) 
4 453 481 (960 -4096 320 ) (1024 -4096 320 ) (1024 -4288 320 ) (960 -4288 320 ) 
4 453 455 (576 -4224 320 ) (576 -4736 320 ) (576 -4736 9978.230469 ) (576 -4224 9978.230469 ) 
4 453 454 (576 -4096 320 ) (576 -4224 320 ) (576 -4224 9978.230469 ) (576 -4096 9978.230469 ) 
4 453 456 (576 -4736 320 ) (576 -5120 320 ) (576 -5120 9978.230469 ) (576 -4736 9978.230469 ) 
4 454 490 (512 -4096 320 ) (576 -4096 320 ) (576 -4224 320 ) (512 -4224 320 ) 
4 454 477 (512 -4096 343 ) (512 -4096 320 ) (512 -4224 320 ) (512 -4224 343 ) 
4 454 466 (512 -4096 468 ) (512 -4096 343 ) (512 -4224 343 ) (512 -4224 468 ) 
4 454 463 (512 -4096 480 ) (512 -4096 468 ) (512 -4224 468 ) (512 -4224 480 ) 
4 454 457 (512 -4096 9978.230469 ) (512 -4096 480 ) (512 -4224 480 ) (512 -4224 9978.230469 ) 
4 454 455 (576 -4224 320.003845 ) (576 -4224 9978.230469 ) (512 -4224 9978.230469 ) (512 -4224 512.004883 ) 
4 455 460 (512 -4736 512.003967 ) (512 -4736 842.682251 ) (512 -4224 842.682739 ) (512 -4224 512.004883 ) 
4 455 459 (512 -4736 842.682251 ) (512 -4736 1712.674316 ) (512 -4224 1712.674805 ) (512 -4224 842.682739 ) 
4 455 458 (512 -4736 1712.674316 ) (512 -4736 9978.230469 ) (512 -4224 9978.230469 ) (512 -4224 1712.674805 ) 
4 455 456 (576 -4736 320.003845 ) (576 -4736 9978.230469 ) (512 -4736 9978.230469 ) (512 -4736 512.004883 ) 
4 456 532 (576 -4736 320 ) (576 -5120 320 ) (512 -5120 320 ) (512 -4736 320 ) 
4 456 480 (512 -4736 320 ) (512 -5120 320 ) (512 -5120 343 ) (512 -4736 343 ) 
4 456 468 (512 -5120 343 ) (512 -5120 468 ) (512 -4736 468 ) (512 -4736 343 ) 
4 456 465 (512 -5120 468 ) (512 -5120 480 ) (512 -4736 480 ) (512 -4736 468 ) 
4 456 462 (512 -5120 480 ) (512 -5120 9978.230469 ) (512 -4736 9978.230469 ) (512 -4736 480 ) 
4 457 556 (64 -4096 9978.230469 ) (64 -4096 480 ) (64 -4224 480 ) (64 -4224 9978.230469 ) 
4 457 463 (64 -4224 480 ) (64 -4096 480 ) (512 -4096 480 ) (512 -4224 480 ) 
3 457 461 (446.368225 -4224 660.577271 ) (399.632751 -4224 789.166504 ) (288.004089 -4224 736.002014 ) 
4 457 460 (511.998627 -4224 480 ) (512 -4224 480 ) (512 -4224 842.682739 ) (399.632751 -4224 789.166504 ) 
3 457 459 (512 -4224 842.682739 ) (512 -4224 1712.674072 ) (129.627014 -4224 660.572998 ) 
4 457 458 (64 -4224 480 ) (512 -4224 1712.674072 ) (512 -4224 9978.230469 ) (64 -4224 9978.230469 ) 
4 458 557 (64 -4736 511.997986 ) (64 -4736 9978.230469 ) (64 -4224 9978.230469 ) (64 -4224 511.998047 ) 
4 458 459 (512 -4736 1712.667969 ) (129.629425 -4736 660.573608 ) (129.629395 -4224 660.574219 ) (512 -4224 1712.668579 ) 
4 458 462 (64 -4736 480 ) (512 -4736 1712.674072 ) (512 -4736 9978.230469 ) (64 -4736 9978.230469 ) 
4 459 461 (399.632477 -4736 789.165405 ) (288.003052 -4736 736 ) (288.004242 -4224 736.001953 ) (399.632751 -4224 789.166382 ) 
4 459 460 (512 -4736 842.681641 ) (399.632477 -4736 789.165405 ) (399.632751 -4224 789.166382 ) (512 -4224 842.682617 ) 
3 459 462 (512 -4736 842.682251 ) (512 -4736 1712.674072 ) (129.626801 -4736 660.572388 ) 
4 460 461 (446.370117 -4736 660.574585 ) (399.632294 -4736 789.169312 ) (399.632660 -4224 789.169983 ) (446.369690 -4224 660.576538 ) 
4 460 462 (511.997986 -4736 480 ) (512 -4736 480 ) (512 -4736 842.682251 ) (399.632324 -4736 789.165771 ) 
3 461 462 (446.368225 -4736 660.575439 ) (399.632324 -4736 789.165771 ) (288.002747 -4736 736 ) 
4 462 558 (64 -4736 480 ) (64 -5120 480 ) (64 -5120 9978.230469 ) (64 -4736 9978.230469 ) 
4 462 465 (64 -5120 480 ) (64 -4736 480 ) (512 -4736 480 ) (512 -5120 480 ) 
4 463 556 (64 -4096 480 ) (64 -4096 468 ) (64 -4224 468 ) (64 -4224 480 ) 
4 463 474 (64 -4224 468 ) (64 -4096 468 ) (148 -4096 468 ) (148 -4224 468 ) 
4 463 469 (148 -4096 468 ) (428 -4096 468 ) (428 -4224 468 ) (148 -4224 468 ) 
4 463 466 (428 -4096 468 ) (512 -4096 468 ) (512 -4224 468 ) (428 -4224 468 ) 
4 464 475 (64 -4704 468 ) (64 -4228 468 ) (148 -4228 468 ) (148 -4704 468 ) 
4 464 471 (148 -4228 468 ) (428 -4228 468 ) (428 -4704 468 ) (148 -4704 468 ) 
4 464 467 (428 -4228 468 ) (512 -4228 468 ) (512 -4704 468 ) (428 -4704 468 ) 
4 465 558 (64 -4736 468 ) (64 -5120 468 ) (64 -5120 480 ) (64 -4736 480 ) 
4 465 476 (64 -5120 468 ) (64 -4712 468 ) (148 -4712 468 ) (148 -5120 468 ) 
4 465 473 (148 -4712 468 ) (428 -4712 468 ) (428 -5120 468 ) (148 -5120 468 ) 
4 465 468 (428 -4712 468 ) (512 -4712 468 ) (512 -5120 468 ) (428 -5120 468 ) 
4 466 477 (428 -4096 343 ) (512 -4096 343 ) (512 -4224 343 ) (428 -4224 343 ) 
4 466 469 (428 -4096 343 ) (428 -4224 343 ) (428 -4224 468 ) (428 -4096 468 ) 
4 467 478 (512 -4228 343 ) (512 -4704 343 ) (428 -4704 343 ) (428 -4228 343 ) 
4 467 471 (428 -4228 343 ) (428 -4704 343 ) (428 -4704 468 ) (428 -4228 468 ) 
4 468 479 (512 -4712 343 ) (512 -4734 343 ) (428 -4734 343 ) (428 -4712 343 ) 
4 468 480 (512 -4734 343 ) (512 -5120 343 ) (428 -5120 343 ) (428 -4734 343 ) 
4 468 473 (428 -4712 343 ) (428 -5120 343 ) (428 -5120 468 ) (428 -4712 468 ) 
4 469 477 (148 -4096 343 ) (428 -4096 343 ) (428 -4224 343 ) (148 -4224 343 ) 
4 469 474 (148 -4096 343 ) (148 -4224 343 ) (148 -4224 468 ) (148 -4096 468 ) 
4 469 470 (148 -4224 468 ) (148 -4224 343 ) (428 -4224 343 ) (428 -4224 468 ) 
4 470 471 (148 -4226 468 ) (148 -4226 343 ) (428 -4226 343 ) (428 -4226 468 ) 
4 471 478 (428 -4228 343 ) (428 -4704 343 ) (148 -4704 343 ) (148 -4228 343 ) 
4 471 475 (148 -4228 343 ) (148 -4704 343 ) (148 -4704 468 ) (148 -4228 468 ) 
4 471 472 (148 -4708 468 ) (148 -4708 343 ) (428 -4708 343 ) (428 -4708 468 ) 
4 472 473 (148 -4712 468 ) (148 -4712 343 ) (428 -4712 343 ) (428 -4712 468 ) 
4 473 479 (428 -4712 343 ) (428 -4734 343 ) (148 -4734 343 ) (148 -4712 343 ) 
4 473 480 (428 -4734 343 ) (428 -5120 343 ) (148 -5120 343 ) (148 -4734 343 ) 
4 473 476 (148 -4712 343 ) (148 -5120 343 ) (148 -5120 468 ) (148 -4712 468 ) 
4 474 556 (64 -4096 468 ) (64 -4096 343 ) (64 -4224 343 ) (64 -4224 468 ) 
4 474 477 (64 -4224 343 ) (64 -4096 343 ) (148 -4096 343 ) (148 -4224 343 ) 
4 475 478 (64 -4704 343 ) (64 -4228 343 ) (148 -4228 343 ) (148 -4704 343 ) 
4 476 558 (64 -4736 343 ) (64 -5120 343 ) (64 -5120 468 ) (64 -4736 468 ) 
4 476 479 (64 -4734 343 ) (64 -4712 343 ) (148 -4712 343 ) (148 -4734 343 ) 
4 476 480 (64 -5120 343 ) (64 -4734 343 ) (148 -4734 343 ) (148 -5120 343 ) 
4 477 556 (64 -4096 343 ) (64 -4096 320 ) (64 -4224 320 ) (64 -4224 343 ) 
4 477 514 (64 -4224 320 ) (64 -4096 320 ) (160 -4096 320 ) (160 -4224 320 ) 
4 477 512 (160 -4096 320 ) (398 -4096 320 ) (398 -4224 320 ) (160 -4224 320 ) 
4 477 495 (398 -4096 320 ) (400 -4096 320 ) (400 -4224 320 ) (398 -4224 320 ) 
4 477 492 (400 -4096 320 ) (416 -4096 320 ) (416 -4224 320 ) (400 -4224 320 ) 
4 477 491 (416 -4096 320 ) (512 -4096 320 ) (512 -4224 320 ) (416 -4224 320 ) 
4 479 480 (512 -4734 324 ) (512 -4734 343 ) (64 -4734 343 ) (64 -4734 324 ) 
4 480 558 (64 -4736 320 ) (64 -5120 320 ) (64 -5120 343 ) (64 -4736 343 ) 
4 480 551 (156 -4736 320 ) (160 -4736 320 ) (160 -4753 320 ) (156 -4753 320 ) 
4 480 554 (160 -4753 320 ) (160 -5120 320 ) (156 -5120 320 ) (156 -4753 320 ) 
4 480 555 (64 -5120 320 ) (64 -4736 320 ) (156 -4736 320 ) (156 -5120 320 ) 
4 480 546 (164 -4734 320 ) (280 -4734 320 ) (280 -4737 320 ) (164 -4737 320 ) 
4 480 549 (280 -4737 320 ) (280 -5120 320 ) (164 -5120 320 ) (164 -4737 320 ) 
4 480 544 (280 -4734 320 ) (288 -4734 320 ) (288 -5120 320 ) (280 -5120 320 ) 
4 480 550 (160 -4734 320 ) (164 -4734 320 ) (164 -5120 320 ) (160 -5120 320 ) 
4 480 539 (288 -4752 320 ) (288 -4738 320 ) (292 -4738 320 ) (292 -4752 320 ) 
4 480 540 (292 -5120 320 ) (288 -5120 320 ) (288 -4752 320 ) (292 -4752 320 ) 
4 480 538 (416 -4738 320 ) (416 -5120 320 ) (292 -5120 320 ) (292 -4738 320 ) 
4 480 536 (288 -4734 320 ) (416 -4734 320 ) (416 -4738 320 ) (288 -4738 320 ) 
4 480 535 (512 -4736 320 ) (512 -5120 320 ) (416 -5120 320 ) (416 -4736 320 ) 
4 481 566 (1024 -4096 64 ) (1024 -4288 64 ) (960 -4288 64 ) (960 -4096 64 ) 
4 481 482 (960 -4096 64 ) (960 -4288 64 ) (960 -4288 320 ) (960 -4096 320 ) 
4 482 566 (832 -4352 64 ) (832 -4096 64 ) (960 -4096 64 ) (960 -4352 64 ) 
4 482 485 (832 -4096 64 ) (832 -4288 64 ) (832 -4288 320 ) (832 -4096 320 ) 
4 482 483 (832 -4352 320 ) (832 -4352 256 ) (960 -4352 256 ) (960 -4352 320 ) 
4 483 484 (832 -4608 320 ) (832 -4608 256 ) (960 -4608 256 ) (960 -4608 320 ) 
4 484 566 (960 -4672 64 ) (832 -4672 64 ) (832 -4608 64 ) (960 -4608 64 ) 
4 484 531 (960 -4672 320 ) (832 -4672 320 ) (832 -4672 64 ) (960 -4672 64 ) 
4 485 566 (768 -4288 64 ) (768 -4096 64 ) (832 -4096 64 ) (832 -4288 64 ) 
4 485 486 (768 -4096 64 ) (768 -4288 64 ) (768 -4288 320 ) (768 -4096 320 ) 
4 486 566 (640 -4352 64 ) (640 -4096 64 ) (768 -4096 64 ) (768 -4352 64 ) 
4 486 489 (640 -4096 64 ) (640 -4288 64 ) (640 -4288 320 ) (640 -4096 320 ) 
4 486 487 (640 -4352 320 ) (640 -4352 256 ) (768 -4352 256 ) (768 -4352 320 ) 
4 487 488 (640 -4608 320 ) (640 -4608 256 ) (768 -4608 256 ) (768 -4608 320 ) 
4 488 566 (768 -4672 64 ) (640 -4672 64 ) (640 -4608 64 ) (768 -4608 64 ) 
4 488 531 (768 -4672 320 ) (640 -4672 320 ) (640 -4672 64 ) (768 -4672 64 ) 
4 489 566 (576 -4288 64 ) (576 -4096 64 ) (640 -4096 64 ) (640 -4288 64 ) 
4 489 490 (576 -4096 64 ) (576 -4224 64 ) (576 -4224 320 ) (576 -4096 320 ) 
4 490 566 (512 -4224 64 ) (512 -4096 64 ) (576 -4096 64 ) (576 -4224 64 ) 
4 490 491 (512 -4096 64 ) (512 -4224 64 ) (512 -4224 320 ) (512 -4096 320 ) 
4 491 566 (416 -4096 64 ) (512 -4096 64 ) (512 -4224 64 ) (416 -4224 64 ) 
4 491 493 (416 -4224 65 ) (416 -4224 278 ) (416 -4096 278 ) (416 -4096 65 ) 
4 491 492 (416 -4224 278 ) (416 -4224 320 ) (416 -4096 320 ) (416 -4096 278 ) 
4 492 495 (400 -4228 320 ) (400 -4096 320 ) (400 -4096 278 ) (400 -4228 278 ) 
4 492 493 (416 -4096 278 ) (416 -4228 278 ) (400 -4228 278 ) (400 -4096 278 ) 
4 493 511 (400 -4240 65 ) (400 -4240 66 ) (400 -4096 66 ) (400 -4096 65 ) 
4 493 510 (400 -4240 66 ) (400 -4240 98 ) (400 -4096 98 ) (400 -4096 66 ) 
4 493 498 (400 -4240 98 ) (400 -4240 206 ) (400 -4096 206 ) (400 -4096 98 ) 
4 493 496 (400 -4240 206 ) (400 -4240 278 ) (400 -4228 278 ) (400 -4228 206 ) 
4 493 495 (400 -4228 278 ) (400 -4096 278 ) (400 -4096 206 ) (400 -4228 206 ) 
4 493 494 (400 -4240 208 ) (400 -4240 65 ) (416 -4240 65 ) (416 -4240 208 ) 
4 494 533 (400 -4672 208 ) (400 -4672 65 ) (512 -4672 65 ) (512 -4672 208 ) 
4 494 511 (400 -4336 66 ) (400 -4240 66 ) (400 -4240 65 ) (400 -4336 65 ) 
4 494 510 (400 -4336 98 ) (400 -4240 98 ) (400 -4240 66 ) (400 -4336 66 ) 
4 494 509 (400 -4672 98 ) (400 -4672 174 ) (400 -4416 174 ) (400 -4416 98 ) 
5 494 508 (400 -4416 174 ) (400 -4361.466797 174 ) (400 -4391.001953 108.998566 ) (400 -4415.200195 98 ) (400 -4416 98 ) 
3 494 507 (400 -4391.001953 108.998566 ) (400 -4396 98 ) (400 -4415.200195 98 ) 
5 494 506 (400 -4361.466797 174 ) (400 -4336 174 ) (400 -4336 133.998062 ) (400 -4372.770020 117.285309 ) (400 -4380.005859 133.198959 ) 
5 494 505 (400 -4336 133.998062 ) (400 -4336 98 ) (400 -4344.811035 98 ) (400 -4369.001953 108.998001 ) (400 -4372.770020 117.285309 ) 
4 494 504 (400 -4380.001465 113.998634 ) (400 -4387.235840 117.287621 ) (400 -4380.005859 133.198959 ) (400 -4372.770020 117.285309 ) 
3 494 503 (400 -4369.001953 108.998001 ) (400 -4380.001465 113.998634 ) (400 -4372.770020 117.285309 ) 
3 494 501 (400 -4391.001953 108.998589 ) (400 -4387.235840 117.287621 ) (400 -4380.001465 113.998634 ) 
5 494 500 (400 -4364.001465 98 ) (400 -4396 98 ) (400 -4391.001953 108.998589 ) (400 -4380.001465 113.998634 ) (400 -4369.001953 108.998001 ) 
3 494 502 (400 -4344.811035 98 ) (400 -4364.001465 98 ) (400 -4369.001953 108.998001 ) 
4 494 499 (400 -4672 174 ) (400 -4672 176 ) (400 -4336 176 ) (400 -4336 174 ) 
4 494 498 (400 -4336 206 ) (400 -4240 206 ) (400 -4240 98 ) (400 -4336 98 ) 
4 494 497 (400 -4336 208 ) (400 -4240 208 ) (400 -4240 206 ) (400 -4336 206 ) 
4 495 512 (398 -4228 320 ) (398 -4096 320 ) (398 -4096 206 ) (398 -4228 206 ) 
4 495 498 (398 -4228 206 ) (398 -4096 206 ) (400 -4096 206 ) (400 -4228 206 ) 
4 495 496 (398 -4228 278 ) (398 -4228 206 ) (400 -4228 206 ) (400 -4228 278 ) 
4 496 513 (398 -4228 278 ) (398 -4228 206 ) (398 -4240 206 ) (398 -4240 278 ) 
4 496 498 (398 -4240 206 ) (398 -4228 206 ) (400 -4228 206 ) (400 -4240 206 ) 
4 496 497 (398 -4240 208 ) (398 -4240 206 ) (400 -4240 206 ) (400 -4240 208 ) 
4 497 515 (398 -4336 208 ) (398 -4240 208 ) (398 -4240 206 ) (398 -4336 206 ) 
4 497 498 (398 -4336 206 ) (398 -4240 206 ) (400 -4240 206 ) (400 -4336 206 ) 
4 498 515 (398 -4336 206 ) (398 -4240 206 ) (398 -4240 98 ) (398 -4336 98 ) 
4 498 513 (398 -4240 206 ) (398 -4228 206 ) (398 -4228 98 ) (398 -4240 98 ) 
4 498 512 (398 -4228 206 ) (398 -4096 206 ) (398 -4096 98 ) (398 -4228 98 ) 
4 498 510 (398 -4336 98 ) (398 -4096 98 ) (400 -4096 98 ) (400 -4336 98 ) 
4 498 506 (400 -4336 133.998062 ) (400 -4336 174 ) (398 -4336 174 ) (398 -4336 133.998062 ) 
4 498 505 (398 -4336 98 ) (400 -4336 98 ) (400 -4336 133.998062 ) (398 -4336 133.998062 ) 
4 498 499 (400 -4336 174 ) (400 -4336 176 ) (398 -4336 176 ) (398 -4336 174 ) 
4 499 533 (398 -4672 176 ) (398 -4672 174 ) (400 -4672 174 ) (400 -4672 176 ) 
4 499 522 (398 -4672 174 ) (398 -4672 176 ) (398 -4670 176 ) (398 -4670 174 ) 
4 499 521 (398 -4670 176 ) (398 -4338 176 ) (398 -4338 174 ) (398 -4670 174 ) 
4 499 516 (398 -4338 176 ) (398 -4336 176 ) (398 -4336 174 ) (398 -4338 174 ) 
4 499 509 (398 -4672 174 ) (398 -4416 174 ) (400 -4416 174 ) (400 -4672 174 ) 
4 499 508 (398 -4416 174 ) (398 -4361.466797 174 ) (400 -4361.466309 174 ) (400 -4416 174 ) 
4 499 506 (398 -4361.466797 174 ) (398 -4336 174 ) (400 -4336 174 ) (400 -4361.466309 174 ) 
5 500 521 (398 -4364 98 ) (398 -4396 98 ) (398 -4391.002441 108.998367 ) (398 -4379.998047 114 ) (398 -4369.001953 109 ) 
4 500 507 (398 -4396 98 ) (400 -4396 98 ) (400 -4391.002441 108.998512 ) (398 -4391.003418 108.998016 ) 
4 500 503 (400 -4380.001953 113.998367 ) (400 -4369.001465 108.997169 ) (398 -4369.001465 109 ) (398 -4379.998535 114 ) 
4 500 502 (398 -4369 108.996567 ) (400 -4369 108.993568 ) (400 -4364.001465 98 ) (398 -4364 98 ) 
4 500 501 (400 -4380 113.998238 ) (398 -4379.996582 114 ) (398 -4391.002930 108.997177 ) (400 -4391.002441 108.997437 ) 
3 501 521 (398 -4391.002441 108.998367 ) (398 -4387.234863 117.290230 ) (398 -4379.998047 114 ) 
4 501 508 (400 -4391.002441 108.998512 ) (400 -4387.235840 117.287788 ) (398 -4387.235352 117.290375 ) (398 -4391.003418 108.998016 ) 
4 501 504 (398 -4387.234375 117.289627 ) (400 -4387.235352 117.286972 ) (400 -4380.001953 113.998367 ) (398 -4379.998535 114 ) 
3 502 521 (398 -4344.804688 98 ) (398 -4364 98 ) (398 -4369.001953 109 ) 
4 502 505 (400 -4369.001465 108.997169 ) (400 -4344.812988 98 ) (398 -4344.806152 98 ) (398 -4369.001465 109 ) 
3 503 521 (398 -4369.001953 109 ) (398 -4379.998047 114 ) (398 -4372.769043 117.285805 ) 
4 503 505 (400 -4369 108.993576 ) (398 -4369 108.996574 ) (398 -4372.769531 117.285774 ) (400 -4372.770508 117.285217 ) 
4 503 504 (400 -4372.769043 117.284943 ) (398 -4372.768066 117.285454 ) (398 -4379.996582 114 ) (400 -4380 113.998238 ) 
4 504 521 (398 -4379.998047 114 ) (398 -4387.234863 117.290230 ) (398 -4380.005371 133.200821 ) (398 -4372.769043 117.285805 ) 
4 504 508 (400 -4387.235840 117.287788 ) (400 -4380.005859 133.199081 ) (398 -4380.005371 133.201523 ) (398 -4387.235352 117.290375 ) 
4 504 506 (398 -4372.769531 117.285774 ) (398 -4380.005371 133.198776 ) (400 -4380.005859 133.196777 ) (400 -4372.770508 117.285217 ) 
5 505 521 (398 -4338 98 ) (398 -4344.804688 98 ) (398 -4369.001953 109 ) (398 -4372.769043 117.285797 ) (398 -4338 133.089020 ) 
4 505 517 (398 -4336 133.998062 ) (398 -4336 98 ) (398 -4338 98 ) (398 -4338 133.089020 ) 
4 505 506 (400 -4336 133.997055 ) (398 -4336 133.997055 ) (398 -4372.768066 117.285454 ) (400 -4372.769043 117.284943 ) 
5 506 521 (398 -4361.466797 174 ) (398 -4338 174 ) (398 -4338 133.089020 ) (398 -4372.769043 117.285797 ) (398 -4380.005371 133.200821 ) 
4 506 517 (398 -4338 174 ) (398 -4336 174 ) (398 -4336 133.998062 ) (398 -4338 133.089020 ) 
4 506 508 (400 -4380.005859 133.199081 ) (400 -4361.466797 174 ) (398 -4361.467285 174 ) (398 -4380.005371 133.201523 ) 
3 507 521 (398 -4391.002441 108.998421 ) (398 -4396 98 ) (398 -4415.200684 98 ) 
4 507 508 (400 -4391.002930 108.998322 ) (398 -4391.003418 108.998062 ) (398 -4415.201660 98 ) (400 -4415.201660 98 ) 
5 508 521 (398 -4416 174 ) (398 -4361.466797 174 ) (398 -4391.002441 108.998421 ) (398 -4415.200684 98 ) (398 -4416 98 ) 
4 508 509 (398 -4416 98 ) (400 -4416 98 ) (400 -4416 174 ) (398 -4416 174 ) 
4 509 533 (398 -4672 174 ) (398 -4672 98 ) (400 -4672 98 ) (400 -4672 174 ) 
4 509 523 (398 -4672 98 ) (398 -4672 174 ) (398 -4670 174 ) (398 -4670 98 ) 
4 509 521 (398 -4670 174 ) (398 -4416 174 ) (398 -4416 98 ) (398 -4670 98 ) 
4 510 515 (398 -4336 98 ) (398 -4240 98 ) (398 -4240 66 ) (398 -4336 66 ) 
4 510 513 (398 -4240 98 ) (398 -4228 98 ) (398 -4228 66 ) (398 -4240 66 ) 
4 510 512 (398 -4228 98 ) (398 -4096 98 ) (398 -4096 66 ) (398 -4228 66 ) 
4 510 511 (398 -4336 66 ) (398 -4096 66 ) (400 -4096 66 ) (400 -4336 66 ) 
4 511 515 (398 -4336 66 ) (398 -4240 66 ) (398 -4240 65 ) (398 -4336 65 ) 
4 511 513 (398 -4240 66 ) (398 -4228 66 ) (398 -4228 65 ) (398 -4240 65 ) 
4 511 512 (398 -4228 66 ) (398 -4096 66 ) (398 -4096 65 ) (398 -4228 65 ) 
4 512 514 (160 -4224 320 ) (160 -4096 320 ) (160 -4096 65 ) (160 -4224 65 ) 
4 512 513 (160 -4228 278 ) (160 -4228 65 ) (398 -4228 65 ) (398 -4228 278 ) 
4 513 515 (398 -4240 65 ) (398 -4240 208 ) (160 -4240 208 ) (160 -4240 65 ) 
4 514 566 (64 -4224 64 ) (64 -4096 64 ) (160 -4096 64 ) (160 -4224 64 ) 
4 514 564 (64 -4096 65 ) (64 -4096 64 ) (64 -4224 64 ) (64 -4224 65 ) 
4 514 559 (64 -4096 165 ) (64 -4096 65 ) (64 -4224 65 ) (64 -4224 165 ) 
4 514 556 (64 -4096 320 ) (64 -4096 165 ) (64 -4224 165 ) (64 -4224 320 ) 
4 515 530 (288 -4336 208 ) (64 -4336 208 ) (64 -4336 65 ) (288 -4336 65 ) 
4 515 528 (288 -4336 174 ) (288 -4336 98 ) (290 -4336 98 ) (290 -4336 174 ) 
4 515 527 (288 -4336 176 ) (288 -4336 174 ) (290 -4336 174 ) (290 -4336 176 ) 
4 515 529 (288 -4336 98 ) (288 -4336 96 ) (290 -4336 96 ) (290 -4336 98 ) 
4 515 525 (336 -4336 96 ) (290 -4336 96 ) (290 -4336 66 ) (336 -4336 66 ) 
4 515 517 (398 -4336 98 ) (398 -4336 174 ) (336 -4336 174 ) (336 -4336 98 ) 
4 515 516 (398 -4336 174 ) (398 -4336 176 ) (336 -4336 176 ) (336 -4336 174 ) 
4 515 518 (398 -4336 96 ) (398 -4336 98 ) (336 -4336 98 ) (336 -4336 96 ) 
4 515 519 (336 -4336 176 ) (290 -4336 176 ) (290 -4336 96 ) (336 -4336 96 ) 
4 516 521 (398 -4338 174 ) (398 -4338 176 ) (336 -4338 176 ) (336 -4338 174 ) 
4 516 519 (336 -4338 174 ) (336 -4338 176 ) (336 -4336 176 ) (336 -4336 174 ) 
4 516 517 (398 -4338 174 ) (336 -4338 174 ) (336 -4336 174 ) (398 -4336 174 ) 
4 517 521 (398 -4338 98 ) (398 -4338 174 ) (336 -4338 174 ) (336 -4338 98 ) 
4 517 518 (398 -4338 98 ) (336 -4338 98 ) (336 -4336 98 ) (398 -4336 98 ) 
4 517 519 (336 -4338 98 ) (336 -4338 174 ) (336 -4336 174 ) (336 -4336 98 ) 
4 518 521 (336 -4338 96 ) (398 -4338 96 ) (398 -4338 98 ) (336 -4338 98 ) 
4 518 519 (336 -4336 96 ) (336 -4338 96 ) (336 -4338 98 ) (336 -4336 98 ) 
4 519 528 (290 -4336 174 ) (290 -4336 98 ) (290 -4338 98 ) (290 -4338 174 ) 
4 519 527 (290 -4336 176 ) (290 -4336 174 ) (290 -4338 174 ) (290 -4338 176 ) 
4 519 529 (290 -4336 98 ) (290 -4336 96 ) (290 -4338 96 ) (290 -4338 98 ) 
4 519 525 (290 -4338 96 ) (290 -4336 96 ) (336 -4336 96 ) (336 -4338 96 ) 
4 519 521 (290 -4338 96 ) (336 -4338 96 ) (336 -4338 176 ) (290 -4338 176 ) 
4 520 521 (290 -4670 176 ) (290 -4338 176 ) (398 -4338 176 ) (398 -4670 176 ) 
4 521 528 (290 -4670 98 ) (290 -4670 174 ) (290 -4338 174 ) (290 -4338 98 ) 
4 521 527 (290 -4670 174 ) (290 -4670 176 ) (290 -4338 176 ) (290 -4338 174 ) 
4 521 529 (290 -4338 96 ) (290 -4670 96 ) (290 -4670 98 ) (290 -4338 98 ) 
4 521 526 (290 -4670 96 ) (290 -4338 96 ) (398 -4338 96 ) (398 -4670 96 ) 
4 521 523 (398 -4670 98 ) (398 -4670 174 ) (290 -4670 174 ) (290 -4670 98 ) 
4 521 522 (398 -4670 174 ) (398 -4670 176 ) (290 -4670 176 ) (290 -4670 174 ) 
4 521 524 (290 -4670 96 ) (398 -4670 96 ) (398 -4670 98 ) (290 -4670 98 ) 
4 522 533 (334 -4672 174 ) (398 -4672 174 ) (398 -4672 176 ) (334 -4672 176 ) 
4 522 527 (290 -4672 174 ) (290 -4672 176 ) (290 -4670 176 ) (290 -4670 174 ) 
4 522 523 (290 -4672 174 ) (290 -4670 174 ) (398 -4670 174 ) (398 -4672 174 ) 
4 523 533 (334 -4672 98 ) (398 -4672 98 ) (398 -4672 174 ) (334 -4672 174 ) 
4 523 528 (290 -4672 98 ) (290 -4672 174 ) (290 -4670 174 ) (290 -4670 98 ) 
4 523 524 (290 -4672 98 ) (290 -4670 98 ) (398 -4670 98 ) (398 -4672 98 ) 
4 524 533 (334 -4672 96 ) (398 -4672 96 ) (398 -4672 98 ) (334 -4672 98 ) 
4 524 529 (290 -4670 96 ) (290 -4672 96 ) (290 -4672 98 ) (290 -4670 98 ) 
4 525 526 (290 -4338 66 ) (336 -4338 66 ) (336 -4338 96 ) (290 -4338 96 ) 
4 527 530 (288 -4336 176 ) (288 -4336 174 ) (288 -4672 174 ) (288 -4672 176 ) 
4 527 528 (288 -4672 174 ) (288 -4336 174 ) (290 -4336 174 ) (290 -4672 174 ) 
4 528 530 (288 -4336 174 ) (288 -4336 98 ) (288 -4672 98 ) (288 -4672 174 ) 
4 528 529 (288 -4672 98 ) (288 -4336 98 ) (290 -4336 98 ) (290 -4672 98 ) 
4 529 530 (288 -4336 98 ) (288 -4336 96 ) (288 -4672 96 ) (288 -4672 98 ) 
4 530 560 (64 -4672 65 ) (64 -4672 165 ) (64 -4621 165 ) (64 -4621 65 ) 
4 530 534 (64 -4672 208 ) (64 -4672 65 ) (288 -4672 65 ) (288 -4672 208 ) 
4 531 566 (1024 -4672 64 ) (1024 -5120 64 ) (576 -5120 64 ) (576 -4672 64 ) 
4 531 532 (576 -4736 64 ) (576 -5120 64 ) (576 -5120 320 ) (576 -4736 320 ) 
4 532 566 (576 -5120 64 ) (512 -5120 64 ) (512 -4736 64 ) (576 -4736 64 ) 
4 532 535 (512 -4736 64 ) (512 -5120 64 ) (512 -5120 320 ) (512 -4736 320 ) 
4 533 537 (416 -4720 208 ) (334 -4720 208 ) (334 -4720 65 ) (416 -4720 65 ) 
4 534 560 (64 -4691 165 ) (64 -4672 165 ) (64 -4672 65 ) (64 -4691 65 ) 
4 534 545 (280 -4720 208 ) (164 -4720 208 ) (164 -4720 65 ) (280 -4720 65 ) 
4 534 544 (288 -4720 208 ) (280 -4720 208 ) (280 -4720 65 ) (288 -4720 65 ) 
4 534 550 (164 -4720 208 ) (160 -4720 208 ) (160 -4720 65 ) (164 -4720 65 ) 
4 535 566 (512 -5120 64 ) (416 -5120 64 ) (416 -4736 64 ) (512 -4736 64 ) 
4 535 538 (416 -5120 65 ) (416 -5120 320 ) (416 -4738 320 ) (416 -4738 65 ) 
4 535 537 (416 -4738 65 ) (416 -4738 217.944016 ) (416 -4736 217.944016 ) (416 -4736 65 ) 
4 535 536 (416 -4738 217.944016 ) (416 -4738 320 ) (416 -4736 320 ) (416 -4736 217.944016 ) 
4 536 544 (288 -4720 320 ) (288 -4720 217.944016 ) (288 -4738 217.944016 ) (288 -4738 320 ) 
4 536 539 (288 -4738 320 ) (288 -4738 217.944016 ) (292 -4738 217.944016 ) (292 -4738 320 ) 
4 536 538 (292 -4738 217.944016 ) (416 -4738 217.944016 ) (416 -4738 320 ) (292 -4738 320 ) 
4 536 537 (416 -4738 217.944016 ) (334 -4738 217.944016 ) (334 -4720 217.944016 ) (416 -4720 217.944016 ) 
4 537 538 (416 -4738 65 ) (416 -4738 217.944016 ) (334 -4738 217.944016 ) (334 -4738 65 ) 
4 538 541 (292 -4738 184 ) (292 -4738 100 ) (292 -4755 100 ) (292 -4755 184 ) 
4 538 542 (292 -4738 90 ) (292 -4738 65 ) (292 -4755 65 ) (292 -4755 90 ) 
4 538 543 (292 -4755 65 ) (292 -5120 65 ) (292 -5120 184 ) (292 -4755 184 ) 
4 538 539 (292 -4738 320 ) (292 -4738 192 ) (292 -4752 192 ) (292 -4752 320 ) 
4 538 540 (292 -4752 184 ) (292 -5120 184 ) (292 -5120 320 ) (292 -4752 320 ) 
4 539 544 (288 -4752 320 ) (288 -4738 320 ) (288 -4738 192 ) (288 -4752 192 ) 
4 539 540 (288 -4752 320 ) (288 -4752 192 ) (292 -4752 192 ) (292 -4752 320 ) 
4 540 544 (288 -5120 184 ) (288 -5120 320 ) (288 -4752 320 ) (288 -4752 184 ) 
4 540 541 (288 -4755 184 ) (288 -4752 184 ) (292 -4752 184 ) (292 -4755 184 ) 
4 540 543 (288 -5120 184 ) (288 -4755 184 ) (292 -4755 184 ) (292 -5120 184 ) 
4 541 544 (288 -4755 184 ) (288 -4738 184 ) (288 -4738 100 ) (288 -4755 100 ) 
4 541 543 (292 -4755 100 ) (292 -4755 184 ) (288 -4755 184 ) (288 -4755 100 ) 
4 542 544 (288 -4738 90 ) (288 -4738 65 ) (288 -4755 65 ) (288 -4755 90 ) 
4 542 543 (288 -4755 65 ) (292 -4755 65 ) (292 -4755 90 ) (288 -4755 90 ) 
4 543 544 (288 -5120 65 ) (288 -5120 184 ) (288 -4755 184 ) (288 -4755 65 ) 
4 544 547 (280 -4737 66 ) (280 -4737 216 ) (280 -4731 216 ) (280 -4731 66 ) 
4 544 546 (280 -4737 216 ) (280 -4737 320 ) (280 -4731 320 ) (280 -4731 216 ) 
4 544 548 (280 -4731 65 ) (280 -4737 65 ) (280 -4737 66 ) (280 -4731 66 ) 
4 544 545 (280 -4720 320 ) (280 -4720 65 ) (280 -4731 65 ) (280 -4731 320 ) 
4 544 549 (280 -4737 65 ) (280 -5120 65 ) (280 -5120 320 ) (280 -4737 320 ) 
4 545 547 (164 -4731 216 ) (164 -4731 66 ) (280 -4731 66 ) (280 -4731 216 ) 
4 545 546 (164 -4731 320 ) (164 -4731 216 ) (280 -4731 216 ) (280 -4731 320 ) 
4 545 548 (164 -4731 66 ) (164 -4731 65 ) (280 -4731 65 ) (280 -4731 66 ) 
4 545 550 (164 -4720 320 ) (164 -4720 65 ) (164 -4731 65 ) (164 -4731 320 ) 
4 546 549 (164 -4737 320 ) (164 -4737 216 ) (280 -4737 216 ) (280 -4737 320 ) 
4 546 550 (164 -4737 216 ) (164 -4737 320 ) (164 -4731 320 ) (164 -4731 216 ) 
4 546 547 (280 -4737 216 ) (164 -4737 216 ) (164 -4731 216 ) (280 -4731 216 ) 
4 547 548 (280 -4737 66 ) (164 -4737 66 ) (164 -4731 66 ) (280 -4731 66 ) 
4 547 549 (164 -4737 216 ) (164 -4737 66 ) (280 -4737 66 ) (280 -4737 216 ) 
4 547 550 (164 -4737 66 ) (164 -4737 216 ) (164 -4731 216 ) (164 -4731 66 ) 
4 548 550 (164 -4731 65 ) (164 -4737 65 ) (164 -4737 66 ) (164 -4731 66 ) 
4 548 549 (164 -4737 66 ) (164 -4737 65 ) (280 -4737 65 ) (280 -4737 66 ) 
4 549 550 (164 -4737 65 ) (164 -5120 65 ) (164 -5120 320 ) (164 -4737 320 ) 
4 550 552 (160 -4753 100 ) (160 -4753 184 ) (160 -4736 184 ) (160 -4736 100 ) 
4 550 553 (160 -4736 65 ) (160 -4753 65 ) (160 -4753 88 ) (160 -4736 88 ) 
4 550 551 (160 -4753 192 ) (160 -4753 320 ) (160 -4736 320 ) (160 -4736 192 ) 
4 550 554 (160 -4753 65 ) (160 -5120 65 ) (160 -5120 320 ) (160 -4753 320 ) 
4 551 555 (156 -4736 320 ) (156 -4736 192 ) (156 -4753 192 ) (156 -4753 320 ) 
4 551 554 (156 -4753 320 ) (156 -4753 192 ) (160 -4753 192 ) (160 -4753 320 ) 
4 552 554 (156 -4753 184 ) (156 -4753 100 ) (160 -4753 100 ) (160 -4753 184 ) 
4 552 555 (156 -4736 184 ) (156 -4736 100 ) (156 -4753 100 ) (156 -4753 184 ) 
4 553 566 (156 -4753 64 ) (156 -4736 64 ) (160 -4736 64 ) (160 -4753 64 ) 
4 553 555 (156 -4736 88 ) (156 -4736 64 ) (156 -4753 64 ) (156 -4753 88 ) 
4 553 554 (156 -4753 88 ) (156 -4753 64 ) (160 -4753 64 ) (160 -4753 88 ) 
4 554 566 (160 -5120 64 ) (156 -5120 64 ) (156 -4753 64 ) (160 -4753 64 ) 
4 554 555 (156 -4753 64 ) (156 -5120 64 ) (156 -5120 320 ) (156 -4753 320 ) 
4 555 566 (156 -5120 64 ) (64 -5120 64 ) (64 -4736 64 ) (156 -4736 64 ) 
4 555 565 (64 -4736 64 ) (64 -5120 64 ) (64 -5120 65 ) (64 -4736 65 ) 
4 555 561 (64 -5120 65 ) (64 -5120 165 ) (64 -4736 165 ) (64 -4736 65 ) 
4 555 558 (64 -5120 165 ) (64 -5120 320 ) (64 -4736 320 ) (64 -4736 165 ) 
4 556 1057 (0 -4096 320 ) (0 -4096 165 ) (0 -4224 165 ) (0 -4224 320 ) 
4 556 1056 (0 -4224 9978.230469 ) (0 -4096 9978.230469 ) (0 -4096 320 ) (0 -4224 320 ) 
4 556 562 (14 -4224 165 ) (0 -4224 165 ) (0 -4096 165 ) (14 -4096 165 ) 
4 556 559 (64 -4096 165 ) (64 -4224 165 ) (14 -4224 165 ) (14 -4096 165 ) 
4 556 557 (64 -4224 511.997955 ) (64 -4224 9978.230469 ) (0 -4224 9978.230469 ) (0 -4224 319.998047 ) 
4 557 1056 (0 -4736 9978.230469 ) (0 -4224 9978.230469 ) (0 -4224 319.998047 ) (0 -4736 319.997986 ) 
4 557 558 (64 -4736 511.997955 ) (64 -4736 9978.230469 ) (0 -4736 9978.230469 ) (0 -4736 319.998047 ) 
4 558 1058 (0 -5120 165 ) (0 -5120 320 ) (0 -4736 320 ) (0 -4736 165 ) 
4 558 1056 (0 -5120 320 ) (0 -5120 9978.230469 ) (0 -4736 9978.230469 ) (0 -4736 320 ) 
4 558 563 (14 -5120 165 ) (0 -5120 165 ) (0 -4736 165 ) (14 -4736 165 ) 
4 558 561 (64 -4736 165 ) (64 -5120 165 ) (14 -5120 165 ) (14 -4736 165 ) 
4 559 564 (14 -4096 65 ) (64 -4096 65 ) (64 -4224 65 ) (14 -4224 65 ) 
4 559 562 (14 -4096 65 ) (14 -4224 65 ) (14 -4224 165 ) (14 -4096 165 ) 
4 561 565 (64 -4736 65 ) (64 -5120 65 ) (14 -5120 65 ) (14 -4736 65 ) 
4 561 563 (14 -4736 65 ) (14 -5120 65 ) (14 -5120 165 ) (14 -4736 165 ) 
4 562 1057 (0 -4224 165 ) (0 -4096 165 ) (0 -4096 65 ) (0 -4224 65 ) 
4 562 564 (0 -4224 65 ) (0 -4096 65 ) (14 -4096 65 ) (14 -4224 65 ) 
4 563 1058 (0 -5120 65 ) (0 -5120 165 ) (0 -4736 165 ) (0 -4736 65 ) 
4 563 565 (0 -5120 65 ) (0 -4736 65 ) (14 -4736 65 ) (14 -5120 65 ) 
4 564 1057 (0 -4224 65 ) (0 -4096 65 ) (0 -4096 64 ) (0 -4224 64 ) 
4 564 566 (0 -4224 64 ) (0 -4096 64 ) (64 -4096 64 ) (64 -4224 64 ) 
4 565 1058 (0 -5120 64 ) (0 -5120 65 ) (0 -4736 65 ) (0 -4736 64 ) 
4 565 566 (64 -5120 64 ) (0 -5120 64 ) (0 -4736 64 ) (64 -4736 64 ) 
4 566 1076 (0 -5120 63 ) (0 -5120 64 ) (0 -4096 64 ) (0 -4096 63 ) 
4 567 570 (1024 -5120 16 ) (576 -5120 16 ) (576 -4096 16 ) (1024 -4096 16 ) 
4 567 568 (576 -4096 16 ) (576 -4224 16 ) (576 -4224 26 ) (576 -4096 26 ) 
4 567 569 (576 -4736 16 ) (576 -5120 16 ) (576 -5120 26 ) (576 -4736 26 ) 
4 568 1077 (0 -4224 26 ) (0 -4096 26 ) (0 -4096 16 ) (0 -4224 16 ) 
4 568 576 (0 -4224 16 ) (0 -4096 16 ) (10 -4096 16 ) (10 -4224 16 ) 
4 568 573 (10 -4096 16 ) (566 -4096 16 ) (566 -4224 16 ) (10 -4224 16 ) 
4 568 571 (566 -4096 16 ) (576 -4096 16 ) (576 -4224 16 ) (566 -4224 16 ) 
4 569 1077 (0 -5120 16 ) (0 -5120 26 ) (0 -4736 26 ) (0 -4736 16 ) 
4 569 577 (10 -5120 16 ) (0 -5120 16 ) (0 -4736 16 ) (10 -4736 16 ) 
4 569 575 (566 -5120 16 ) (10 -5120 16 ) (10 -4736 16 ) (566 -4736 16 ) 
4 569 572 (576 -5120 16 ) (566 -5120 16 ) (566 -4736 16 ) (576 -4736 16 ) 
4 570 590 (1024 -4614 -120 ) (1024 -4736 -120 ) (576 -4736 -120 ) (576 -4614 -120 ) 
4 570 592 (1024 -4736 -120 ) (1024 -5120 -120 ) (576 -5120 -120 ) (576 -4736 -120 ) 
4 570 585 (1024 -4346 -120 ) (1024 -4614 -120 ) (576 -4614 -120 ) (576 -4346 -120 ) 
4 570 579 (1024 -4224 -120 ) (1024 -4346 -120 ) (576 -4346 -120 ) (576 -4224 -120 ) 
4 570 578 (1024 -4096 -120 ) (1024 -4224 -120 ) (576 -4224 -120 ) (576 -4096 -120 ) 
4 570 571 (576 -4096 -120 ) (576 -4224 -120 ) (576 -4224 16 ) (576 -4096 16 ) 
4 570 572 (576 -4736 -120 ) (576 -5120 -120 ) (576 -5120 16 ) (576 -4736 16 ) 
4 571 578 (566 -4224 -120 ) (566 -4096 -120 ) (576 -4096 -120 ) (576 -4224 -120 ) 
4 571 573 (566 -4096 -120 ) (566 -4224 -120 ) (566 -4224 16 ) (566 -4096 16 ) 
4 572 592 (576 -5120 -120 ) (566 -5120 -120 ) (566 -4736 -120 ) (576 -4736 -120 ) 
4 572 575 (566 -4736 -120 ) (566 -5120 -120 ) (566 -5120 16 ) (566 -4736 16 ) 
4 573 578 (10 -4224 -120 ) (10 -4096 -120 ) (566 -4096 -120 ) (566 -4224 -120 ) 
4 573 576 (10 -4096 -120 ) (10 -4224 -120 ) (10 -4224 16 ) (10 -4096 16 ) 
4 574 591 (10 -4726 -120 ) (10 -4614 -120 ) (566 -4614 -120 ) (566 -4726 -120 ) 
4 574 587 (10 -4614 -120 ) (10 -4346 -120 ) (566 -4346 -120 ) (566 -4614 -120 ) 
4 574 584 (10 -4346 -120 ) (10 -4234 -120 ) (104 -4234 -120 ) (104 -4346 -120 ) 
4 574 583 (104 -4234 -120 ) (472 -4234 -120 ) (472 -4346 -120 ) (104 -4346 -120 ) 
4 574 580 (472 -4234 -120 ) (566 -4234 -120 ) (566 -4346 -120 ) (472 -4346 -120 ) 
4 575 592 (566 -5120 -120 ) (10 -5120 -120 ) (10 -4736 -120 ) (566 -4736 -120 ) 
4 575 577 (10 -4736 -120 ) (10 -5120 -120 ) (10 -5120 16 ) (10 -4736 16 ) 
4 576 1077 (0 -4224 16 ) (0 -4096 16 ) (0 -4096 -120 ) (0 -4224 -120 ) 
4 576 578 (0 -4224 -120 ) (0 -4096 -120 ) (10 -4096 -120 ) (10 -4224 -120 ) 
4 577 1077 (0 -5120 -120 ) (0 -5120 16 ) (0 -4736 16 ) (0 -4736 -120 ) 
4 577 592 (10 -5120 -120 ) (0 -5120 -120 ) (0 -4736 -120 ) (10 -4736 -120 ) 
4 578 1077 (0 -4224 -120 ) (0 -4096 -120 ) (0 -4096 -300 ) (0 -4224 -300 ) 
4 578 595 (218 -4096 -300 ) (358 -4096 -300 ) (358 -4224 -300 ) (218 -4224 -300 ) 
4 578 593 (358 -4096 -300 ) (1024 -4096 -300 ) (1024 -4224 -300 ) (358 -4224 -300 ) 
4 578 596 (0 -4224 -300 ) (0 -4096 -300 ) (218 -4096 -300 ) (218 -4224 -300 ) 
4 578 581 (104 -4224 -300 ) (472 -4224 -300 ) (472 -4224 -120 ) (104 -4224 -120 ) 
4 578 579 (576 -4224 -300 ) (1024 -4224 -300 ) (1024 -4224 -120 ) (576 -4224 -120 ) 
4 579 597 (576 -4224 -300 ) (1024 -4224 -300 ) (1024 -4346 -300 ) (576 -4346 -300 ) 
4 579 585 (576 -4346 -300 ) (1024 -4346 -300 ) (1024 -4346 -120 ) (576 -4346 -120 ) 
4 580 598 (566 -4234 -300 ) (566 -4346 -300 ) (472 -4346 -300 ) (472 -4234 -300 ) 
4 580 587 (472 -4346 -300 ) (566 -4346 -300 ) (566 -4346 -120 ) (472 -4346 -120 ) 
4 580 583 (472 -4234 -300 ) (472 -4346 -300 ) (472 -4346 -120 ) (472 -4234 -120 ) 
4 581 582 (104 -4226 -120 ) (104 -4226 -300 ) (472 -4226 -300 ) (472 -4226 -120 ) 
4 582 583 (104 -4232 -120 ) (104 -4232 -300 ) (472 -4232 -300 ) (472 -4232 -120 ) 
4 583 598 (472 -4234 -300 ) (472 -4346 -300 ) (104 -4346 -300 ) (104 -4234 -300 ) 
4 583 587 (104 -4346 -300 ) (472 -4346 -300 ) (472 -4346 -120 ) (104 -4346 -120 ) 
4 583 584 (104 -4234 -300 ) (104 -4346 -300 ) (104 -4346 -120 ) (104 -4234 -120 ) 
4 584 598 (104 -4234 -300 ) (104 -4346 -300 ) (10 -4346 -300 ) (10 -4234 -300 ) 
4 584 587 (10 -4346 -300 ) (104 -4346 -300 ) (104 -4346 -120 ) (10 -4346 -120 ) 
4 585 597 (576 -4346 -300 ) (1024 -4346 -300 ) (1024 -4614 -300 ) (576 -4614 -300 ) 
4 585 590 (576 -4614 -300 ) (1024 -4614 -300 ) (1024 -4614 -120 ) (576 -4614 -120 ) 
4 585 586 (574 -4346 -120 ) (574 -4346 -300 ) (574 -4614 -300 ) (574 -4614 -120 ) 
4 586 587 (568 -4346 -120 ) (568 -4346 -300 ) (568 -4614 -300 ) (568 -4614 -120 ) 
4 587 598 (10 -4346 -300 ) (566 -4346 -300 ) (566 -4614 -300 ) (10 -4614 -300 ) 
4 587 591 (10 -4614 -300 ) (566 -4614 -300 ) (566 -4614 -120 ) (10 -4614 -120 ) 
4 587 588 (8 -4346 -120 ) (8 -4346 -300 ) (8 -4614 -300 ) (8 -4614 -120 ) 
4 588 589 (2 -4346 -120 ) (2 -4346 -300 ) (2 -4614 -300 ) (2 -4614 -120 ) 
4 589 1077 (0 -4614 -120 ) (0 -4346 -120 ) (0 -4346 -300 ) (0 -4614 -300 ) 
4 590 597 (576 -4614 -300 ) (1024 -4614 -300 ) (1024 -4736 -300 ) (576 -4736 -300 ) 
4 590 592 (576 -4736 -300 ) (1024 -4736 -300 ) (1024 -4736 -120 ) (576 -4736 -120 ) 
4 591 598 (10 -4614 -300 ) (566 -4614 -300 ) (566 -4726 -300 ) (10 -4726 -300 ) 
4 592 1077 (0 -5120 -300 ) (0 -5120 -120 ) (0 -4736 -120 ) (0 -4736 -300 ) 
4 592 605 (368 -5120 -300 ) (208 -5120 -300 ) (208 -4736 -300 ) (368 -4736 -300 ) 
4 592 604 (1024 -5120 -300 ) (368 -5120 -300 ) (368 -4736 -300 ) (1024 -4736 -300 ) 
4 592 606 (208 -5120 -300 ) (0 -5120 -300 ) (0 -4736 -300 ) (208 -4736 -300 ) 
4 593 603 (358 -4224 -534 ) (358 -4224 -1473 ) (1024 -4224 -1473 ) (1024 -4224 -534 ) 
4 593 602 (576 -4224 -534 ) (1024 -4224 -534 ) (1024 -4224 -524 ) (576 -4224 -524 ) 
4 593 597 (1024 -4224 -300 ) (576 -4224 -300 ) (576 -4224 -524 ) (1024 -4224 -524 ) 
4 593 595 (358 -4224 -523.995911 ) (358 -4224 -300 ) (358 -4096 -300 ) (358 -4096 -651.861572 ) 
4 593 594 (358 -4096 -1473 ) (358 -4224 -1473 ) (358 -4224 -534 ) (358 -4096 -661.457031 ) 
4 594 603 (218 -4224 -534 ) (218 -4224 -1473 ) (358 -4224 -1473 ) (358 -4224 -534 ) 
4 594 596 (218 -4096 -1473 ) (218 -4224 -1473 ) (218 -4224 -534 ) (218 -4096 -661.457031 ) 
4 595 600 (218 -4224 -424 ) (218 -4224 -523.995972 ) (358 -4224 -523.995911 ) (358 -4224 -424 ) 
4 595 596 (218 -4224 -523.995911 ) (218 -4224 -300 ) (218 -4096 -300 ) (218 -4096 -651.861572 ) 
4 596 1077 (0 -4224 -1473 ) (0 -4224 -300 ) (0 -4096 -300 ) (0 -4096 -1473 ) 
4 596 603 (0 -4224 -534 ) (0 -4224 -1473 ) (218 -4224 -1473 ) (218 -4224 -534 ) 
4 597 607 (1024 -4736 -524 ) (1024 -4736 -424 ) (576 -4736 -424 ) (576 -4736 -524 ) 
4 597 604 (1024 -4736 -424 ) (1024 -4736 -300 ) (576 -4736 -300 ) (576 -4736 -424 ) 
4 597 602 (1024 -4736 -524 ) (576 -4736 -524 ) (576 -4224 -524 ) (1024 -4224 -524 ) 
4 598 601 (10 -4726 -424 ) (10 -4234 -424 ) (218 -4234 -424 ) (218 -4726 -424 ) 
4 598 599 (358 -4234 -424 ) (566 -4234 -424 ) (566 -4726 -424 ) (358 -4726 -424 ) 
4 598 600 (218 -4234 -424 ) (358 -4234 -424 ) (358 -4726 -424 ) (218 -4726 -424 ) 
4 599 600 (358 -4234 -524 ) (358 -4726 -524 ) (358 -4726 -424 ) (358 -4234 -424 ) 
4 600 608 (218 -4736 -524 ) (358 -4736 -524 ) (358 -4736 -424 ) (218 -4736 -424 ) 
4 600 601 (218 -4234 -524 ) (218 -4726 -524 ) (218 -4726 -424 ) (218 -4234 -424 ) 
4 602 610 (1024 -4736 -534 ) (1024 -4736 -524 ) (576 -4736 -524 ) (576 -4736 -534 ) 
4 602 603 (1024 -4736 -534 ) (576 -4736 -534 ) (576 -4224 -534 ) (1024 -4224 -534 ) 
4 603 1077 (0 -4736 -1473 ) (0 -4736 -534 ) (0 -4224 -534 ) (0 -4224 -1473 ) 
4 603 611 (368 -4736 -534 ) (208 -4736 -534 ) (208 -4736 -1473 ) (368 -4736 -1473 ) 
4 603 610 (1024 -4736 -1473 ) (1024 -4736 -534 ) (368 -4736 -534 ) (368 -4736 -1473 ) 
4 603 612 (208 -4736 -534 ) (0 -4736 -534 ) (0 -4736 -1473 ) (208 -4736 -1473 ) 
4 604 607 (368 -4736 -424 ) (1024 -4736 -424 ) (1024 -5120 -424 ) (368 -5120 -424 ) 
4 604 605 (368 -4736 -300 ) (368 -4736 -414 ) (368 -5120 -414 ) (368 -5120 -300 ) 
4 605 606 (208 -4736 -300 ) (208 -4736 -414 ) (208 -5120 -414 ) (208 -5120 -300 ) 
4 606 1077 (0 -5120 -424 ) (0 -5120 -300 ) (0 -4736 -300 ) (0 -4736 -424 ) 
4 606 609 (0 -4736 -424 ) (208 -4736 -424 ) (208 -5120 -424 ) (0 -5120 -424 ) 
4 607 610 (1024 -5120 -524 ) (368 -5120 -524 ) (368 -4736 -524 ) (1024 -4736 -524 ) 
4 608 645 (358 -5120 -424 ) (218 -5120 -424 ) (218 -5120 -524 ) (358 -5120 -524 ) 
4 609 1077 (0 -5120 -524 ) (0 -5120 -424 ) (0 -4736 -424 ) (0 -4736 -524 ) 
4 609 612 (208 -5120 -524 ) (0 -5120 -524 ) (0 -4736 -524 ) (208 -4736 -524 ) 
4 610 611 (368 -4736 -1473 ) (368 -5120 -1473 ) (368 -5120 -534 ) (368 -4736 -534 ) 
4 611 612 (208 -4736 -1473 ) (208 -5120 -1473 ) (208 -5120 -534 ) (208 -4736 -534 ) 
4 612 1077 (0 -5120 -1473 ) (0 -5120 -524 ) (0 -4736 -524 ) (0 -4736 -1473 ) 
4 613 654 (1848 -6144 -4 ) (1024 -6144 -4 ) (1024 -6144 -424 ) (1848 -6144 -424 ) 
4 613 640 (1024 -5986 -424 ) (1024 -6144 -424 ) (1024 -6144 -414 ) (1024 -5986 -414 ) 
4 613 639 (1024 -6144 -414 ) (1024 -6144 -4 ) (1024 -5986 -4 ) (1024 -5986 -414 ) 
4 613 619 (1078 -6144 -424 ) (1024 -6144 -424 ) (1024 -5986 -424 ) (1078 -5986 -424 ) 
4 613 617 (1218 -6144 -424 ) (1078 -6144 -424 ) (1078 -5986 -424 ) (1218 -5986 -424 ) 
4 613 614 (1848 -6144 -424 ) (1218 -6144 -424 ) (1218 -5986 -424 ) (1848 -5986 -424 ) 
4 614 654 (1848 -6144 -424 ) (1218 -6144 -424 ) (1218 -6144 -524 ) (1848 -6144 -524 ) 
4 614 617 (1218 -5986 -524 ) (1218 -6144 -524 ) (1218 -6144 -424 ) (1218 -5986 -424 ) 
4 615 641 (1024 -5371.998535 -524 ) (1024 -5426 -524 ) (1024 -5426 -424 ) (1024 -5371.998535 -424 ) 
4 615 616 (1078 -5426 -424 ) (1078 -5426 -524 ) (1024 -5372 -524 ) (1024 -5372 -424 ) 
4 616 642 (1024 -5286 -524 ) (1024 -5371.998535 -524 ) (1024 -5371.998535 -424 ) (1024 -5286 -424 ) 
4 616 618 (1078 -5426 -524 ) (1218 -5426 -524 ) (1218 -5426 -424 ) (1078 -5426 -424 ) 
4 617 654 (1218 -6144 -424 ) (1078 -6144 -424 ) (1078 -6144 -524 ) (1218 -6144 -524 ) 
4 617 619 (1078 -5986 -524 ) (1078 -6144 -524 ) (1078 -6144 -424 ) (1078 -5986 -424 ) 
4 617 618 (1218 -5566 -424 ) (1218 -5566 -524 ) (1078 -5426 -524 ) (1078 -5426 -424 ) 
4 619 654 (1078 -6144 -424 ) (1024 -6144 -424 ) (1024 -6144 -524 ) (1078 -6144 -524 ) 
4 619 643 (1024 -5986 -524 ) (1024 -6144 -524 ) (1024 -6144 -424 ) (1024 -5986 -424 ) 
4 620 1084 (0 -5845 2461.250000 ) (0 -5797.080078 2461.250000 ) (0 -5797.080078 2436 ) (0 -5845 2436 ) 
4 620 623 (0 -5845 2436 ) (0 -5797.080078 2436 ) (557 -5797.080078 2436 ) (557 -5845 2436 ) 
4 620 622 (529 -5845 2441 ) (529 -5845 2461.250000 ) (0 -5845 2461.250000 ) (0 -5845 2441 ) 
4 620 621 (529 -5845 2436 ) (557 -5845 2436 ) (557 -5845 2461.250000 ) (529 -5845 2461.250000 ) 
4 621 681 (557 -6144 2461.250000 ) (529 -6144 2461.250000 ) (529 -6144 2436 ) (557 -6144 2436 ) 
4 621 625 (557 -6144 2436 ) (529 -6144 2436 ) (529 -5850 2436 ) (557 -5850 2436 ) 
4 621 624 (529 -5850 2436 ) (529 -5845 2436 ) (557 -5845 2436 ) (557 -5850 2436 ) 
4 621 622 (529 -5845 2461.250000 ) (529 -5845 2441 ) (529 -6144 2441 ) (529 -6144 2461.250000 ) 
4 622 1086 (0 -6144 2441 ) (0 -6144 2461.250000 ) (0 -5850 2461.250000 ) (0 -5850 2441 ) 
4 622 1085 (0 -5850 2461.250000 ) (0 -5845 2461.250000 ) (0 -5845 2441 ) (0 -5850 2441 ) 
4 622 682 (529 -6144 2461.250000 ) (0 -6144 2461.250000 ) (0 -6144 2441 ) (529 -6144 2441 ) 
4 623 1084 (0 -5845 2436 ) (0 -5797.080078 2436 ) (0 -5797.080078 2290 ) (0 -5845 2290 ) 
4 623 636 (0 -5845 2290 ) (0 -5797.080078 2290 ) (557 -5797.080078 2290 ) (557 -5845 2290 ) 
4 623 624 (529 -5845 2290 ) (557 -5845 2290 ) (557 -5845 2436 ) (529 -5845 2436 ) 
4 624 637 (529 -5845 2290 ) (557 -5845 2290 ) (557 -5850 2290 ) (529 -5850 2290 ) 
4 624 625 (529 -5850 2290 ) (557 -5850 2290 ) (557 -5850 2436 ) (529 -5850 2436 ) 
4 625 683 (557 -6144 2436 ) (529 -6144 2436 ) (529 -6144 2290 ) (557 -6144 2290 ) 
4 625 637 (557 -6144 2290 ) (529 -6144 2290 ) (529 -5850 2290 ) (557 -5850 2290 ) 
4 626 627 (176 -6090 2290 ) (524 -6090 2290 ) (524 -6090 2436 ) (176 -6090 2436 ) 
4 627 692 (139 -6144 2322 ) (139 -6144 2290 ) (524 -6144 2290 ) (524 -6144 2322 ) 
4 627 690 (139 -6144 2386 ) (139 -6144 2322 ) (141 -6144 2322 ) (141 -6144 2386 ) 
4 627 689 (141 -6144 2322 ) (524 -6144 2322 ) (524 -6144 2386 ) (141 -6144 2386 ) 
4 627 685 (524 -6144 2436 ) (139 -6144 2436 ) (139 -6144 2386 ) (524 -6144 2386 ) 
4 627 629 (139 -6090 2406 ) (139 -6090 2290 ) (139 -6144 2290 ) (139 -6144 2406 ) 
4 627 628 (139 -6090 2436 ) (139 -6090 2406 ) (139 -6144 2406 ) (139 -6144 2436 ) 
4 628 686 (139 -6144 2436 ) (135 -6144 2436 ) (135 -6144 2406 ) (139 -6144 2406 ) 
4 628 630 (135 -6090 2436 ) (135 -6090 2406 ) (135 -6144 2406 ) (135 -6144 2436 ) 
4 628 629 (135 -6144 2406 ) (135 -6090 2406 ) (139 -6090 2406 ) (139 -6144 2406 ) 
4 629 692 (135 -6144 2322 ) (135 -6144 2290 ) (139 -6144 2290 ) (139 -6144 2322 ) 
4 629 690 (135 -6144 2386 ) (135 -6144 2322 ) (139 -6144 2322 ) (139 -6144 2386 ) 
4 629 687 (135 -6144 2406 ) (135 -6144 2386 ) (139 -6144 2386 ) (139 -6144 2406 ) 
4 629 630 (135 -6090 2406 ) (135 -6090 2290 ) (135 -6144 2290 ) (135 -6144 2406 ) 
4 630 692 (96 -6144 2322 ) (96 -6144 2290 ) (135 -6144 2290 ) (135 -6144 2322 ) 
4 630 690 (96 -6144 2386 ) (96 -6144 2322 ) (135 -6144 2322 ) (135 -6144 2386 ) 
4 630 688 (135 -6144 2436 ) (96 -6144 2436 ) (96 -6144 2386 ) (135 -6144 2386 ) 
4 630 632 (96 -6090 2290 ) (96 -6144 2290 ) (96 -6144 2384 ) (96 -6090 2384 ) 
4 630 631 (96 -6144 2384 ) (96 -6144 2436 ) (96 -6090 2436 ) (96 -6090 2384 ) 
4 631 1087 (0 -6144 2384 ) (0 -6144 2436 ) (0 -5974 2436 ) (0 -5974 2384 ) 
4 631 690 (0 -6144 2386 ) (0 -6144 2384 ) (96 -6144 2384 ) (96 -6144 2386 ) 
4 631 688 (96 -6144 2436 ) (0 -6144 2436 ) (0 -6144 2386 ) (96 -6144 2386 ) 
4 631 633 (0 -6144 2384 ) (0 -5984 2384 ) (44 -5984 2384 ) (44 -6144 2384 ) 
4 631 632 (44 -5974 2384 ) (96 -5974 2384 ) (96 -6144 2384 ) (44 -6144 2384 ) 
4 632 692 (44 -6144 2290 ) (96 -6144 2290 ) (96 -6144 2322 ) (44 -6144 2322 ) 
4 632 690 (96 -6144 2322 ) (96 -6144 2384 ) (44 -6144 2384 ) (44 -6144 2322 ) 
4 632 634 (44 -5984 2290 ) (44 -6144 2290 ) (44 -6144 2379 ) (44 -5984 2379 ) 
4 632 633 (44 -6144 2384 ) (44 -5984 2384 ) (44 -5984 2379 ) (44 -6144 2379 ) 
4 633 1101 (0 -6144 2379 ) (0 -6144 2384 ) (0 -5984 2384 ) (0 -5984 2379 ) 
4 633 690 (0 -6144 2384 ) (0 -6144 2379 ) (44 -6144 2379 ) (44 -6144 2384 ) 
4 633 634 (39 -5984 2379 ) (44 -5984 2379 ) (44 -6144 2379 ) (39 -6144 2379 ) 
4 633 635 (0 -6144 2379 ) (0 -5984 2379 ) (39 -5984 2379 ) (39 -6144 2379 ) 
4 634 692 (39 -6144 2290 ) (44 -6144 2290 ) (44 -6144 2322 ) (39 -6144 2322 ) 
4 634 690 (44 -6144 2322 ) (44 -6144 2379 ) (39 -6144 2379 ) (39 -6144 2322 ) 
4 634 635 (39 -6144 2379 ) (39 -5984 2379 ) (39 -5984 2290 ) (39 -6144 2290 ) 
4 635 1101 (0 -6144 2290 ) (0 -6144 2379 ) (0 -5984 2379 ) (0 -5984 2290 ) 
4 635 1094 (0 -5984 2379 ) (0 -5850 2379 ) (0 -5850 2290 ) (0 -5984 2290 ) 
4 635 692 (0 -6144 2322 ) (0 -6144 2290 ) (39 -6144 2290 ) (39 -6144 2322 ) 
4 635 690 (0 -6144 2379 ) (0 -6144 2322 ) (39 -6144 2322 ) (39 -6144 2379 ) 
4 636 1104 (0 -5845 2290 ) (0 -5797.080078 2290 ) (0 -5797.080078 2166.750000 ) (0 -5845 2166.750000 ) 
4 636 638 (0 -5845 2166.750000 ) (529 -5845 2166.750000 ) (529 -5845 2285 ) (0 -5845 2285 ) 
4 636 637 (529 -5845 2166.750000 ) (557 -5845 2166.750000 ) (557 -5845 2290 ) (529 -5845 2290 ) 
4 637 683 (557 -6144 2290 ) (529 -6144 2290 ) (529 -6144 2166.750000 ) (557 -6144 2166.750000 ) 
4 637 638 (529 -5845 2285 ) (529 -5845 2166.750000 ) (529 -6144 2166.750000 ) (529 -6144 2285 ) 
4 638 1105 (0 -6144 2166.750000 ) (0 -6144 2285 ) (0 -5845 2285 ) (0 -5845 2166.750000 ) 
4 638 693 (0 -6144 2285 ) (0 -6144 2166.750000 ) (524 -6144 2166.750000 ) (524 -6144 2285 ) 
4 638 684 (524 -6144 2166.750000 ) (529 -6144 2166.750000 ) (529 -6144 2285 ) (524 -6144 2285 ) 
4 639 695 (1024 -6144 -414 ) (1024 -6144 -4 ) (448 -6144 -4 ) (448 -6144 -414 ) 
4 639 640 (1024 -6144 -414 ) (448 -6144 -414 ) (448 -5986 -414 ) (1024 -5986 -414 ) 
4 640 695 (1024 -6144 -424 ) (1024 -6144 -414 ) (448 -6144 -414 ) (448 -6144 -424 ) 
4 640 643 (1024 -5986 -424 ) (1024 -6144 -424 ) (448 -6144 -424 ) (448 -5986 -424 ) 
4 641 644 (448 -5286 -424 ) (448 -5286 -524 ) (448 -5426 -524 ) (448 -5426 -424 ) 
4 641 642 (1024 -5372 -524 ) (938 -5286 -524 ) (938 -5286 -424 ) (1024 -5372 -424 ) 
4 643 695 (1024 -6144 -524 ) (1024 -6144 -424 ) (448 -6144 -424 ) (448 -6144 -524 ) 
4 644 647 (358 -5286 -524 ) (358 -5426 -524 ) (358 -5426 -424 ) (358 -5286 -424 ) 
4 645 646 (218 -5271 -424 ) (218 -5271 -524 ) (358 -5271 -524 ) (358 -5271 -424 ) 
4 646 647 (218 -5275 -424 ) (218 -5275 -524 ) (358 -5275 -524 ) (358 -5275 -424 ) 
4 648 650 (4096 -8192 -524 ) (4096 -8192 -4 ) (4096 -7406 -4 ) (4096 -7406 -524 ) 
4 648 649 (4700 -8192 -4 ) (4096 -8192 -4 ) (4096 -8192 -524 ) (4700 -8192 -524 ) 
4 649 782 (4096 -8906 -4 ) (4096 -8192 -4 ) (4096 -8192 -524 ) (4096 -8906 -524 ) 
4 650 782 (4096 -8192 -524 ) (4096 -8192 -4 ) (3072 -8192 -4 ) (3072 -8192 -524 ) 
4 650 652 (3072 -8192 -524 ) (3072 -8192 -424 ) (3072 -7406 -424 ) (3072 -7406 -524 ) 
4 650 651 (3072 -8192 -424 ) (3072 -8192 -4 ) (3072 -7406 -4 ) (3072 -7406 -424 ) 
4 651 783 (3072 -8192 -424 ) (3072 -8192 -4 ) (2220 -8192 -4 ) (2220 -8192 -424 ) 
4 651 652 (3072 -8192 -424 ) (2220 -8192 -424 ) (2220 -7406 -424 ) (3072 -7406 -424 ) 
4 652 784 (3072 -8192 -524 ) (3072 -8192 -424 ) (2220 -8192 -424 ) (2220 -8192 -524 ) 
4 652 653 (2220 -8106 -524 ) (2220 -8192 -524 ) (2220 -8192 -424 ) (2220 -8106 -424 ) 
4 653 785 (2220 -8192 -424 ) (2048 -8192 -424 ) (2048 -8192 -524 ) (2220 -8192 -524 ) 
4 653 715 (2048 -8192 -524 ) (2048 -8192 -424 ) (2048 -8106 -424 ) (2048 -8106 -524 ) 
4 654 721 (1024 -7168 -424 ) (1024 -7168 -524 ) (1620 -7168 -524 ) (1620 -7168 -424 ) 
4 654 719 (1620 -7168 -524 ) (1720 -7168 -524 ) (1720 -7168 -424 ) (1620 -7168 -424 ) 
4 654 716 (1720 -7168 -524 ) (1848 -7168 -524 ) (1848 -7168 -424 ) (1720 -7168 -424 ) 
4 654 714 (1848 -7168 -4 ) (1024 -7168 -4 ) (1024 -7168 -424 ) (1848 -7168 -424 ) 
4 654 695 (1024 -6144 -4 ) (1024 -6144 -524 ) (1024 -7168 -524 ) (1024 -7168 -4 ) 
4 655 722 (1553 -7168 -1844 ) (1024 -7168 -1844 ) (1024 -7168 -2364 ) (1553 -7168 -2364 ) 
4 655 697 (1024 -6728 -2364 ) (1024 -7168 -2364 ) (1024 -7168 -2329 ) (1024 -6728 -2329 ) 
4 655 696 (1024 -7168 -2329 ) (1024 -7168 -1844 ) (1024 -6728 -1844 ) (1024 -6728 -2329 ) 
4 656 725 (1297 -7168 -2523 ) (1297 -7168 -2563 ) (1323 -7168 -2563 ) (1323 -7168 -2523 ) 
4 656 724 (1323 -7168 -2563 ) (1553 -7168 -2563 ) (1553 -7168 -2523 ) (1323 -7168 -2523 ) 
4 656 723 (1553 -7168 -2394 ) (1297 -7168 -2394 ) (1297 -7168 -2523 ) (1553 -7168 -2523 ) 
4 656 733 (1297 -7168 -2563 ) (1297 -7168 -2874 ) (1553 -7168 -2874 ) (1553 -7168 -2563 ) 
4 656 659 (1297 -7109 -2563 ) (1297 -7109 -2523 ) (1297 -6979 -2523 ) (1297 -6979 -2563 ) 
4 656 658 (1297 -7109 -2523 ) (1297 -7109 -2394 ) (1297 -6979 -2394 ) (1297 -6979 -2523 ) 
4 656 660 (1297 -6979 -2874 ) (1297 -7109 -2874 ) (1297 -7109 -2563 ) (1297 -6979 -2563 ) 
4 656 657 (1297 -6728 -2394 ) (1297 -6728 -2874 ) (1297 -6979 -2874 ) (1297 -6979 -2394 ) 
4 656 661 (1297 -7109 -2874 ) (1297 -7168 -2874 ) (1297 -7168 -2394 ) (1297 -7109 -2394 ) 
4 657 659 (1123 -6979 -2523 ) (1123 -6979 -2563 ) (1297 -6979 -2563 ) (1297 -6979 -2523 ) 
4 657 658 (1123 -6979 -2394 ) (1123 -6979 -2523 ) (1297 -6979 -2523 ) (1297 -6979 -2394 ) 
4 657 660 (1123 -6979 -2563 ) (1123 -6979 -2874 ) (1297 -6979 -2874 ) (1297 -6979 -2563 ) 
4 657 662 (1123 -6728 -2394 ) (1123 -6728 -2874 ) (1123 -6979 -2874 ) (1123 -6979 -2394 ) 
4 658 661 (1123 -7109 -2394 ) (1123 -7109 -2523 ) (1297 -7109 -2523 ) (1297 -7109 -2394 ) 
4 658 662 (1123 -7109 -2523 ) (1123 -7109 -2394 ) (1123 -6979 -2394 ) (1123 -6979 -2523 ) 
4 658 659 (1297 -7109 -2523 ) (1123 -7109 -2523 ) (1123 -6979 -2523 ) (1297 -6979 -2523 ) 
4 659 660 (1297 -7109 -2563 ) (1123 -7109 -2563 ) (1123 -6979 -2563 ) (1297 -6979 -2563 ) 
4 659 661 (1123 -7109 -2523 ) (1123 -7109 -2563 ) (1297 -7109 -2563 ) (1297 -7109 -2523 ) 
4 659 662 (1123 -7109 -2563 ) (1123 -7109 -2523 ) (1123 -6979 -2523 ) (1123 -6979 -2563 ) 
4 660 662 (1123 -6979 -2874 ) (1123 -7109 -2874 ) (1123 -7109 -2563 ) (1123 -6979 -2563 ) 
4 660 661 (1123 -7109 -2563 ) (1123 -7109 -2874 ) (1297 -7109 -2874 ) (1297 -7109 -2563 ) 
4 661 725 (1149 -7168 -2563 ) (1297 -7168 -2563 ) (1297 -7168 -2523 ) (1149 -7168 -2523 ) 
4 661 728 (1123 -7168 -2523 ) (1123 -7168 -2563 ) (1149 -7168 -2563 ) (1149 -7168 -2523 ) 
4 661 723 (1297 -7168 -2394 ) (1123 -7168 -2394 ) (1123 -7168 -2523 ) (1297 -7168 -2523 ) 
4 661 733 (1123 -7168 -2563 ) (1123 -7168 -2874 ) (1297 -7168 -2874 ) (1297 -7168 -2563 ) 
4 661 662 (1123 -7109 -2874 ) (1123 -7168 -2874 ) (1123 -7168 -2394 ) (1123 -7109 -2394 ) 
4 662 728 (1024 -7168 -2523 ) (1024 -7168 -2563 ) (1123 -7168 -2563 ) (1123 -7168 -2523 ) 
4 662 723 (1123 -7168 -2394 ) (1024 -7168 -2394 ) (1024 -7168 -2523 ) (1123 -7168 -2523 ) 
4 662 733 (1024 -7168 -2563 ) (1024 -7168 -2874 ) (1123 -7168 -2874 ) (1123 -7168 -2563 ) 
4 662 699 (1024 -6728 -2874 ) (1024 -7168 -2874 ) (1024 -7168 -2394 ) (1024 -6728 -2394 ) 
4 663 734 (1553 -7168 -2904 ) (1024 -7168 -2904 ) (1024 -7168 -3384 ) (1553 -7168 -3384 ) 
4 663 700 (1024 -6728 -3384 ) (1024 -7168 -3384 ) (1024 -7168 -2904 ) (1024 -6728 -2904 ) 
4 664 735 (1553 -7168 -3414 ) (1024 -7168 -3414 ) (1024 -7168 -3894 ) (1553 -7168 -3894 ) 
4 664 701 (1024 -6728 -3894 ) (1024 -7168 -3894 ) (1024 -7168 -3414 ) (1024 -6728 -3414 ) 
4 665 702 (1024 -6728 -4404 ) (1024 -6939 -4404 ) (1024 -6939 -3924 ) (1024 -6728 -3924 ) 
4 665 667 (1223 -6939 -4274 ) (1223 -6939 -3924 ) (1103 -6939 -3924 ) (1103 -6939 -4274 ) 
4 665 666 (1223 -6939 -4404 ) (1553 -6939 -4404 ) (1553 -6939 -3924 ) (1223 -6939 -3924 ) 
4 665 669 (1024 -6939 -4404 ) (1103 -6939 -4404 ) (1103 -6939 -3924 ) (1024 -6939 -3924 ) 
4 666 736 (1553 -7168 -3924 ) (1223 -7168 -3924 ) (1223 -7168 -4404 ) (1553 -7168 -4404 ) 
4 666 667 (1223 -6939 -3924 ) (1223 -6939 -4274 ) (1223 -7059 -4274 ) (1223 -7059 -3924 ) 
4 666 668 (1223 -7059 -4404 ) (1223 -7168 -4404 ) (1223 -7168 -3924 ) (1223 -7059 -3924 ) 
4 667 668 (1103 -7059 -3924 ) (1103 -7059 -4274 ) (1223 -7059 -4274 ) (1223 -7059 -3924 ) 
4 667 669 (1103 -6939 -3924 ) (1103 -6939 -4274 ) (1103 -7059 -4274 ) (1103 -7059 -3924 ) 
4 668 737 (1223 -7168 -3924 ) (1103 -7168 -3924 ) (1103 -7168 -4404 ) (1223 -7168 -4404 ) 
4 668 669 (1103 -7059 -4404 ) (1103 -7168 -4404 ) (1103 -7168 -3924 ) (1103 -7059 -3924 ) 
4 669 740 (1103 -7168 -3924 ) (1024 -7168 -3924 ) (1024 -7168 -4404 ) (1103 -7168 -4404 ) 
4 669 703 (1024 -6939 -4404 ) (1024 -7168 -4404 ) (1024 -7168 -3924 ) (1024 -6939 -3924 ) 
4 670 741 (1553 -7168 -4434 ) (1024 -7168 -4434 ) (1024 -7168 -4914 ) (1553 -7168 -4914 ) 
4 670 707 (1024 -6728 -4914 ) (1024 -7168 -4914 ) (1024 -7168 -4434 ) (1024 -6728 -4434 ) 
4 671 708 (1024 -6728 -5424 ) (1024 -6828 -5424 ) (1024 -6828 -4944 ) (1024 -6728 -4944 ) 
4 671 672 (1553 -6828 -5272 ) (1553 -6828 -4944 ) (1353 -6828 -4944 ) (1353 -6828 -5272 ) 
4 671 673 (1353 -6828 -5424 ) (1553 -6828 -5424 ) (1553 -6828 -5322 ) (1353 -6828 -5322 ) 
4 671 675 (1024 -6828 -5424 ) (1353 -6828 -5424 ) (1353 -6828 -4944 ) (1024 -6828 -4944 ) 
4 672 675 (1353 -6828 -4944 ) (1353 -6828 -5272 ) (1353 -6948 -5272 ) (1353 -6948 -4944 ) 
4 672 674 (1353 -6948 -4944 ) (1353 -6948 -5272 ) (1553 -6948 -5272 ) (1553 -6948 -4944 ) 
4 673 674 (1353 -6948 -5322 ) (1353 -6948 -5424 ) (1553 -6948 -5424 ) (1553 -6948 -5322 ) 
4 673 675 (1353 -6828 -5322 ) (1353 -6828 -5424 ) (1353 -6948 -5424 ) (1353 -6948 -5322 ) 
4 674 747 (1353 -7168 -5322 ) (1353 -7168 -5424 ) (1553 -7168 -5424 ) (1553 -7168 -5322 ) 
4 674 743 (1353 -7168 -5272 ) (1353 -7168 -5322 ) (1553 -7168 -5322 ) (1553 -7168 -5272 ) 
4 674 742 (1553 -7168 -4944 ) (1353 -7168 -4944 ) (1353 -7168 -5272 ) (1553 -7168 -5272 ) 
4 674 675 (1353 -6948 -5424 ) (1353 -7168 -5424 ) (1353 -7168 -4944 ) (1353 -6948 -4944 ) 
4 675 747 (1024 -7168 -5322 ) (1024 -7168 -5424 ) (1353 -7168 -5424 ) (1353 -7168 -5322 ) 
4 675 746 (1353 -7168 -4944 ) (1024 -7168 -4944 ) (1024 -7168 -5322 ) (1353 -7168 -5322 ) 
4 675 708 (1024 -6828 -5424 ) (1024 -7168 -5424 ) (1024 -7168 -4944 ) (1024 -6828 -4944 ) 
4 676 748 (1553 -7168 -5454 ) (1024 -7168 -5454 ) (1024 -7168 -5934 ) (1553 -7168 -5934 ) 
4 676 709 (1024 -6728 -5934 ) (1024 -7168 -5934 ) (1024 -7168 -5454 ) (1024 -6728 -5454 ) 
4 677 749 (1553 -7168 -5964 ) (1024 -7168 -5964 ) (1024 -7168 -6694 ) (1553 -7168 -6694 ) 
4 677 710 (1024 -6728 -6694 ) (1024 -7168 -6694 ) (1024 -7168 -5964 ) (1024 -6728 -5964 ) 
4 678 750 (1553 -7168 -6724 ) (1024 -7168 -6724 ) (1024 -7168 -7204 ) (1553 -7168 -7204 ) 
4 678 711 (1024 -6728 -7204 ) (1024 -7168 -7204 ) (1024 -7168 -6724 ) (1024 -6728 -6724 ) 
4 679 751 (1553 -7168 -7234 ) (1024 -7168 -7234 ) (1024 -7168 -7702 ) (1553 -7168 -7702 ) 
4 679 712 (1024 -6728 -7702 ) (1024 -7168 -7702 ) (1024 -7168 -7234 ) (1024 -6728 -7234 ) 
4 679 680 (1553 -7168 -7702 ) (1024 -7168 -7702 ) (1024 -6728 -7702 ) (1553 -6728 -7702 ) 
4 680 752 (1553 -7168 -7702 ) (1024 -7168 -7702 ) (1024 -7168 -7814 ) (1553 -7168 -7814 ) 
4 680 713 (1024 -6728 -7814 ) (1024 -7168 -7814 ) (1024 -7168 -7702 ) (1024 -6728 -7702 ) 
4 681 694 (529 -7109 2436 ) (557 -7109 2436 ) (557 -7109 2461.250000 ) (529 -7109 2461.250000 ) 
4 681 683 (557 -7109 2436 ) (529 -7109 2436 ) (529 -6144 2436 ) (557 -6144 2436 ) 
4 681 682 (529 -7109 2441 ) (529 -7109 2461.250000 ) (529 -6144 2461.250000 ) (529 -6144 2441 ) 
4 682 1163 (0 -6144 2461.250000 ) (0 -6144 2441 ) (0 -7109 2441 ) (0 -7109 2461.250000 ) 
4 682 694 (0 -7109 2461.250000 ) (0 -7109 2441 ) (529 -7109 2441 ) (529 -7109 2461.250000 ) 
4 683 694 (529 -7109 2166.750000 ) (557 -7109 2166.750000 ) (557 -7109 2436 ) (529 -7109 2436 ) 
4 683 684 (529 -6144 2166.750000 ) (529 -7109 2166.750000 ) (529 -7109 2285 ) (529 -6144 2285 ) 
4 684 694 (524 -7109 2166.750000 ) (529 -7109 2166.750000 ) (529 -7109 2285 ) (524 -7109 2285 ) 
4 684 693 (524 -6144 2166.750000 ) (524 -7109 2166.750000 ) (524 -7109 2285 ) (524 -6144 2285 ) 
4 685 690 (141 -7104 2386 ) (139 -7104 2386 ) (139 -6144 2386 ) (141 -6144 2386 ) 
4 685 689 (524 -6144 2386 ) (524 -7104 2386 ) (141 -7104 2386 ) (141 -6144 2386 ) 
4 685 687 (139 -6144 2386 ) (139 -7104 2386 ) (139 -7104 2406 ) (139 -6144 2406 ) 
4 685 686 (139 -7104 2406 ) (139 -7104 2436 ) (139 -6144 2436 ) (139 -6144 2406 ) 
4 686 688 (135 -7104 2406 ) (135 -7104 2436 ) (135 -6144 2436 ) (135 -6144 2406 ) 
4 686 687 (135 -7104 2406 ) (135 -6144 2406 ) (139 -6144 2406 ) (139 -7104 2406 ) 
4 687 690 (139 -7104 2386 ) (135 -7104 2386 ) (135 -6144 2386 ) (139 -6144 2386 ) 
4 687 688 (135 -6144 2386 ) (135 -7104 2386 ) (135 -7104 2406 ) (135 -6144 2406 ) 
4 688 1164 (0 -6144 2436 ) (0 -6144 2386 ) (0 -7104 2386 ) (0 -7104 2436 ) 
4 688 690 (135 -7104 2386 ) (0 -7104 2386 ) (0 -6144 2386 ) (135 -6144 2386 ) 
4 689 692 (141 -6144 2322 ) (524 -6144 2322 ) (524 -7104 2322 ) (141 -7104 2322 ) 
4 689 690 (141 -6144 2322 ) (141 -7104 2322 ) (141 -7104 2386 ) (141 -6144 2386 ) 
4 690 1177 (0 -7104 2322 ) (0 -7105 2322 ) (0 -7105 2386 ) (0 -7104 2386 ) 
4 690 1164 (0 -6144 2386 ) (0 -6144 2322 ) (0 -7104 2322 ) (0 -7104 2386 ) 
4 690 692 (0 -6144 2322 ) (141 -6144 2322 ) (141 -7104 2322 ) (0 -7104 2322 ) 
4 690 691 (0 -7105 2322 ) (141 -7105 2322 ) (141 -7105 2386 ) (0 -7105 2386 ) 
4 691 1178 (0 -7105 2322 ) (0 -7109 2322 ) (0 -7109 2386 ) (0 -7105 2386 ) 
4 691 694 (0 -7109 2386 ) (0 -7109 2322 ) (141 -7109 2322 ) (141 -7109 2386 ) 
4 692 1164 (0 -6144 2322 ) (0 -6144 2290 ) (0 -7104 2290 ) (0 -7104 2322 ) 
4 693 1192 (0 -6144 2187 ) (0 -6144 2166.750000 ) (0 -7109 2166.750000 ) (0 -7109 2187 ) 
4 693 1182 (0 -6144 2267 ) (0 -6144 2187 ) (0 -7109 2187 ) (0 -7109 2267 ) 
4 693 1181 (0 -7104 2267 ) (0 -7109 2267 ) (0 -7109 2285 ) (0 -7104 2285 ) 
4 693 1173 (0 -6144 2272 ) (0 -6144 2267 ) (0 -7104 2267 ) (0 -7104 2272 ) 
4 693 1172 (0 -6144 2285 ) (0 -6144 2272 ) (0 -7104 2272 ) (0 -7104 2285 ) 
4 693 694 (0 -7109 2285 ) (0 -7109 2166.750000 ) (524 -7109 2166.750000 ) (524 -7109 2285 ) 
4 694 1192 (0 -7109 2187 ) (0 -7109 2166.750000 ) (0 -7142.930664 2166.750000 ) (0 -7142.930664 2187 ) 
4 694 1191 (0 -7142.930664 2461.250000 ) (0 -7109 2461.250000 ) (0 -7109 2187 ) (0 -7142.930664 2187 ) 
4 695 756 (676 -7168 -424 ) (448 -7168 -424 ) (448 -7168 -524 ) (676 -7168 -524 ) 
4 695 755 (1024 -7168 -524 ) (1024 -7168 -424 ) (676 -7168 -424 ) (676 -7168 -524 ) 
4 695 753 (1024 -7168 -424 ) (1024 -7168 -4 ) (448 -7168 -4 ) (448 -7168 -424 ) 
4 696 1197 (0 -7168 -2329 ) (0 -7168 -1844 ) (0 -6728 -1844 ) (0 -6728 -2329 ) 
4 696 763 (1024 -7168 -2329 ) (1024 -7168 -1844 ) (0 -7168 -1844 ) (0 -7168 -2329 ) 
3 696 698 (30.821922 -7168 -2329 ) (0 -7168 -2329 ) (0 -7098.773438 -2329 ) 
5 696 697 (1024 -7168 -2329 ) (74.610046 -7168 -2329 ) (0 -7000.426758 -2329 ) (0 -6728 -2329 ) (1024 -6728 -2329 ) 
4 697 1199 (0 -7000.426758 -2329 ) (0 -6929.220215 -2329 ) (0 -6929.224121 -2364 ) (0 -7000.430664 -2364 ) 
4 697 1198 (0 -6929.220215 -2329 ) (0 -6728 -2329 ) (0 -6728 -2364 ) (0 -6929.224121 -2364 ) 
4 697 765 (358.648804 -7168 -2329 ) (74.610046 -7168 -2329 ) (74.608154 -7168 -2364 ) (358.649170 -7168 -2364 ) 
4 697 764 (1024 -7168 -2364 ) (1024 -7168 -2329 ) (358.648804 -7168 -2329 ) (358.649170 -7168 -2364 ) 
4 698 1200 (0 -7168 -2364 ) (0 -7168 -2329 ) (0 -7098.773438 -2329 ) (0 -7098.773438 -2364 ) 
4 698 766 (30.821922 -7168 -2329 ) (0 -7168 -2329 ) (0 -7168 -2364 ) (30.821915 -7168 -2364 ) 
4 699 1201 (0 -7168 -2874 ) (0 -7168 -2394 ) (0 -6728 -2394 ) (0 -6728 -2874 ) 
4 699 767 (1024 -7168 -2874 ) (1024 -7168 -2394 ) (0 -7168 -2394 ) (0 -7168 -2874 ) 
4 700 1202 (0 -7168 -3384 ) (0 -7168 -2904 ) (0 -6728 -2904 ) (0 -6728 -3384 ) 
4 700 768 (1024 -7168 -3384 ) (1024 -7168 -2904 ) (0 -7168 -2904 ) (0 -7168 -3384 ) 
4 701 1203 (0 -7168 -3894 ) (0 -7168 -3414 ) (0 -6728 -3414 ) (0 -6728 -3894 ) 
4 701 769 (1024 -7168 -3894 ) (1024 -7168 -3414 ) (0 -7168 -3414 ) (0 -7168 -3894 ) 
4 702 1204 (0 -6939 -3924 ) (0 -6728 -3924 ) (0 -6728 -4404 ) (0 -6939 -4404 ) 
4 702 704 (223 -6939 -4274 ) (223 -6939 -3924 ) (103 -6939 -3924 ) (103 -6939 -4274 ) 
4 702 703 (223 -6939 -4404 ) (1024 -6939 -4404 ) (1024 -6939 -3924 ) (223 -6939 -3924 ) 
4 702 706 (0 -6939 -4404 ) (103 -6939 -4404 ) (103 -6939 -3924 ) (0 -6939 -3924 ) 
4 703 771 (1024 -7168 -4404 ) (1024 -7168 -4274 ) (223 -7168 -4274 ) (223 -7168 -4404 ) 
4 703 770 (1024 -7168 -4274 ) (1024 -7168 -3924 ) (223 -7168 -3924 ) (223 -7168 -4274 ) 
4 703 704 (223 -6939 -3924 ) (223 -6939 -4274 ) (223 -7059 -4274 ) (223 -7059 -3924 ) 
4 703 705 (223 -7059 -4404 ) (223 -7168 -4404 ) (223 -7168 -3924 ) (223 -7059 -3924 ) 
4 704 705 (103 -7059 -3924 ) (103 -7059 -4274 ) (223 -7059 -4274 ) (223 -7059 -3924 ) 
4 704 706 (103 -6939 -3924 ) (103 -6939 -4274 ) (103 -7059 -4274 ) (103 -7059 -3924 ) 
4 705 772 (103 -7168 -4274 ) (103 -7168 -4404 ) (223 -7168 -4404 ) (223 -7168 -4274 ) 
4 705 770 (223 -7168 -3924 ) (103 -7168 -3924 ) (103 -7168 -4274 ) (223 -7168 -4274 ) 
4 705 706 (103 -7059 -4404 ) (103 -7168 -4404 ) (103 -7168 -3924 ) (103 -7059 -3924 ) 
4 706 1204 (0 -7168 -4404 ) (0 -7168 -3924 ) (0 -6939 -3924 ) (0 -6939 -4404 ) 
4 706 774 (0 -7168 -4274 ) (0 -7168 -4404 ) (103 -7168 -4404 ) (103 -7168 -4274 ) 
4 706 770 (103 -7168 -3924 ) (0 -7168 -3924 ) (0 -7168 -4274 ) (103 -7168 -4274 ) 
4 707 1205 (0 -7168 -4914 ) (0 -7168 -4434 ) (0 -6728 -4434 ) (0 -6728 -4914 ) 
4 707 775 (1024 -7168 -4914 ) (1024 -7168 -4434 ) (0 -7168 -4434 ) (0 -7168 -4914 ) 
4 708 1206 (0 -7168 -5424 ) (0 -7168 -4944 ) (0 -6728 -4944 ) (0 -6728 -5424 ) 
4 708 776 (1024 -7168 -5424 ) (1024 -7168 -4944 ) (0 -7168 -4944 ) (0 -7168 -5424 ) 
4 709 1207 (0 -7168 -5934 ) (0 -7168 -5454 ) (0 -6728 -5454 ) (0 -6728 -5934 ) 
4 709 777 (1024 -7168 -5934 ) (1024 -7168 -5454 ) (0 -7168 -5454 ) (0 -7168 -5934 ) 
4 710 1208 (0 -7168 -6694 ) (0 -7168 -5964 ) (0 -6728 -5964 ) (0 -6728 -6694 ) 
4 710 778 (1024 -7168 -6694 ) (1024 -7168 -5964 ) (0 -7168 -5964 ) (0 -7168 -6694 ) 
4 711 1209 (0 -7168 -7204 ) (0 -7168 -6724 ) (0 -6728 -6724 ) (0 -6728 -7204 ) 
4 711 779 (1024 -7168 -7204 ) (1024 -7168 -6724 ) (0 -7168 -6724 ) (0 -7168 -7204 ) 
4 712 1210 (0 -7168 -7702 ) (0 -7168 -7234 ) (0 -6728 -7234 ) (0 -6728 -7702 ) 
4 712 780 (1024 -7168 -7702 ) (1024 -7168 -7234 ) (0 -7168 -7234 ) (0 -7168 -7702 ) 
4 712 713 (1024 -6728 -7702 ) (1024 -7168 -7702 ) (0 -7168 -7702 ) (0 -6728 -7702 ) 
4 713 1211 (0 -7168 -7814 ) (0 -7168 -7702 ) (0 -6728 -7702 ) (0 -6728 -7814 ) 
4 713 781 (1024 -7168 -7814 ) (1024 -7168 -7702 ) (0 -7168 -7702 ) (0 -7168 -7814 ) 
4 714 753 (1024 -7168 -4 ) (1024 -7168 -424 ) (1024 -7486 -424 ) (1024 -7486 -4 ) 
4 714 721 (1024 -7168 -424 ) (1620 -7168 -424 ) (1620 -7486 -424 ) (1024 -7486 -424 ) 
4 714 719 (1620 -7168 -424 ) (1720 -7168 -424 ) (1720 -7486 -424 ) (1620 -7486 -424 ) 
4 714 716 (1720 -7168 -424 ) (1848 -7168 -424 ) (1848 -7486 -424 ) (1720 -7486 -424 ) 
4 715 786 (2048 -8192 -524 ) (2048 -8192 -424 ) (1848 -8192 -424 ) (1848 -8192 -524 ) 
4 715 717 (1848 -8106 -524 ) (1848 -8192 -524 ) (1848 -8192 -424 ) (1848 -8106 -424 ) 
4 716 719 (1720 -7168 -524 ) (1720 -7486 -524 ) (1720 -7486 -424 ) (1720 -7168 -424 ) 
4 717 786 (1848 -8192 -424 ) (1806 -8192 -424 ) (1806 -8192 -524 ) (1848 -8192 -524 ) 
4 717 718 (1720 -8106 -424 ) (1720 -8106 -524 ) (1806 -8192 -524 ) (1806 -8192 -424 ) 
4 718 787 (1806 -8192 -424 ) (1720 -8192 -424 ) (1720 -8192 -524 ) (1806 -8192 -524 ) 
4 718 720 (1720 -8106 -524 ) (1720 -8192 -524 ) (1720 -8192 -424 ) (1720 -8106 -424 ) 
4 719 721 (1620 -7168 -524 ) (1620 -7486 -524 ) (1620 -7486 -424 ) (1620 -7168 -424 ) 
4 719 720 (1620 -8006 -424 ) (1620 -8006 -524 ) (1720 -8106 -524 ) (1720 -8106 -424 ) 
4 720 787 (1720 -8192 -424 ) (1620 -8192 -424 ) (1620 -8192 -524 ) (1720 -8192 -524 ) 
4 721 755 (1024 -7168 -424 ) (1024 -7168 -524 ) (1024 -7486 -524 ) (1024 -7486 -424 ) 
4 722 788 (1553 -8192 -1844 ) (1024 -8192 -1844 ) (1024 -8192 -2364 ) (1553 -8192 -2364 ) 
4 722 764 (1024 -7168 -2329 ) (1024 -7168 -2364 ) (1024 -8192 -2364 ) (1024 -8192 -2329 ) 
4 722 763 (1024 -7168 -1844 ) (1024 -7168 -2329 ) (1024 -8192 -2329 ) (1024 -8192 -1844 ) 
4 723 789 (1553 -8192 -2394 ) (1024 -8192 -2394 ) (1024 -8192 -2523 ) (1553 -8192 -2523 ) 
4 723 767 (1024 -7168 -2394 ) (1024 -7168 -2523 ) (1024 -8192 -2523 ) (1024 -8192 -2394 ) 
4 723 731 (1315 -8192 -2523 ) (1141 -8192 -2523 ) (1141 -8007 -2523 ) (1315 -8007 -2523 ) 
4 723 730 (1141 -8007 -2523 ) (1141 -7877 -2523 ) (1315 -7877 -2523 ) (1315 -8007 -2523 ) 
4 723 729 (1553 -7877 -2523 ) (1553 -8192 -2523 ) (1315 -8192 -2523 ) (1315 -7877 -2523 ) 
4 723 732 (1141 -8192 -2523 ) (1024 -8192 -2523 ) (1024 -7877 -2523 ) (1141 -7877 -2523 ) 
4 723 726 (1323 -7418 -2523 ) (1323 -7548 -2523 ) (1149 -7548 -2523 ) (1149 -7418 -2523 ) 
4 723 725 (1149 -7168 -2523 ) (1323 -7168 -2523 ) (1323 -7418 -2523 ) (1149 -7418 -2523 ) 
4 723 727 (1323 -7548 -2523 ) (1323 -7877 -2523 ) (1149 -7877 -2523 ) (1149 -7548 -2523 ) 
4 723 724 (1323 -7168 -2523 ) (1553 -7168 -2523 ) (1553 -7877 -2523 ) (1323 -7877 -2523 ) 
4 723 728 (1024 -7168 -2523 ) (1149 -7168 -2523 ) (1149 -7877 -2523 ) (1024 -7877 -2523 ) 
4 724 729 (1323 -7877 -2563 ) (1553 -7877 -2563 ) (1553 -7877 -2523 ) (1323 -7877 -2523 ) 
4 724 726 (1323 -7418 -2563 ) (1323 -7548 -2563 ) (1323 -7548 -2523 ) (1323 -7418 -2523 ) 
4 724 725 (1323 -7168 -2563 ) (1323 -7418 -2563 ) (1323 -7418 -2523 ) (1323 -7168 -2523 ) 
4 724 727 (1323 -7548 -2563 ) (1323 -7877 -2563 ) (1323 -7877 -2523 ) (1323 -7548 -2523 ) 
4 724 733 (1323 -7168 -2563 ) (1553 -7168 -2563 ) (1553 -7877 -2563 ) (1323 -7877 -2563 ) 
4 725 728 (1149 -7168 -2563 ) (1149 -7418 -2563 ) (1149 -7418 -2523 ) (1149 -7168 -2523 ) 
4 725 733 (1149 -7168 -2563 ) (1323 -7168 -2563 ) (1323 -7418 -2563 ) (1149 -7418 -2563 ) 
4 725 726 (1149 -7418 -2523 ) (1149 -7418 -2563 ) (1323 -7418 -2563 ) (1323 -7418 -2523 ) 
4 726 727 (1149 -7548 -2523 ) (1149 -7548 -2563 ) (1323 -7548 -2563 ) (1323 -7548 -2523 ) 
4 726 728 (1149 -7418 -2563 ) (1149 -7548 -2563 ) (1149 -7548 -2523 ) (1149 -7418 -2523 ) 
4 726 733 (1323 -7418 -2563 ) (1323 -7548 -2563 ) (1149 -7548 -2563 ) (1149 -7418 -2563 ) 
4 727 730 (1149 -7877 -2563 ) (1315 -7877 -2563 ) (1315 -7877 -2523 ) (1149 -7877 -2523 ) 
4 727 729 (1315 -7877 -2563 ) (1323 -7877 -2563 ) (1323 -7877 -2523 ) (1315 -7877 -2523 ) 
4 727 733 (1323 -7548 -2563 ) (1323 -7877 -2563 ) (1149 -7877 -2563 ) (1149 -7548 -2563 ) 
4 727 728 (1149 -7548 -2563 ) (1149 -7877 -2563 ) (1149 -7877 -2523 ) (1149 -7548 -2523 ) 
4 728 767 (1024 -7168 -2523 ) (1024 -7168 -2563 ) (1024 -7877 -2563 ) (1024 -7877 -2523 ) 
4 728 730 (1141 -7877 -2563 ) (1149 -7877 -2563 ) (1149 -7877 -2523 ) (1141 -7877 -2523 ) 
4 728 732 (1024 -7877 -2563 ) (1141 -7877 -2563 ) (1141 -7877 -2523 ) (1024 -7877 -2523 ) 
4 728 733 (1024 -7877 -2563 ) (1024 -7168 -2563 ) (1149 -7168 -2563 ) (1149 -7877 -2563 ) 
4 729 789 (1315 -8192 -2563 ) (1553 -8192 -2563 ) (1553 -8192 -2523 ) (1315 -8192 -2523 ) 
4 729 731 (1315 -8007 -2563 ) (1315 -8192 -2563 ) (1315 -8192 -2523 ) (1315 -8007 -2523 ) 
4 729 730 (1315 -7877 -2523 ) (1315 -7877 -2563 ) (1315 -8007 -2563 ) (1315 -8007 -2523 ) 
4 729 733 (1315 -7877 -2563 ) (1553 -7877 -2563 ) (1553 -8192 -2563 ) (1315 -8192 -2563 ) 
4 730 733 (1141 -7877 -2563 ) (1315 -7877 -2563 ) (1315 -8007 -2563 ) (1141 -8007 -2563 ) 
4 730 732 (1141 -7877 -2523 ) (1141 -7877 -2563 ) (1141 -8007 -2563 ) (1141 -8007 -2523 ) 
4 730 731 (1141 -8007 -2523 ) (1141 -8007 -2563 ) (1315 -8007 -2563 ) (1315 -8007 -2523 ) 
4 731 789 (1141 -8192 -2563 ) (1315 -8192 -2563 ) (1315 -8192 -2523 ) (1141 -8192 -2523 ) 
4 731 733 (1315 -8007 -2563 ) (1315 -8192 -2563 ) (1141 -8192 -2563 ) (1141 -8007 -2563 ) 
4 731 732 (1141 -8007 -2563 ) (1141 -8192 -2563 ) (1141 -8192 -2523 ) (1141 -8007 -2523 ) 
4 732 789 (1024 -8192 -2523 ) (1024 -8192 -2563 ) (1141 -8192 -2563 ) (1141 -8192 -2523 ) 
4 732 767 (1024 -7877 -2563 ) (1024 -8192 -2563 ) (1024 -8192 -2523 ) (1024 -7877 -2523 ) 
4 732 733 (1024 -8192 -2563 ) (1024 -7877 -2563 ) (1141 -7877 -2563 ) (1141 -8192 -2563 ) 
4 733 789 (1024 -8192 -2563 ) (1024 -8192 -2874 ) (1553 -8192 -2874 ) (1553 -8192 -2563 ) 
4 733 767 (1024 -7168 -2563 ) (1024 -7168 -2874 ) (1024 -8192 -2874 ) (1024 -8192 -2563 ) 
4 734 790 (1553 -8192 -2904 ) (1024 -8192 -2904 ) (1024 -8192 -3384 ) (1553 -8192 -3384 ) 
4 734 768 (1024 -7168 -2904 ) (1024 -7168 -3384 ) (1024 -8192 -3384 ) (1024 -8192 -2904 ) 
4 735 791 (1553 -8192 -3414 ) (1024 -8192 -3414 ) (1024 -8192 -3894 ) (1553 -8192 -3894 ) 
4 735 769 (1024 -7168 -3414 ) (1024 -7168 -3894 ) (1024 -8192 -3894 ) (1024 -8192 -3414 ) 
4 736 792 (1553 -8192 -3924 ) (1223 -8192 -3924 ) (1223 -8192 -4404 ) (1553 -8192 -4404 ) 
4 736 738 (1223 -7996 -4274 ) (1223 -7996 -3924 ) (1223 -7876 -3924 ) (1223 -7876 -4274 ) 
4 736 737 (1223 -7168 -4404 ) (1223 -7876 -4404 ) (1223 -7876 -3924 ) (1223 -7168 -3924 ) 
4 736 739 (1223 -7996 -4404 ) (1223 -8192 -4404 ) (1223 -8192 -3924 ) (1223 -7996 -3924 ) 
4 737 738 (1103 -7876 -3924 ) (1103 -7876 -4274 ) (1223 -7876 -4274 ) (1223 -7876 -3924 ) 
4 737 740 (1103 -7168 -4404 ) (1103 -7876 -4404 ) (1103 -7876 -3924 ) (1103 -7168 -3924 ) 
4 738 740 (1103 -7996 -4274 ) (1103 -7996 -3924 ) (1103 -7876 -3924 ) (1103 -7876 -4274 ) 
4 738 739 (1103 -7996 -3924 ) (1103 -7996 -4274 ) (1223 -7996 -4274 ) (1223 -7996 -3924 ) 
4 739 792 (1223 -8192 -3924 ) (1103 -8192 -3924 ) (1103 -8192 -4404 ) (1223 -8192 -4404 ) 
4 739 740 (1103 -7996 -4404 ) (1103 -8192 -4404 ) (1103 -8192 -3924 ) (1103 -7996 -3924 ) 
4 740 792 (1103 -8192 -3924 ) (1024 -8192 -3924 ) (1024 -8192 -4404 ) (1103 -8192 -4404 ) 
4 740 771 (1024 -7168 -4274 ) (1024 -7168 -4404 ) (1024 -8192 -4404 ) (1024 -8192 -4274 ) 
4 740 770 (1024 -7168 -3924 ) (1024 -7168 -4274 ) (1024 -8192 -4274 ) (1024 -8192 -3924 ) 
4 741 793 (1553 -8192 -4434 ) (1024 -8192 -4434 ) (1024 -8192 -4914 ) (1553 -8192 -4914 ) 
4 741 775 (1024 -7168 -4434 ) (1024 -7168 -4914 ) (1024 -8192 -4914 ) (1024 -8192 -4434 ) 
4 742 794 (1553 -8192 -4944 ) (1353 -8192 -4944 ) (1353 -8192 -5272 ) (1553 -8192 -5272 ) 
4 742 745 (1353 -8192 -5272 ) (1353 -8108 -5272 ) (1553 -8108 -5272 ) (1553 -8192 -5272 ) 
4 742 743 (1353 -7408 -5272 ) (1353 -7168 -5272 ) (1553 -7168 -5272 ) (1553 -7408 -5272 ) 
4 742 744 (1353 -7988 -5272 ) (1353 -7528 -5272 ) (1553 -7528 -5272 ) (1553 -7988 -5272 ) 
4 742 746 (1353 -8192 -5272 ) (1353 -8192 -4944 ) (1353 -7168 -4944 ) (1353 -7168 -5272 ) 
4 743 747 (1353 -7168 -5322 ) (1553 -7168 -5322 ) (1553 -7408 -5322 ) (1353 -7408 -5322 ) 
4 743 746 (1353 -7168 -5322 ) (1353 -7408 -5322 ) (1353 -7408 -5272 ) (1353 -7168 -5272 ) 
4 744 747 (1553 -7528 -5322 ) (1553 -7988 -5322 ) (1353 -7988 -5322 ) (1353 -7528 -5322 ) 
4 744 746 (1353 -7528 -5322 ) (1353 -7988 -5322 ) (1353 -7988 -5272 ) (1353 -7528 -5272 ) 
4 745 794 (1353 -8192 -5272 ) (1353 -8192 -5322 ) (1553 -8192 -5322 ) (1553 -8192 -5272 ) 
4 745 747 (1553 -8108 -5322 ) (1553 -8192 -5322 ) (1353 -8192 -5322 ) (1353 -8108 -5322 ) 
4 745 746 (1353 -8108 -5322 ) (1353 -8192 -5322 ) (1353 -8192 -5272 ) (1353 -8108 -5272 ) 
4 746 794 (1353 -8192 -4944 ) (1024 -8192 -4944 ) (1024 -8192 -5322 ) (1353 -8192 -5322 ) 
4 746 776 (1024 -7168 -4944 ) (1024 -7168 -5322 ) (1024 -8192 -5322 ) (1024 -8192 -4944 ) 
4 746 747 (1024 -7168 -5322 ) (1353 -7168 -5322 ) (1353 -8192 -5322 ) (1024 -8192 -5322 ) 
4 747 794 (1024 -8192 -5322 ) (1024 -8192 -5424 ) (1553 -8192 -5424 ) (1553 -8192 -5322 ) 
4 747 776 (1024 -7168 -5322 ) (1024 -7168 -5424 ) (1024 -8192 -5424 ) (1024 -8192 -5322 ) 
4 748 795 (1553 -8192 -5454 ) (1024 -8192 -5454 ) (1024 -8192 -5934 ) (1553 -8192 -5934 ) 
4 748 777 (1024 -7168 -5454 ) (1024 -7168 -5934 ) (1024 -8192 -5934 ) (1024 -8192 -5454 ) 
4 749 796 (1553 -8192 -5964 ) (1024 -8192 -5964 ) (1024 -8192 -6694 ) (1553 -8192 -6694 ) 
4 749 778 (1024 -7168 -5964 ) (1024 -7168 -6694 ) (1024 -8192 -6694 ) (1024 -8192 -5964 ) 
4 750 797 (1553 -8192 -6724 ) (1024 -8192 -6724 ) (1024 -8192 -7204 ) (1553 -8192 -7204 ) 
4 750 779 (1024 -7168 -6724 ) (1024 -7168 -7204 ) (1024 -8192 -7204 ) (1024 -8192 -6724 ) 
4 751 798 (1553 -8192 -7234 ) (1024 -8192 -7234 ) (1024 -8192 -7702 ) (1553 -8192 -7702 ) 
4 751 780 (1024 -7168 -7234 ) (1024 -7168 -7702 ) (1024 -8192 -7702 ) (1024 -8192 -7234 ) 
4 751 752 (1024 -7168 -7702 ) (1553 -7168 -7702 ) (1553 -8192 -7702 ) (1024 -8192 -7702 ) 
4 752 799 (1553 -8192 -7702 ) (1024 -8192 -7702 ) (1024 -8192 -7814 ) (1553 -8192 -7814 ) 
4 752 781 (1024 -7168 -7702 ) (1024 -7168 -7814 ) (1024 -8192 -7814 ) (1024 -8192 -7702 ) 
4 753 756 (676 -7486 -424 ) (448 -7486 -424 ) (448 -7168 -424 ) (676 -7168 -424 ) 
4 753 755 (1024 -7168 -424 ) (1024 -7486 -424 ) (676 -7486 -424 ) (676 -7168 -424 ) 
4 754 1225 (0 -8192 -424 ) (0 -8192 -4 ) (0 -7406 -4 ) (0 -7406 -424 ) 
4 754 800 (76 -8192 -4 ) (0 -8192 -4 ) (0 -8192 -424 ) (76 -8192 -424 ) 
4 754 762 (76 -8192 -424 ) (0 -8192 -424 ) (0 -7406 -424 ) (76 -7406 -424 ) 
4 755 756 (676 -7168 -524 ) (676 -7486 -524 ) (676 -7486 -424 ) (676 -7168 -424 ) 
4 756 757 (576 -7486 -524 ) (676 -7486 -524 ) (676 -7486 -424 ) (576 -7486 -424 ) 
4 757 758 (576 -8106 -424 ) (576 -8106 -524 ) (676 -8006 -524 ) (676 -8006 -424 ) 
4 758 802 (676 -8192 -424 ) (576 -8192 -424 ) (576 -8192 -524 ) (676 -8192 -524 ) 
4 758 760 (576 -8106 -524 ) (576 -8192 -524 ) (576 -8192 -424 ) (576 -8106 -424 ) 
4 759 801 (490 -8192 -424 ) (448 -8192 -424 ) (448 -8192 -524 ) (490 -8192 -524 ) 
4 759 761 (448 -8106 -524 ) (448 -8192 -524 ) (448 -8192 -424 ) (448 -8106 -424 ) 
4 759 760 (490 -8192 -524 ) (576 -8106 -524 ) (576 -8106 -424 ) (490 -8192 -424 ) 
4 760 802 (576 -8192 -424 ) (490 -8192 -424 ) (490 -8192 -524 ) (576 -8192 -524 ) 
4 761 801 (448 -8192 -424 ) (76 -8192 -424 ) (76 -8192 -524 ) (448 -8192 -524 ) 
4 761 762 (76 -8106 -524 ) (76 -8192 -524 ) (76 -8192 -424 ) (76 -8106 -424 ) 
4 762 1225 (0 -8192 -524 ) (0 -8192 -424 ) (0 -7406 -424 ) (0 -7406 -524 ) 
4 762 801 (76 -8192 -424 ) (0 -8192 -424 ) (0 -8192 -524 ) (76 -8192 -524 ) 
4 763 1230 (0 -8192 -2329 ) (0 -8192 -2264 ) (0 -7418 -2264 ) (0 -7418 -2329 ) 
4 763 1229 (0 -7418 -2264 ) (0 -7318 -2264 ) (0 -7318 -2329 ) (0 -7418 -2329 ) 
4 763 1227 (0 -7318 -2264 ) (0 -7168 -2264 ) (0 -7168 -2329 ) (0 -7318 -2329 ) 
4 763 1226 (0 -8192 -2264 ) (0 -8192 -1844 ) (0 -7168 -1844 ) (0 -7168 -2264 ) 
4 763 805 (1024 -8192 -2329 ) (1024 -8192 -1844 ) (0 -8192 -1844 ) (0 -8192 -2329 ) 
4 763 766 (0 -7327.662598 -2329 ) (0 -7168 -2329 ) (30.821913 -7168 -2329 ) (85.051003 -7289.799805 -2329 ) 
3 763 765 (74.610023 -7168 -2329 ) (358.648773 -7168 -2329 ) (121.596191 -7273.530762 -2329 ) 
5 763 764 (1024 -7168 -2329 ) (1024 -8192 -2329 ) (0 -8192 -2329 ) (0 -7327.662598 -2329 ) (358.648773 -7168 -2329 ) 
4 764 1230 (0 -8192 -2364 ) (0 -8192 -2329 ) (0 -7418 -2329 ) (0 -7418 -2364 ) 
4 764 1229 (0 -7418 -2329 ) (0 -7327.662598 -2329 ) (0 -7327.662598 -2364 ) (0 -7418 -2364 ) 
4 764 805 (1024 -8192 -2364 ) (1024 -8192 -2329 ) (0 -8192 -2329 ) (0 -8192 -2364 ) 
4 764 766 (85.051453 -7289.801270 -2364 ) (0 -7327.664062 -2364 ) (0 -7327.664062 -2329 ) (85.051445 -7289.800781 -2329 ) 
4 764 765 (358.652344 -7168 -2364 ) (121.595306 -7273.532715 -2364 ) (121.596855 -7273.531738 -2329 ) (358.652344 -7168 -2329 ) 
4 766 1229 (0 -7327.662598 -2329 ) (0 -7318 -2329 ) (0 -7318 -2364 ) (0 -7327.662598 -2364 ) 
4 766 1227 (0 -7318 -2329 ) (0 -7168 -2329 ) (0 -7168 -2364 ) (0 -7318 -2364 ) 
4 767 1235 (0 -8192 -2874 ) (0 -8192 -2774 ) (0 -7418 -2774 ) (0 -7418 -2874 ) 
4 767 1234 (0 -7418 -2774 ) (0 -7318 -2774 ) (0 -7318 -2874 ) (0 -7418 -2874 ) 
4 767 1232 (0 -7318 -2774 ) (0 -7168 -2774 ) (0 -7168 -2874 ) (0 -7318 -2874 ) 
4 767 1231 (0 -8192 -2774 ) (0 -8192 -2394 ) (0 -7168 -2394 ) (0 -7168 -2774 ) 
4 767 806 (1024 -8192 -2874 ) (1024 -8192 -2394 ) (0 -8192 -2394 ) (0 -8192 -2874 ) 
4 768 1240 (0 -8192 -3384 ) (0 -8192 -3284 ) (0 -7418 -3284 ) (0 -7418 -3384 ) 
4 768 1239 (0 -7418 -3284 ) (0 -7318 -3284 ) (0 -7318 -3384 ) (0 -7418 -3384 ) 
4 768 1237 (0 -7318 -3284 ) (0 -7168 -3284 ) (0 -7168 -3384 ) (0 -7318 -3384 ) 
4 768 1236 (0 -8192 -3284 ) (0 -8192 -2904 ) (0 -7168 -2904 ) (0 -7168 -3284 ) 
4 768 807 (1024 -8192 -3384 ) (1024 -8192 -2904 ) (0 -8192 -2904 ) (0 -8192 -3384 ) 
4 769 1245 (0 -8192 -3894 ) (0 -8192 -3794 ) (0 -7418 -3794 ) (0 -7418 -3894 ) 
4 769 1244 (0 -7418 -3794 ) (0 -7318 -3794 ) (0 -7318 -3894 ) (0 -7418 -3894 ) 
4 769 1242 (0 -7318 -3794 ) (0 -7168 -3794 ) (0 -7168 -3894 ) (0 -7318 -3894 ) 
4 769 1241 (0 -8192 -3794 ) (0 -8192 -3414 ) (0 -7168 -3414 ) (0 -7168 -3794 ) 
4 769 808 (1024 -8192 -3894 ) (1024 -8192 -3414 ) (0 -8192 -3414 ) (0 -8192 -3894 ) 
4 770 1246 (0 -8192 -4274 ) (0 -8192 -3924 ) (0 -7168 -3924 ) (0 -7168 -4274 ) 
4 770 809 (1024 -8192 -4274 ) (1024 -8192 -3924 ) (0 -8192 -3924 ) (0 -8192 -4274 ) 
4 770 772 (103 -7876 -4274 ) (103 -7168 -4274 ) (223 -7168 -4274 ) (223 -7876 -4274 ) 
4 770 773 (223 -8192 -4274 ) (103 -8192 -4274 ) (103 -7996 -4274 ) (223 -7996 -4274 ) 
4 770 771 (1024 -7168 -4274 ) (1024 -8192 -4274 ) (223 -8192 -4274 ) (223 -7168 -4274 ) 
4 770 774 (103 -8192 -4274 ) (0 -8192 -4274 ) (0 -7168 -4274 ) (103 -7168 -4274 ) 
4 771 809 (1024 -8192 -4404 ) (1024 -8192 -4274 ) (223 -8192 -4274 ) (223 -8192 -4404 ) 
4 771 772 (223 -7168 -4404 ) (223 -7876 -4404 ) (223 -7876 -4274 ) (223 -7168 -4274 ) 
4 771 773 (223 -7996 -4404 ) (223 -8192 -4404 ) (223 -8192 -4274 ) (223 -7996 -4274 ) 
4 772 774 (103 -7168 -4404 ) (103 -7876 -4404 ) (103 -7876 -4274 ) (103 -7168 -4274 ) 
4 773 809 (223 -8192 -4274 ) (103 -8192 -4274 ) (103 -8192 -4404 ) (223 -8192 -4404 ) 
4 773 774 (103 -7996 -4404 ) (103 -8192 -4404 ) (103 -8192 -4274 ) (103 -7996 -4274 ) 
4 774 1250 (0 -8192 -4404 ) (0 -8192 -4304 ) (0 -7418 -4304 ) (0 -7418 -4404 ) 
4 774 1249 (0 -7418 -4304 ) (0 -7318 -4304 ) (0 -7318 -4404 ) (0 -7418 -4404 ) 
4 774 1247 (0 -7318 -4304 ) (0 -7168 -4304 ) (0 -7168 -4404 ) (0 -7318 -4404 ) 
4 774 1246 (0 -8192 -4304 ) (0 -8192 -4274 ) (0 -7168 -4274 ) (0 -7168 -4304 ) 
4 774 809 (103 -8192 -4274 ) (0 -8192 -4274 ) (0 -8192 -4404 ) (103 -8192 -4404 ) 
4 775 1255 (0 -8192 -4914 ) (0 -8192 -4814 ) (0 -7418 -4814 ) (0 -7418 -4914 ) 
4 775 1254 (0 -7418 -4814 ) (0 -7318 -4814 ) (0 -7318 -4914 ) (0 -7418 -4914 ) 
4 775 1252 (0 -7318 -4814 ) (0 -7168 -4814 ) (0 -7168 -4914 ) (0 -7318 -4914 ) 
4 775 1251 (0 -8192 -4814 ) (0 -8192 -4434 ) (0 -7168 -4434 ) (0 -7168 -4814 ) 
4 775 810 (1024 -8192 -4914 ) (1024 -8192 -4434 ) (0 -8192 -4434 ) (0 -8192 -4914 ) 
4 776 1260 (0 -8192 -5424 ) (0 -8192 -5324 ) (0 -7418 -5324 ) (0 -7418 -5424 ) 
4 776 1259 (0 -7418 -5324 ) (0 -7318 -5324 ) (0 -7318 -5424 ) (0 -7418 -5424 ) 
4 776 1257 (0 -7318 -5324 ) (0 -7168 -5324 ) (0 -7168 -5424 ) (0 -7318 -5424 ) 
4 776 1256 (0 -8192 -5324 ) (0 -8192 -4944 ) (0 -7168 -4944 ) (0 -7168 -5324 ) 
4 776 811 (1024 -8192 -5424 ) (1024 -8192 -4944 ) (0 -8192 -4944 ) (0 -8192 -5424 ) 
4 777 1265 (0 -8192 -5934 ) (0 -8192 -5834 ) (0 -7418 -5834 ) (0 -7418 -5934 ) 
4 777 1264 (0 -7418 -5834 ) (0 -7318 -5834 ) (0 -7318 -5934 ) (0 -7418 -5934 ) 
4 777 1262 (0 -7318 -5834 ) (0 -7168 -5834 ) (0 -7168 -5934 ) (0 -7318 -5934 ) 
4 777 1261 (0 -8192 -5834 ) (0 -8192 -5454 ) (0 -7168 -5454 ) (0 -7168 -5834 ) 
4 777 812 (1024 -8192 -5934 ) (1024 -8192 -5454 ) (0 -8192 -5454 ) (0 -8192 -5934 ) 
4 778 1270 (0 -8192 -6694 ) (0 -8192 -6594 ) (0 -7418 -6594 ) (0 -7418 -6694 ) 
4 778 1269 (0 -7418 -6594 ) (0 -7318 -6594 ) (0 -7318 -6694 ) (0 -7418 -6694 ) 
4 778 1267 (0 -7318 -6594 ) (0 -7168 -6594 ) (0 -7168 -6694 ) (0 -7318 -6694 ) 
4 778 1266 (0 -8192 -6594 ) (0 -8192 -5964 ) (0 -7168 -5964 ) (0 -7168 -6594 ) 
4 778 813 (1024 -8192 -6694 ) (1024 -8192 -5964 ) (0 -8192 -5964 ) (0 -8192 -6694 ) 
4 779 1275 (0 -8192 -7204 ) (0 -8192 -7104 ) (0 -7418 -7104 ) (0 -7418 -7204 ) 
4 779 1274 (0 -7418 -7104 ) (0 -7318 -7104 ) (0 -7318 -7204 ) (0 -7418 -7204 ) 
4 779 1272 (0 -7318 -7104 ) (0 -7168 -7104 ) (0 -7168 -7204 ) (0 -7318 -7204 ) 
4 779 1271 (0 -8192 -7104 ) (0 -8192 -6724 ) (0 -7168 -6724 ) (0 -7168 -7104 ) 
4 779 814 (1024 -8192 -7204 ) (1024 -8192 -6724 ) (0 -8192 -6724 ) (0 -8192 -7204 ) 
4 780 1276 (0 -8192 -7702 ) (0 -8192 -7234 ) (0 -7168 -7234 ) (0 -7168 -7702 ) 
4 780 815 (1024 -8192 -7702 ) (1024 -8192 -7234 ) (0 -8192 -7234 ) (0 -8192 -7702 ) 
4 780 781 (1024 -7168 -7702 ) (1024 -8192 -7702 ) (0 -8192 -7702 ) (0 -7168 -7702 ) 
4 781 1277 (0 -8192 -7814 ) (0 -8192 -7702 ) (0 -7168 -7702 ) (0 -7168 -7814 ) 
4 781 816 (1024 -8192 -7814 ) (1024 -8192 -7702 ) (0 -8192 -7702 ) (0 -8192 -7814 ) 
4 782 784 (3072 -8192 -424 ) (3072 -8192 -524 ) (3072 -8906 -524 ) (3072 -8906 -424 ) 
4 782 783 (3072 -8192 -4 ) (3072 -8192 -424 ) (3072 -8906 -424 ) (3072 -8906 -4 ) 
4 783 784 (2220 -8906 -424 ) (2220 -8192 -424 ) (3072 -8192 -424 ) (3072 -8906 -424 ) 
4 784 785 (2220 -8192 -524 ) (2220 -8206 -524 ) (2220 -8206 -424 ) (2220 -8192 -424 ) 
4 785 786 (2048 -8192 -424 ) (2048 -8192 -524 ) (2048 -8206 -524 ) (2048 -8206 -424 ) 
4 786 787 (1806 -8192 -524 ) (1820 -8206 -524 ) (1820 -8206 -424 ) (1806 -8192 -424 ) 
4 788 805 (1024 -8192 -1844 ) (1024 -8192 -2364 ) (1024 -8208 -2364 ) (1024 -8208 -1844 ) 
4 789 806 (1024 -8192 -2394 ) (1024 -8192 -2874 ) (1024 -8208 -2874 ) (1024 -8208 -2394 ) 
4 790 807 (1024 -8192 -2904 ) (1024 -8192 -3384 ) (1024 -8208 -3384 ) (1024 -8208 -2904 ) 
4 791 808 (1024 -8192 -3414 ) (1024 -8192 -3894 ) (1024 -8208 -3894 ) (1024 -8208 -3414 ) 
4 792 809 (1024 -8192 -3924 ) (1024 -8192 -4404 ) (1024 -8208 -4404 ) (1024 -8208 -3924 ) 
4 793 810 (1024 -8192 -4434 ) (1024 -8192 -4914 ) (1024 -8208 -4914 ) (1024 -8208 -4434 ) 
4 794 811 (1024 -8192 -4944 ) (1024 -8192 -5424 ) (1024 -8208 -5424 ) (1024 -8208 -4944 ) 
4 795 812 (1024 -8192 -5454 ) (1024 -8192 -5934 ) (1024 -8208 -5934 ) (1024 -8208 -5454 ) 
4 796 813 (1024 -8192 -5964 ) (1024 -8192 -6694 ) (1024 -8208 -6694 ) (1024 -8208 -5964 ) 
4 797 814 (1024 -8192 -6724 ) (1024 -8192 -7204 ) (1024 -8208 -7204 ) (1024 -8208 -6724 ) 
4 798 815 (1024 -8192 -7234 ) (1024 -8192 -7702 ) (1024 -8208 -7702 ) (1024 -8208 -7234 ) 
4 798 799 (1024 -8208 -7702 ) (1024 -8192 -7702 ) (1553 -8192 -7702 ) (1553 -8208 -7702 ) 
4 799 816 (1024 -8192 -7702 ) (1024 -8192 -7814 ) (1024 -8208 -7814 ) (1024 -8208 -7702 ) 
4 800 1280 (0 -8906 -4 ) (0 -8192 -4 ) (0 -8192 -424 ) (0 -8906 -424 ) 
4 800 803 (40 -8206 -424 ) (76 -8206 -424 ) (76 -8906 -424 ) (40 -8906 -424 ) 
4 800 804 (0 -8906 -424 ) (0 -8206 -424 ) (40 -8206 -424 ) (40 -8906 -424 ) 
4 800 801 (0 -8206 -424 ) (0 -8192 -424 ) (76 -8192 -424 ) (76 -8206 -424 ) 
4 801 1281 (0 -8206 -424 ) (0 -8192 -424 ) (0 -8192 -524 ) (0 -8206 -524 ) 
4 801 803 (40 -8206 -524 ) (76 -8206 -524 ) (76 -8206 -424 ) (40 -8206 -424 ) 
4 801 804 (0 -8206 -524 ) (40 -8206 -524 ) (40 -8206 -424 ) (0 -8206 -424 ) 
4 801 802 (476 -8206 -424 ) (476 -8206 -524 ) (490 -8192 -524 ) (490 -8192 -424 ) 
4 803 804 (40 -8206 -424 ) (40 -8206 -524 ) (40 -8906 -524 ) (40 -8906 -424 ) 
4 804 1281 (0 -9216 -524 ) (0 -9216 -424 ) (0 -8206 -424 ) (0 -8206 -524 ) 
4 804 817 (40 -9216 -424 ) (0 -9216 -424 ) (0 -9216 -524 ) (40 -9216 -524 ) 
4 805 1283 (0 -8208 -1844 ) (0 -8192 -1844 ) (0 -8192 -2364 ) (0 -8208 -2364 ) 
4 806 1284 (0 -8208 -2394 ) (0 -8192 -2394 ) (0 -8192 -2874 ) (0 -8208 -2874 ) 
4 807 1285 (0 -8208 -2904 ) (0 -8192 -2904 ) (0 -8192 -3384 ) (0 -8208 -3384 ) 
4 808 1286 (0 -8208 -3414 ) (0 -8192 -3414 ) (0 -8192 -3894 ) (0 -8208 -3894 ) 
4 809 1287 (0 -8208 -3924 ) (0 -8192 -3924 ) (0 -8192 -4404 ) (0 -8208 -4404 ) 
4 810 1288 (0 -8208 -4434 ) (0 -8192 -4434 ) (0 -8192 -4914 ) (0 -8208 -4914 ) 
4 811 1289 (0 -8208 -4944 ) (0 -8192 -4944 ) (0 -8192 -5424 ) (0 -8208 -5424 ) 
4 812 1290 (0 -8208 -5454 ) (0 -8192 -5454 ) (0 -8192 -5934 ) (0 -8208 -5934 ) 
4 813 1291 (0 -8208 -5964 ) (0 -8192 -5964 ) (0 -8192 -6694 ) (0 -8208 -6694 ) 
4 814 1292 (0 -8208 -6724 ) (0 -8192 -6724 ) (0 -8192 -7204 ) (0 -8208 -7204 ) 
4 815 1293 (0 -8208 -7234 ) (0 -8192 -7234 ) (0 -8192 -7702 ) (0 -8208 -7702 ) 
4 815 816 (1024 -8192 -7702 ) (1024 -8208 -7702 ) (0 -8208 -7702 ) (0 -8192 -7702 ) 
4 816 1296 (0 -8208 -7702 ) (0 -8192 -7702 ) (0 -8192 -7814 ) (0 -8208 -7814 ) 
4 817 1299 (0 -9439 -424 ) (0 -9216 -424 ) (0 -9216 -524 ) (0 -9439 -524 ) 
4 818 827 (-1024 4976 9978.230469 ) (-1024 5120 9978.230469 ) (-1024 5120 64 ) (-1024 4976 64 ) 
4 818 820 (-1024 4976 64 ) (0 4976 64 ) (0 4976 176 ) (-1024 4976 176 ) 
4 818 819 (0 4976 176 ) (0 4976 9978.230469 ) (-1024 4976 9978.230469 ) (-1024 4976 176 ) 
4 818 822 (-1024 4976 64 ) (-1024 5120 64 ) (0 5120 64 ) (0 4976 64 ) 
4 819 828 (-1024 4944 9978.230469 ) (-1024 4976 9978.230469 ) (-1024 4976 176 ) (-1024 4944 176 ) 
4 819 821 (0 4944 176 ) (0 4944 9978.230469 ) (-1024 4944 9978.230469 ) (-1024 4944 176 ) 
4 819 820 (0 4944 176 ) (-1024 4944 176 ) (-1024 4976 176 ) (0 4976 176 ) 
4 820 829 (-1024 4976 176 ) (-1024 4976 64 ) (-1024 4944 64 ) (-1024 4944 176 ) 
4 820 822 (-1024 4944 64 ) (-1024 4976 64 ) (0 4976 64 ) (0 4944 64 ) 
4 820 821 (-1024 4944 64 ) (0 4944 64 ) (0 4944 176 ) (-1024 4944 176 ) 
4 821 830 (-1024 4563 9978.230469 ) (-1024 4944 9978.230469 ) (-1024 4944 64 ) (-1024 4563 64 ) 
4 821 823 (0 4563 115 ) (0 4563 9978.230469 ) (-1024 4563 9978.230469 ) (-1024 4563 115 ) 
4 821 822 (0 4563 64 ) (-1024 4563 64 ) (-1024 4944 64 ) (0 4944 64 ) 
4 822 831 (-1024 5120 64 ) (-1024 5120 63 ) (-1024 4563 63 ) (-1024 4563 64 ) 
4 823 832 (-1024 4435 9978.230469 ) (-1024 4563 9978.230469 ) (-1024 4563 115 ) (-1024 4435 115 ) 
4 823 824 (0 4435 115 ) (0 4435 9978.230469 ) (-1024 4435 9978.230469 ) (-1024 4435 115 ) 
4 824 836 (0 4096 63 ) (0 4096 9978.230469 ) (-1024 4096 9978.230469 ) (-1024 4096 63 ) 
4 824 833 (-1024 4096 63 ) (-1024 4096 9978.230469 ) (-1024 4435 9978.230469 ) (-1024 4435 63 ) 
4 824 826 (0 4096 63 ) (-1024 4096 63 ) (-1024 4435 63 ) (0 4435 63 ) 
4 825 834 (-1024 4563 26 ) (-1024 5120 26 ) (-1024 5120 -1473 ) (-1024 4563 -1473 ) 
4 826 837 (0 4096 -1473 ) (0 4096 63 ) (-1024 4096 63 ) (-1024 4096 -1473 ) 
4 826 835 (-1024 4096 -1473 ) (-1024 4096 63 ) (-1024 4435 63 ) (-1024 4435 -1473 ) 
4 827 840 (-2048 4976 9978.230469 ) (-2048 5120 9978.230469 ) (-2048 5120 64 ) (-2048 4976 64 ) 
4 827 829 (-2048 4976 64 ) (-1024 4976 64 ) (-1024 4976 176 ) (-2048 4976 176 ) 
4 827 828 (-1024 4976 176 ) (-1024 4976 9978.230469 ) (-2048 4976 9978.230469 ) (-2048 4976 176 ) 
4 827 831 (-2048 4976 64 ) (-2048 5120 64 ) (-1024 5120 64 ) (-1024 4976 64 ) 
4 828 841 (-2048 4944 9978.230469 ) (-2048 4976 9978.230469 ) (-2048 4976 176 ) (-2048 4944 176 ) 
4 828 830 (-1024 4944 176 ) (-1024 4944 9978.230469 ) (-2048 4944 9978.230469 ) (-2048 4944 176 ) 
4 828 829 (-1024 4944 176 ) (-2048 4944 176 ) (-2048 4976 176 ) (-1024 4976 176 ) 
4 829 842 (-2048 4976 176 ) (-2048 4976 64 ) (-2048 4944 64 ) (-2048 4944 176 ) 
4 829 831 (-2048 4944 64 ) (-2048 4976 64 ) (-1024 4976 64 ) (-1024 4944 64 ) 
4 829 830 (-2048 4944 64 ) (-1024 4944 64 ) (-1024 4944 176 ) (-2048 4944 176 ) 
4 830 843 (-2048 4563 9978.230469 ) (-2048 4944 9978.230469 ) (-2048 4944 64 ) (-2048 4563 64 ) 
4 830 832 (-1024 4563 115 ) (-1024 4563 9978.230469 ) (-2048 4563 9978.230469 ) (-2048 4563 115 ) 
4 830 831 (-1024 4563 64 ) (-2048 4563 64 ) (-2048 4944 64 ) (-1024 4944 64 ) 
4 831 844 (-2048 5120 64 ) (-2048 5120 63 ) (-2048 4563 63 ) (-2048 4563 64 ) 
4 832 845 (-2048 4435 9978.230469 ) (-2048 4563 9978.230469 ) (-2048 4563 115 ) (-2048 4435 115 ) 
4 832 833 (-1024 4435 115 ) (-1024 4435 9978.230469 ) (-2048 4435 9978.230469 ) (-2048 4435 115 ) 
4 833 846 (-2048 4096 63 ) (-2048 4096 115 ) (-2048 4435 115 ) (-2048 4435 63 ) 
4 833 845 (-2048 4096 115 ) (-2048 4096 9978.230469 ) (-2048 4435 9978.230469 ) (-2048 4435 115 ) 
4 833 838 (-1024 4096 63 ) (-1024 4096 9978.230469 ) (-2048 4096 9978.230469 ) (-2048 4096 63 ) 
4 833 835 (-1024 4435 63 ) (-1024 4096 63 ) (-2048 4096 63 ) (-2048 4435 63 ) 
4 834 848 (-2048 4563 26 ) (-2048 5120 26 ) (-2048 5120 -1473 ) (-2048 4563 -1473 ) 
4 835 849 (-2048 4096 -1473 ) (-2048 4096 63 ) (-2048 4435 63 ) (-2048 4435 -1473 ) 
4 835 839 (-1024 4096 -1473 ) (-1024 4096 63 ) (-2048 4096 63 ) (-2048 4096 -1473 ) 
4 836 882 (0 3072 63 ) (0 3072 115 ) (-1024 3072 115 ) (-1024 3072 63 ) 
4 836 881 (0 3072 115 ) (0 3072 9978.230469 ) (-1024 3072 9978.230469 ) (-1024 3072 115 ) 
4 836 838 (-1024 4096 9978.230469 ) (-1024 4096 63 ) (-1024 3072 63 ) (-1024 3072 9978.230469 ) 
4 836 837 (0 3072 63 ) (-1024 3072 63 ) (-1024 4096 63 ) (0 4096 63 ) 
4 837 883 (0 3072 -1473 ) (0 3072 63 ) (-1024 3072 63 ) (-1024 3072 -1473 ) 
4 837 839 (-1024 4096 63 ) (-1024 4096 -1473 ) (-1024 3072 -1473 ) (-1024 3072 63 ) 
4 838 885 (-1024 3072 63 ) (-1024 3072 115 ) (-2048 3072 115 ) (-2048 3072 63 ) 
4 838 884 (-1024 3072 115 ) (-1024 3072 9978.230469 ) (-2048 3072 9978.230469 ) (-2048 3072 115 ) 
4 838 859 (-2048 3072 63 ) (-2048 3072 115 ) (-2048 4096 115 ) (-2048 4096 63 ) 
4 838 858 (-2048 3072 115 ) (-2048 3072 9978.230469 ) (-2048 4096 9978.230469 ) (-2048 4096 115 ) 
4 838 839 (-1024 4096 63 ) (-1024 3072 63 ) (-2048 3072 63 ) (-2048 4096 63 ) 
4 839 886 (-1024 3072 -1473 ) (-1024 3072 63 ) (-2048 3072 63 ) (-2048 3072 -1473 ) 
4 839 861 (-2048 3072 -1473 ) (-2048 3072 63 ) (-2048 4096 63 ) (-2048 4096 -1473 ) 
4 840 852 (-3072 5120 9978.230469 ) (-3072 5120 64 ) (-3072 4976 64 ) (-3072 4976 9978.230469 ) 
4 840 842 (-3072 4976 64 ) (-2048 4976 64 ) (-2048 4976 176 ) (-3072 4976 176 ) 
4 840 841 (-2048 4976 176 ) (-2048 4976 9978.230469 ) (-3072 4976 9978.230469 ) (-3072 4976 176 ) 
4 840 844 (-3072 4976 64 ) (-3072 5120 64 ) (-2048 5120 64 ) (-2048 4976 64 ) 
4 841 853 (-3072 4944 176 ) (-3072 4944 9978.230469 ) (-3072 4976 9978.230469 ) (-3072 4976 176 ) 
4 841 843 (-2048 4944 176 ) (-2048 4944 9978.230469 ) (-3072 4944 9978.230469 ) (-3072 4944 176 ) 
4 841 842 (-2048 4944 176 ) (-3072 4944 176 ) (-3072 4976 176 ) (-2048 4976 176 ) 
4 842 854 (-3072 4976 64 ) (-3072 4944 64 ) (-3072 4944 176 ) (-3072 4976 176 ) 
4 842 844 (-3072 4944 64 ) (-3072 4976 64 ) (-2048 4976 64 ) (-2048 4944 64 ) 
4 842 843 (-3072 4944 64 ) (-2048 4944 64 ) (-2048 4944 176 ) (-3072 4944 176 ) 
4 843 855 (-3072 4944 64 ) (-3072 4563 64 ) (-3072 4563 9978.230469 ) (-3072 4944 9978.230469 ) 
4 843 847 (-3072 4563 115 ) (-3072 4563 64 ) (-2304 4563 64 ) (-2304 4563 115 ) 
4 843 845 (-3072 4563 9978.230469 ) (-3072 4563 115 ) (-2048 4563 115 ) (-2048 4563 9978.230469 ) 
4 843 844 (-2048 4563 64 ) (-3072 4563 64 ) (-3072 4944 64 ) (-2048 4944 64 ) 
4 844 856 (-3072 5120 64 ) (-3072 5120 63 ) (-3072 4563 63 ) (-3072 4563 64 ) 
4 844 847 (-3072 4563 64 ) (-3072 4563 63 ) (-2304 4563 63 ) (-2304 4563 64 ) 
4 845 858 (-2048 4096 115 ) (-2048 4096 9978.230469 ) (-3072 4096 9978.230469 ) (-3072 4096 115 ) 
4 845 855 (-3072 4096 115 ) (-3072 4096 9978.230469 ) (-3072 4563 9978.230469 ) (-3072 4563 115 ) 
4 845 847 (-2304 4096 115 ) (-3072 4096 115 ) (-3072 4563 115 ) (-2304 4563 115 ) 
4 845 846 (-2048 4096 115 ) (-2176 4096 115 ) (-2176 4435 115 ) (-2048 4435 115 ) 
4 846 859 (-2048 4096 63 ) (-2048 4096 115 ) (-2176 4096 115 ) (-2176 4096 63 ) 
4 846 849 (-2048 4096 63 ) (-2176 4096 63 ) (-2176 4435 63 ) (-2048 4435 63 ) 
4 847 860 (-2304 4096 115 ) (-3072 4096 115 ) (-3072 4096 63 ) (-2304 4096 63 ) 
4 847 856 (-3072 4096 63 ) (-3072 4096 64 ) (-3072 4563 64 ) (-3072 4563 63 ) 
4 847 855 (-3072 4096 64 ) (-3072 4096 115 ) (-3072 4563 115 ) (-3072 4563 64 ) 
4 848 850 (-2176 5120 26 ) (-2176 5120 -1473 ) (-2176 4563 -1473 ) (-2176 4563 26 ) 
4 849 861 (-2048 4096 -1473 ) (-2048 4096 63 ) (-2176 4096 63 ) (-2176 4096 -1473 ) 
4 850 851 (-2304 5120 -1473 ) (-2304 4563 -1473 ) (-2304 4563 26 ) (-2304 5120 26 ) 
4 851 862 (-2304 4096 26 ) (-3072 4096 26 ) (-3072 4096 -1473 ) (-2304 4096 -1473 ) 
4 851 857 (-3072 4096 -1473 ) (-3072 4096 26 ) (-3072 5120 26 ) (-3072 5120 -1473 ) 
4 852 865 (-4096 4976 9978.230469 ) (-4096 5120 9978.230469 ) (-4096 5120 64 ) (-4096 4976 64 ) 
4 852 856 (-4096 5120 64 ) (-3072 5120 64 ) (-3072 4976 64 ) (-4096 4976 64 ) 
4 852 854 (-4096 4976 64 ) (-3072 4976 64 ) (-3072 4976 176 ) (-4096 4976 176 ) 
4 852 853 (-3072 4976 176 ) (-3072 4976 9978.230469 ) (-4096 4976 9978.230469 ) (-4096 4976 176 ) 
4 853 866 (-4096 4944 9978.230469 ) (-4096 4976 9978.230469 ) (-4096 4976 176 ) (-4096 4944 176 ) 
4 853 855 (-3072 4944 176 ) (-3072 4944 9978.230469 ) (-4096 4944 9978.230469 ) (-4096 4944 176 ) 
4 853 854 (-3072 4944 176 ) (-4096 4944 176 ) (-4096 4976 176 ) (-3072 4976 176 ) 
4 854 867 (-4096 4976 176 ) (-4096 4976 64 ) (-4096 4944 64 ) (-4096 4944 176 ) 
4 854 856 (-3072 4976 64 ) (-3072 4944 64 ) (-4096 4944 64 ) (-4096 4976 64 ) 
4 854 855 (-4096 4944 64 ) (-3072 4944 64 ) (-3072 4944 176 ) (-4096 4944 176 ) 
4 855 868 (-4096 4096 64 ) (-4096 4096 9978.230469 ) (-4096 4944 9978.230469 ) (-4096 4944 64 ) 
4 855 863 (-3072 4096 64 ) (-3072 4096 9978.230469 ) (-4096 4096 9978.230469 ) (-4096 4096 64 ) 
4 855 856 (-3072 4944 64 ) (-3072 4096 64 ) (-4096 4096 64 ) (-4096 4944 64 ) 
4 856 873 (-4096 4096 63 ) (-4096 4096 64 ) (-4096 5120 64 ) (-4096 5120 63 ) 
4 856 863 (-3072 4096 63 ) (-3072 4096 64 ) (-4096 4096 64 ) (-4096 4096 63 ) 
4 857 874 (-4096 4096 -1473 ) (-4096 4096 26 ) (-4096 5120 26 ) (-4096 5120 -1473 ) 
4 857 864 (-3072 4096 -1473 ) (-3072 4096 26 ) (-4096 4096 26 ) (-4096 4096 -1473 ) 
4 858 891 (-2048 3072 115 ) (-2048 3072 9978.230469 ) (-3072 3072 9978.230469 ) (-3072 3072 115 ) 
4 858 863 (-3072 4096 9978.230469 ) (-3072 4096 115 ) (-3072 3072 115 ) (-3072 3072 9978.230469 ) 
4 858 859 (-2048 3072 115 ) (-2176 3072 115 ) (-2176 4096 115 ) (-2048 4096 115 ) 
4 858 860 (-2304 3072 115 ) (-3072 3072 115 ) (-3072 4096 115 ) (-2304 4096 115 ) 
4 859 892 (-2048 3072 63 ) (-2048 3072 115 ) (-2176 3072 115 ) (-2176 3072 63 ) 
4 859 861 (-2176 4096 63 ) (-2048 4096 63 ) (-2048 3072 63 ) (-2176 3072 63 ) 
4 860 893 (-2304 3072 115 ) (-3072 3072 115 ) (-3072 3072 63 ) (-2304 3072 63 ) 
4 860 863 (-3072 4096 115 ) (-3072 4096 63 ) (-3072 3072 63 ) (-3072 3072 115 ) 
4 861 894 (-2048 3072 -1473 ) (-2048 3072 63 ) (-2176 3072 63 ) (-2176 3072 -1473 ) 
4 862 895 (-2304 3072 26 ) (-3072 3072 26 ) (-3072 3072 -1473 ) (-2304 3072 -1473 ) 
4 862 864 (-3072 4096 26 ) (-3072 4096 -1473 ) (-3072 3072 -1473 ) (-3072 3072 26 ) 
4 863 896 (-3072 3072 63 ) (-3072 3072 9978.230469 ) (-4096 3072 9978.230469 ) (-4096 3072 63 ) 
4 863 879 (-4096 3072 63 ) (-4096 3072 64 ) (-4096 4096 64 ) (-4096 4096 63 ) 
4 863 875 (-4096 3072 64 ) (-4096 3072 9978.230469 ) (-4096 4096 9978.230469 ) (-4096 4096 64 ) 
4 864 897 (-3072 3072 -1473 ) (-3072 3072 26 ) (-4096 3072 26 ) (-4096 3072 -1473 ) 
4 864 880 (-4096 3072 -1473 ) (-4096 3072 26 ) (-4096 4096 26 ) (-4096 4096 -1473 ) 
4 865 873 (-4880 4976 64 ) (-4880 5120 64 ) (-4096 5120 64 ) (-4096 4976 64 ) 
4 865 869 (-4880 5120 64 ) (-4880 4976 64 ) (-4880 4976 9978.230469 ) (-4880 5120 9978.230469 ) 
4 865 867 (-4880 4976 176 ) (-4880 4976 64 ) (-4096 4976 64 ) (-4096 4976 176 ) 
4 865 866 (-4880 4976 9978.230469 ) (-4880 4976 176 ) (-4096 4976 176 ) (-4096 4976 9978.230469 ) 
4 866 870 (-4880 4944 176 ) (-4880 4944 9978.230469 ) (-4880 4976 9978.230469 ) (-4880 4976 176 ) 
4 866 868 (-4880 4944 9978.230469 ) (-4880 4944 176 ) (-4096 4944 176 ) (-4096 4944 9978.230469 ) 
4 866 867 (-4096 4944 176 ) (-4880 4944 176 ) (-4880 4976 176 ) (-4096 4976 176 ) 
4 867 873 (-4880 4944 64 ) (-4880 4976 64 ) (-4096 4976 64 ) (-4096 4944 64 ) 
4 867 871 (-4880 4976 64 ) (-4880 4944 64 ) (-4880 4944 176 ) (-4880 4976 176 ) 
4 867 868 (-4880 4944 176 ) (-4880 4944 64 ) (-4096 4944 64 ) (-4096 4944 176 ) 
4 868 875 (-4096 4096 64 ) (-4096 4096 9978.230469 ) (-4880 4096 9978.230469 ) (-4880 4096 64 ) 
4 868 873 (-4096 4096 64 ) (-4880 4096 64 ) (-4880 4944 64 ) (-4096 4944 64 ) 
4 868 871 (-4880 4944 64 ) (-4880 4096 64 ) (-4880 4096 176 ) (-4880 4944 176 ) 
4 868 870 (-4880 4096 176 ) (-4880 4096 9978.230469 ) (-4880 4944 9978.230469 ) (-4880 4944 176 ) 
4 869 873 (-4912 4976 64 ) (-4912 5120 64 ) (-4880 5120 64 ) (-4880 4976 64 ) 
4 869 871 (-4912 4976 176 ) (-4912 4976 64 ) (-4880 4976 64 ) (-4880 4976 176 ) 
4 869 870 (-4912 4976 9978.230469 ) (-4912 4976 176 ) (-4880 4976 176 ) (-4880 4976 9978.230469 ) 
4 869 872 (-4912 5120 64 ) (-4912 4976 64 ) (-4912 4976 9978.230469 ) (-4912 5120 9978.230469 ) 
4 870 876 (-4880 4096 9978.230469 ) (-4912 4096 9978.230469 ) (-4912 4096 176 ) (-4880 4096 176 ) 
4 870 872 (-4912 4096 176 ) (-4912 4096 9978.230469 ) (-4912 4976 9978.230469 ) (-4912 4976 176 ) 
4 870 871 (-4912 4096 176 ) (-4912 4976 176 ) (-4880 4976 176 ) (-4880 4096 176 ) 
4 871 877 (-4912 4096 176 ) (-4912 4096 64 ) (-4880 4096 64 ) (-4880 4096 176 ) 
4 871 873 (-4880 4096 64 ) (-4912 4096 64 ) (-4912 4976 64 ) (-4880 4976 64 ) 
4 871 872 (-4912 4976 64 ) (-4912 4096 64 ) (-4912 4096 176 ) (-4912 4976 176 ) 
4 872 878 (-4912 4096 9978.230469 ) (-5120 4096 9978.230469 ) (-5120 4096 64 ) (-4912 4096 64 ) 
4 872 873 (-4912 4096 64 ) (-5120 4096 64 ) (-5120 5120 64 ) (-4912 5120 64 ) 
4 873 879 (-4096 4096 63 ) (-4096 4096 64 ) (-5120 4096 64 ) (-5120 4096 63 ) 
4 874 880 (-4096 4096 -1473 ) (-4096 4096 26 ) (-5120 4096 26 ) (-5120 4096 -1473 ) 
4 875 926 (-4096 3072 64 ) (-4096 3072 9978.230469 ) (-4880 3072 9978.230469 ) (-4880 3072 64 ) 
4 875 879 (-4880 4096 64 ) (-4096 4096 64 ) (-4096 3072 64 ) (-4880 3072 64 ) 
4 875 877 (-4880 4096 64 ) (-4880 3072 64 ) (-4880 3072 176 ) (-4880 4096 176 ) 
4 875 876 (-4880 3072 176 ) (-4880 3072 9978.230469 ) (-4880 4096 9978.230469 ) (-4880 4096 176 ) 
4 876 927 (-4880 3072 9978.230469 ) (-4912 3072 9978.230469 ) (-4912 3072 176 ) (-4880 3072 176 ) 
4 876 878 (-4912 3072 176 ) (-4912 3072 9978.230469 ) (-4912 4096 9978.230469 ) (-4912 4096 176 ) 
4 876 877 (-4912 3072 176 ) (-4912 4096 176 ) (-4880 4096 176 ) (-4880 3072 176 ) 
4 877 928 (-4912 3072 176 ) (-4912 3072 64 ) (-4880 3072 64 ) (-4880 3072 176 ) 
4 877 879 (-4912 4096 64 ) (-4880 4096 64 ) (-4880 3072 64 ) (-4912 3072 64 ) 
4 877 878 (-4912 4096 64 ) (-4912 3072 64 ) (-4912 3072 176 ) (-4912 4096 176 ) 
4 878 929 (-4912 3072 9978.230469 ) (-5120 3072 9978.230469 ) (-5120 3072 64 ) (-4912 3072 64 ) 
4 878 879 (-5120 4096 64 ) (-4912 4096 64 ) (-4912 3072 64 ) (-5120 3072 64 ) 
4 879 930 (-4096 3072 63 ) (-4096 3072 64 ) (-5120 3072 64 ) (-5120 3072 63 ) 
4 880 931 (-4096 3072 -1473 ) (-4096 3072 26 ) (-5120 3072 26 ) (-5120 3072 -1473 ) 
4 881 887 (0 2048 115 ) (0 2048 9978.230469 ) (-1024 2048 9978.230469 ) (-1024 2048 115 ) 
4 881 884 (-1024 3072 9978.230469 ) (-1024 3072 115 ) (-1024 2048 115 ) (-1024 2048 9978.230469 ) 
4 881 882 (-1024 2176 115 ) (-1024 3072 115 ) (0 3072 115 ) (0 2176 115 ) 
4 882 885 (-1024 3072 115 ) (-1024 3072 63 ) (-1024 2176 63 ) (-1024 2176 115 ) 
4 882 883 (-1024 2176 63 ) (-1024 3072 63 ) (0 3072 63 ) (0 2176 63 ) 
4 883 886 (-1024 3072 63 ) (-1024 3072 -1473 ) (-1024 2176 -1473 ) (-1024 2176 63 ) 
4 884 891 (-2048 3072 9978.230469 ) (-2048 3072 115 ) (-2048 2048 115 ) (-2048 2048 9978.230469 ) 
4 884 889 (-1024 2048 115 ) (-1024 2048 9978.230469 ) (-2048 2048 9978.230469 ) (-2048 2048 115 ) 
4 884 885 (-2048 2176 115 ) (-2048 3072 115 ) (-1024 3072 115 ) (-1024 2176 115 ) 
4 885 892 (-2048 3072 115 ) (-2048 3072 63 ) (-2048 2176 63 ) (-2048 2176 115 ) 
4 885 886 (-2048 3072 63 ) (-1024 3072 63 ) (-1024 2176 63 ) (-2048 2176 63 ) 
4 886 894 (-2048 3072 63 ) (-2048 3072 -1473 ) (-2048 2176 -1473 ) (-2048 2176 63 ) 
4 887 902 (0 1024 63 ) (0 1024 9978.230469 ) (-1024 1024 9978.230469 ) (-1024 1024 63 ) 
4 887 889 (-1024 2048 9978.230469 ) (-1024 2048 63 ) (-1024 1024 63 ) (-1024 1024 9978.230469 ) 
4 888 903 (0 1024 -1473 ) (0 1024 26 ) (-1024 1024 26 ) (-1024 1024 -1473 ) 
4 888 890 (-1024 2048 26 ) (-1024 2048 -1473 ) (-1024 1024 -1473 ) (-1024 1024 26 ) 
4 889 904 (-1024 1024 63 ) (-1024 1024 9978.230469 ) (-2048 1024 9978.230469 ) (-2048 1024 63 ) 
4 889 898 (-2048 1024 63 ) (-2048 1024 9978.230469 ) (-2048 2048 9978.230469 ) (-2048 2048 63 ) 
4 890 905 (-1024 1024 -1473 ) (-1024 1024 26 ) (-2048 1024 26 ) (-2048 1024 -1473 ) 
4 890 899 (-2048 1024 -1473 ) (-2048 1024 26 ) (-2048 2048 26 ) (-2048 2048 -1473 ) 
4 891 898 (-2048 2048 115 ) (-2048 2048 9978.230469 ) (-3072 2048 9978.230469 ) (-3072 2048 115 ) 
4 891 896 (-3072 3072 9978.230469 ) (-3072 3072 115 ) (-3072 2048 115 ) (-3072 2048 9978.230469 ) 
4 891 893 (-3072 2048 115 ) (-3072 3072 115 ) (-2304 3072 115 ) (-2304 2048 115 ) 
4 891 892 (-2176 3072 115 ) (-2048 3072 115 ) (-2048 2176 115 ) (-2176 2176 115 ) 
4 892 894 (-2176 2176 63 ) (-2176 3072 63 ) (-2048 3072 63 ) (-2048 2176 63 ) 
4 893 898 (-2304 2048 115 ) (-3072 2048 115 ) (-3072 2048 63 ) (-2304 2048 63 ) 
4 893 896 (-3072 3072 115 ) (-3072 3072 63 ) (-3072 2048 63 ) (-3072 2048 115 ) 
4 895 899 (-2304 2048 26 ) (-3072 2048 26 ) (-3072 2048 -1473 ) (-2304 2048 -1473 ) 
4 895 897 (-3072 3072 26 ) (-3072 3072 -1473 ) (-3072 2048 -1473 ) (-3072 2048 26 ) 
4 896 930 (-4096 3072 64 ) (-4096 3072 63 ) (-4096 2048 63 ) (-4096 2048 64 ) 
4 896 926 (-4096 3072 9978.230469 ) (-4096 3072 64 ) (-4096 2048 64 ) (-4096 2048 9978.230469 ) 
4 896 900 (-3072 2048 63 ) (-3072 2048 9978.230469 ) (-4096 2048 9978.230469 ) (-4096 2048 63 ) 
4 897 931 (-4096 3072 26 ) (-4096 3072 -1473 ) (-4096 2048 -1473 ) (-4096 2048 26 ) 
4 897 901 (-3072 2048 -1473 ) (-3072 2048 26 ) (-4096 2048 26 ) (-4096 2048 -1473 ) 
4 898 914 (-2048 1024 63 ) (-2048 1024 9978.230469 ) (-3072 1024 9978.230469 ) (-3072 1024 63 ) 
4 898 900 (-3072 2048 9978.230469 ) (-3072 2048 63 ) (-3072 1024 63 ) (-3072 1024 9978.230469 ) 
4 899 915 (-2048 1024 -1473 ) (-2048 1024 26 ) (-3072 1024 26 ) (-3072 1024 -1473 ) 
4 899 901 (-3072 2048 26 ) (-3072 2048 -1473 ) (-3072 1024 -1473 ) (-3072 1024 26 ) 
4 900 936 (-4096 1024 63 ) (-4096 1024 64 ) (-4096 2048 64 ) (-4096 2048 63 ) 
4 900 932 (-4096 1024 64 ) (-4096 1024 9978.230469 ) (-4096 2048 9978.230469 ) (-4096 2048 64 ) 
4 900 916 (-3072 1024 63 ) (-3072 1024 9978.230469 ) (-4096 1024 9978.230469 ) (-4096 1024 63 ) 
4 901 937 (-4096 1024 -1473 ) (-4096 1024 26 ) (-4096 2048 26 ) (-4096 2048 -1473 ) 
4 901 917 (-3072 1024 -1473 ) (-3072 1024 26 ) (-4096 1024 26 ) (-4096 1024 -1473 ) 
4 902 906 (0 0 63 ) (0 0 9978.230469 ) (-1024 0 9978.230469 ) (-1024 0 63 ) 
4 902 904 (-1024 1024 9978.230469 ) (-1024 1024 63 ) (-1024 0 63 ) (-1024 0 9978.230469 ) 
4 903 907 (0 0 -1473 ) (0 0 26 ) (-1024 0 26 ) (-1024 0 -1473 ) 
4 903 905 (-1024 1024 26 ) (-1024 1024 -1473 ) (-1024 0 -1473 ) (-1024 0 26 ) 
4 904 914 (-2048 1024 9978.230469 ) (-2048 1024 63 ) (-2048 0 63 ) (-2048 0 9978.230469 ) 
4 904 908 (-1024 0 63 ) (-1024 0 9978.230469 ) (-2048 0 9978.230469 ) (-2048 0 63 ) 
4 905 915 (-2048 1024 26 ) (-2048 1024 -1473 ) (-2048 0 -1473 ) (-2048 0 26 ) 
4 905 909 (-1024 0 -1473 ) (-1024 0 26 ) (-2048 0 26 ) (-2048 0 -1473 ) 
4 906 910 (0 -1024 63 ) (0 -1024 9978.230469 ) (-1024 -1024 9978.230469 ) (-1024 -1024 63 ) 
4 906 908 (-1024 -1024 63 ) (-1024 -1024 9978.230469 ) (-1024 0 9978.230469 ) (-1024 0 63 ) 
4 907 911 (0 -1024 -1473 ) (0 -1024 26 ) (-1024 -1024 26 ) (-1024 -1024 -1473 ) 
4 907 909 (-1024 -1024 -1473 ) (-1024 -1024 26 ) (-1024 0 26 ) (-1024 0 -1473 ) 
4 908 918 (-2048 -1024 63 ) (-2048 -1024 9978.230469 ) (-2048 0 9978.230469 ) (-2048 0 63 ) 
4 908 912 (-2048 -1024 9978.230469 ) (-2048 -1024 63 ) (-1024 -1024 63 ) (-1024 -1024 9978.230469 ) 
4 909 919 (-2048 -1024 -1473 ) (-2048 -1024 26 ) (-2048 0 26 ) (-2048 0 -1473 ) 
4 909 913 (-2048 -1024 26 ) (-2048 -1024 -1473 ) (-1024 -1024 -1473 ) (-1024 -1024 26 ) 
4 910 1036 (0 -2048 63 ) (0 -2048 9978.230469 ) (-1024 -2048 9978.230469 ) (-1024 -2048 63 ) 
4 910 912 (-1024 -1024 9978.230469 ) (-1024 -1024 63 ) (-1024 -2048 63 ) (-1024 -2048 9978.230469 ) 
4 911 1037 (0 -2048 -1473 ) (0 -2048 26 ) (-1024 -2048 26 ) (-1024 -2048 -1473 ) 
4 911 913 (-1024 -1024 26 ) (-1024 -1024 -1473 ) (-1024 -2048 -1473 ) (-1024 -2048 26 ) 
4 912 1038 (-1024 -2048 63 ) (-1024 -2048 9978.230469 ) (-2048 -2048 9978.230469 ) (-2048 -2048 63 ) 
4 912 922 (-2048 -2048 63 ) (-2048 -2048 9978.230469 ) (-2048 -1024 9978.230469 ) (-2048 -1024 63 ) 
4 913 1039 (-1024 -2048 -1473 ) (-1024 -2048 26 ) (-2048 -2048 26 ) (-2048 -2048 -1473 ) 
4 913 923 (-2048 -2048 -1473 ) (-2048 -2048 26 ) (-2048 -1024 26 ) (-2048 -1024 -1473 ) 
4 914 918 (-2048 0 63 ) (-2048 0 9978.230469 ) (-3072 0 9978.230469 ) (-3072 0 63 ) 
4 914 916 (-3072 1024 9978.230469 ) (-3072 1024 63 ) (-3072 0 63 ) (-3072 0 9978.230469 ) 
4 915 919 (-2048 0 -1473 ) (-2048 0 26 ) (-3072 0 26 ) (-3072 0 -1473 ) 
4 915 917 (-3072 1024 26 ) (-3072 1024 -1473 ) (-3072 0 -1473 ) (-3072 0 26 ) 
4 916 948 (-4096 0 63 ) (-4096 0 64 ) (-4096 1024 64 ) (-4096 1024 63 ) 
4 916 944 (-4096 0 64 ) (-4096 0 9978.230469 ) (-4096 1024 9978.230469 ) (-4096 1024 64 ) 
4 916 920 (-3072 0 63 ) (-3072 0 9978.230469 ) (-4096 0 9978.230469 ) (-4096 0 63 ) 
4 917 949 (-4096 0 -1473 ) (-4096 0 26 ) (-4096 1024 26 ) (-4096 1024 -1473 ) 
4 917 921 (-3072 0 -1473 ) (-3072 0 26 ) (-4096 0 26 ) (-4096 0 -1473 ) 
4 918 922 (-2048 -1024 63 ) (-2048 -1024 9978.230469 ) (-3072 -1024 9978.230469 ) (-3072 -1024 63 ) 
4 918 920 (-3072 -1024 63 ) (-3072 -1024 9978.230469 ) (-3072 0 9978.230469 ) (-3072 0 63 ) 
4 919 923 (-2048 -1024 -1473 ) (-2048 -1024 26 ) (-3072 -1024 26 ) (-3072 -1024 -1473 ) 
4 919 921 (-3072 -1024 -1473 ) (-3072 -1024 26 ) (-3072 0 26 ) (-3072 0 -1473 ) 
4 920 956 (-4096 -1024 63 ) (-4096 -1024 64 ) (-4096 0 64 ) (-4096 0 63 ) 
4 920 952 (-4096 -1024 64 ) (-4096 -1024 9978.230469 ) (-4096 0 9978.230469 ) (-4096 0 64 ) 
4 920 924 (-4096 -1024 9978.230469 ) (-4096 -1024 63 ) (-3072 -1024 63 ) (-3072 -1024 9978.230469 ) 
4 921 957 (-4096 -1024 -1473 ) (-4096 -1024 26 ) (-4096 0 26 ) (-4096 0 -1473 ) 
4 921 925 (-4096 -1024 26 ) (-4096 -1024 -1473 ) (-3072 -1024 -1473 ) (-3072 -1024 26 ) 
4 922 1048 (-2048 -2048 63 ) (-2048 -2048 9978.230469 ) (-3072 -2048 9978.230469 ) (-3072 -2048 63 ) 
4 922 924 (-3072 -1024 9978.230469 ) (-3072 -1024 63 ) (-3072 -2048 63 ) (-3072 -2048 9978.230469 ) 
4 923 1049 (-2048 -2048 -1473 ) (-2048 -2048 26 ) (-3072 -2048 26 ) (-3072 -2048 -1473 ) 
4 923 925 (-3072 -1024 26 ) (-3072 -1024 -1473 ) (-3072 -2048 -1473 ) (-3072 -2048 26 ) 
4 924 1050 (-3072 -2048 63 ) (-3072 -2048 9978.230469 ) (-4096 -2048 9978.230469 ) (-4096 -2048 63 ) 
4 924 964 (-4096 -2048 63 ) (-4096 -2048 64 ) (-4096 -1024 64 ) (-4096 -1024 63 ) 
4 924 960 (-4096 -2048 64 ) (-4096 -2048 9978.230469 ) (-4096 -1024 9978.230469 ) (-4096 -1024 64 ) 
4 925 1051 (-3072 -2048 -1473 ) (-3072 -2048 26 ) (-4096 -2048 26 ) (-4096 -2048 -1473 ) 
4 925 965 (-4096 -2048 -1473 ) (-4096 -2048 26 ) (-4096 -1024 26 ) (-4096 -1024 -1473 ) 
4 926 932 (-4096 2048 64 ) (-4096 2048 9978.230469 ) (-4880 2048 9978.230469 ) (-4880 2048 64 ) 
4 926 930 (-4096 2048 64 ) (-4880 2048 64 ) (-4880 3072 64 ) (-4096 3072 64 ) 
4 926 928 (-4880 3072 64 ) (-4880 2048 64 ) (-4880 2048 176 ) (-4880 3072 176 ) 
4 926 927 (-4880 2048 176 ) (-4880 2048 9978.230469 ) (-4880 3072 9978.230469 ) (-4880 3072 176 ) 
4 927 933 (-4880 2048 9978.230469 ) (-4912 2048 9978.230469 ) (-4912 2048 176 ) (-4880 2048 176 ) 
4 927 929 (-4912 2048 176 ) (-4912 2048 9978.230469 ) (-4912 3072 9978.230469 ) (-4912 3072 176 ) 
4 927 928 (-4912 2048 176 ) (-4912 3072 176 ) (-4880 3072 176 ) (-4880 2048 176 ) 
4 928 934 (-4912 2048 176 ) (-4912 2048 64 ) (-4880 2048 64 ) (-4880 2048 176 ) 
4 928 930 (-4880 2048 64 ) (-4912 2048 64 ) (-4912 3072 64 ) (-4880 3072 64 ) 
4 928 929 (-4912 3072 64 ) (-4912 2048 64 ) (-4912 2048 176 ) (-4912 3072 176 ) 
4 929 935 (-4912 2048 9978.230469 ) (-5120 2048 9978.230469 ) (-5120 2048 64 ) (-4912 2048 64 ) 
4 929 930 (-4912 2048 64 ) (-5120 2048 64 ) (-5120 3072 64 ) (-4912 3072 64 ) 
4 930 936 (-4096 2048 63 ) (-4096 2048 64 ) (-5120 2048 64 ) (-5120 2048 63 ) 
4 931 937 (-4096 2048 -1473 ) (-4096 2048 26 ) (-5120 2048 26 ) (-5120 2048 -1473 ) 
4 932 944 (-4096 1024 64 ) (-4096 1024 9978.230469 ) (-4880 1024 9978.230469 ) (-4880 1024 64 ) 
4 932 936 (-4096 1024 64 ) (-4880 1024 64 ) (-4880 2048 64 ) (-4096 2048 64 ) 
4 932 934 (-4880 2048 64 ) (-4880 1024 64 ) (-4880 1024 176 ) (-4880 2048 176 ) 
4 932 933 (-4880 1024 176 ) (-4880 1024 9978.230469 ) (-4880 2048 9978.230469 ) (-4880 2048 176 ) 
4 933 945 (-4880 1024 9978.230469 ) (-4912 1024 9978.230469 ) (-4912 1024 176 ) (-4880 1024 176 ) 
4 933 935 (-4912 1024 176 ) (-4912 1024 9978.230469 ) (-4912 2048 9978.230469 ) (-4912 2048 176 ) 
4 933 934 (-4912 1024 176 ) (-4912 2048 176 ) (-4880 2048 176 ) (-4880 1024 176 ) 
4 934 946 (-4912 1024 176 ) (-4912 1024 64 ) (-4880 1024 64 ) (-4880 1024 176 ) 
4 934 936 (-4880 1024 64 ) (-4912 1024 64 ) (-4912 2048 64 ) (-4880 2048 64 ) 
4 934 935 (-4912 2048 64 ) (-4912 1024 64 ) (-4912 1024 176 ) (-4912 2048 176 ) 
4 935 947 (-4912 1024 9978.230469 ) (-5120 1024 9978.230469 ) (-5120 1024 64 ) (-4912 1024 64 ) 
4 935 936 (-4912 1024 64 ) (-5120 1024 64 ) (-5120 2048 64 ) (-4912 2048 64 ) 
4 936 948 (-4096 1024 63 ) (-4096 1024 64 ) (-5120 1024 64 ) (-5120 1024 63 ) 
4 937 949 (-4096 1024 -1473 ) (-4096 1024 26 ) (-5120 1024 26 ) (-5120 1024 -1473 ) 
4 938 950 (-5434.500000 1024 59 ) (-5434.500000 1024 9978.230469 ) (-6144 1024 9978.230469 ) (-6144 1024 59 ) 
4 938 940 (-6144 1024 59 ) (-6144 1024 9978.230469 ) (-6144 1125 9978.230469 ) (-6144 1125 59 ) 
4 939 951 (-5434.500000 1024 -1443 ) (-5434.500000 1024 29 ) (-6144 1024 29 ) (-6144 1024 -1443 ) 
4 939 941 (-6144 1024 -1443 ) (-6144 1024 29 ) (-6144 1125 29 ) (-6144 1125 -1443 ) 
4 940 968 (-6144 1024 59 ) (-6144 1024 9978.230469 ) (-7168 1024 9978.230469 ) (-7168 1024 59 ) 
4 940 942 (-7168 1024 59 ) (-7168 1024 9978.230469 ) (-7168 1125 9978.230469 ) (-7168 1125 59 ) 
4 941 969 (-6144 1024 -1443 ) (-6144 1024 29 ) (-7168 1024 29 ) (-7168 1024 -1443 ) 
4 941 943 (-7168 1024 -1443 ) (-7168 1024 29 ) (-7168 1125 29 ) (-7168 1125 -1443 ) 
4 942 980 (-8192 1024 59 ) (-8192 1024 9978.230469 ) (-8192 1125 9978.230469 ) (-8192 1125 59 ) 
4 942 970 (-7168 1024 59 ) (-7168 1024 9978.230469 ) (-8192 1024 9978.230469 ) (-8192 1024 59 ) 
4 943 981 (-8192 1024 -1443 ) (-8192 1024 29 ) (-8192 1125 29 ) (-8192 1125 -1443 ) 
4 943 971 (-7168 1024 -1443 ) (-7168 1024 29 ) (-8192 1024 29 ) (-8192 1024 -1443 ) 
4 944 952 (-4096 0 64 ) (-4096 0 9978.230469 ) (-4880 0 9978.230469 ) (-4880 0 64 ) 
4 944 948 (-4096 0 64 ) (-4880 0 64 ) (-4880 1024 64 ) (-4096 1024 64 ) 
4 944 946 (-4880 1024 64 ) (-4880 0 64 ) (-4880 0 176 ) (-4880 1024 176 ) 
4 944 945 (-4880 0 176 ) (-4880 0 9978.230469 ) (-4880 1024 9978.230469 ) (-4880 1024 176 ) 
4 945 953 (-4880 0 9978.230469 ) (-4912 0 9978.230469 ) (-4912 0 176 ) (-4880 0 176 ) 
4 945 947 (-4912 0 176 ) (-4912 0 9978.230469 ) (-4912 1024 9978.230469 ) (-4912 1024 176 ) 
4 945 946 (-4912 0 176 ) (-4912 1024 176 ) (-4880 1024 176 ) (-4880 0 176 ) 
4 946 954 (-4912 0 176 ) (-4912 0 64 ) (-4880 0 64 ) (-4880 0 176 ) 
4 946 948 (-4880 0 64 ) (-4912 0 64 ) (-4912 1024 64 ) (-4880 1024 64 ) 
4 946 947 (-4912 1024 64 ) (-4912 0 64 ) (-4912 0 176 ) (-4912 1024 176 ) 
4 947 955 (-4912 0 9978.230469 ) (-5120 0 9978.230469 ) (-5120 0 64 ) (-4912 0 64 ) 
4 947 948 (-4912 0 64 ) (-5120 0 64 ) (-5120 1024 64 ) (-4912 1024 64 ) 
4 948 956 (-4096 0 63 ) (-4096 0 64 ) (-5120 0 64 ) (-5120 0 63 ) 
4 949 957 (-4096 0 -1473 ) (-4096 0 26 ) (-5120 0 26 ) (-5120 0 -1473 ) 
4 950 968 (-6144 1024 9978.230469 ) (-6144 1024 59 ) (-6144 0 59 ) (-6144 0 9978.230469 ) 
4 950 958 (-5434.500000 0 59 ) (-5434.500000 0 9978.230469 ) (-6144 0 9978.230469 ) (-6144 0 59 ) 
4 951 969 (-6144 1024 29 ) (-6144 1024 -1443 ) (-6144 0 -1443 ) (-6144 0 29 ) 
4 951 959 (-5434.500000 0 -1443 ) (-5434.500000 0 29 ) (-6144 0 29 ) (-6144 0 -1443 ) 
4 952 960 (-4096 -1024 64 ) (-4096 -1024 9978.230469 ) (-4880 -1024 9978.230469 ) (-4880 -1024 64 ) 
4 952 956 (-4096 -1024 64 ) (-4880 -1024 64 ) (-4880 0 64 ) (-4096 0 64 ) 
4 952 954 (-4880 0 64 ) (-4880 -1024 64 ) (-4880 -1024 176 ) (-4880 0 176 ) 
4 952 953 (-4880 -1024 176 ) (-4880 -1024 9978.230469 ) (-4880 0 9978.230469 ) (-4880 0 176 ) 
4 953 961 (-4880 -1024 9978.230469 ) (-4912 -1024 9978.230469 ) (-4912 -1024 176 ) (-4880 -1024 176 ) 
4 953 955 (-4912 -1024 176 ) (-4912 -1024 9978.230469 ) (-4912 0 9978.230469 ) (-4912 0 176 ) 
4 953 954 (-4912 -1024 176 ) (-4912 0 176 ) (-4880 0 176 ) (-4880 -1024 176 ) 
4 954 962 (-4912 -1024 176 ) (-4912 -1024 64 ) (-4880 -1024 64 ) (-4880 -1024 176 ) 
4 954 956 (-4880 -1024 64 ) (-4912 -1024 64 ) (-4912 0 64 ) (-4880 0 64 ) 
4 954 955 (-4912 0 64 ) (-4912 -1024 64 ) (-4912 -1024 176 ) (-4912 0 176 ) 
4 955 963 (-4912 -1024 9978.230469 ) (-5120 -1024 9978.230469 ) (-5120 -1024 64 ) (-4912 -1024 64 ) 
4 955 956 (-4912 -1024 64 ) (-5120 -1024 64 ) (-5120 0 64 ) (-4912 0 64 ) 
4 956 964 (-4096 -1024 63 ) (-4096 -1024 64 ) (-5120 -1024 64 ) (-5120 -1024 63 ) 
4 957 965 (-4096 -1024 -1473 ) (-4096 -1024 26 ) (-5120 -1024 26 ) (-5120 -1024 -1473 ) 
4 958 972 (-6144 -1024 59 ) (-6144 -1024 9978.230469 ) (-6144 0 9978.230469 ) (-6144 0 59 ) 
4 958 966 (-6144 -1024 9978.230469 ) (-6144 -1024 59 ) (-5434.500000 -1024 59 ) (-5434.500000 -1024 9978.230469 ) 
4 959 973 (-6144 -1024 -1443 ) (-6144 -1024 29 ) (-6144 0 29 ) (-6144 0 -1443 ) 
4 959 967 (-6144 -1024 29 ) (-6144 -1024 -1443 ) (-5434.500000 -1024 -1443 ) (-5434.500000 -1024 29 ) 
4 960 1123 (-4096 -2048 64 ) (-4096 -2048 9978.230469 ) (-4880 -2048 9978.230469 ) (-4880 -2048 64 ) 
4 960 964 (-4096 -2048 64 ) (-4880 -2048 64 ) (-4880 -1024 64 ) (-4096 -1024 64 ) 
4 960 962 (-4880 -1024 64 ) (-4880 -2048 64 ) (-4880 -2048 176 ) (-4880 -1024 176 ) 
4 960 961 (-4880 -2048 176 ) (-4880 -2048 9978.230469 ) (-4880 -1024 9978.230469 ) (-4880 -1024 176 ) 
4 961 1124 (-4880 -2048 9978.230469 ) (-4912 -2048 9978.230469 ) (-4912 -2048 176 ) (-4880 -2048 176 ) 
4 961 963 (-4912 -2048 176 ) (-4912 -2048 9978.230469 ) (-4912 -1024 9978.230469 ) (-4912 -1024 176 ) 
4 961 962 (-4912 -2048 176 ) (-4912 -1024 176 ) (-4880 -1024 176 ) (-4880 -2048 176 ) 
4 962 1125 (-4912 -2048 176 ) (-4912 -2048 64 ) (-4880 -2048 64 ) (-4880 -2048 176 ) 
4 962 964 (-4880 -2048 64 ) (-4912 -2048 64 ) (-4912 -1024 64 ) (-4880 -1024 64 ) 
4 962 963 (-4912 -1024 64 ) (-4912 -2048 64 ) (-4912 -2048 176 ) (-4912 -1024 176 ) 
4 963 1126 (-4912 -2048 9978.230469 ) (-5120 -2048 9978.230469 ) (-5120 -2048 64 ) (-4912 -2048 64 ) 
4 963 964 (-4912 -2048 64 ) (-5120 -2048 64 ) (-5120 -1024 64 ) (-4912 -1024 64 ) 
4 964 1127 (-4096 -2048 63 ) (-4096 -2048 64 ) (-5120 -2048 64 ) (-5120 -2048 63 ) 
4 965 1128 (-4096 -2048 -1473 ) (-4096 -2048 26 ) (-5120 -2048 26 ) (-5120 -2048 -1473 ) 
4 966 1129 (-5434.500000 -2048 59 ) (-5434.500000 -2048 9978.230469 ) (-6144 -2048 9978.230469 ) (-6144 -2048 59 ) 
4 966 976 (-6144 -2048 59 ) (-6144 -2048 9978.230469 ) (-6144 -1024 9978.230469 ) (-6144 -1024 59 ) 
4 967 1130 (-5434.500000 -2048 -1443 ) (-5434.500000 -2048 29 ) (-6144 -2048 29 ) (-6144 -2048 -1443 ) 
4 967 977 (-6144 -2048 -1443 ) (-6144 -2048 29 ) (-6144 -1024 29 ) (-6144 -1024 -1443 ) 
4 968 972 (-6144 0 59 ) (-6144 0 9978.230469 ) (-7168 0 9978.230469 ) (-7168 0 59 ) 
4 968 970 (-7168 1024 9978.230469 ) (-7168 1024 59 ) (-7168 0 59 ) (-7168 0 9978.230469 ) 
4 969 973 (-6144 0 -1443 ) (-6144 0 29 ) (-7168 0 29 ) (-7168 0 -1443 ) 
4 969 971 (-7168 1024 29 ) (-7168 1024 -1443 ) (-7168 0 -1443 ) (-7168 0 29 ) 
4 970 988 (-8192 0 59 ) (-8192 0 9978.230469 ) (-8192 1024 9978.230469 ) (-8192 1024 59 ) 
4 970 974 (-7168 0 59 ) (-7168 0 9978.230469 ) (-8192 0 9978.230469 ) (-8192 0 59 ) 
4 971 989 (-8192 0 -1443 ) (-8192 0 29 ) (-8192 1024 29 ) (-8192 1024 -1443 ) 
4 971 975 (-7168 0 -1443 ) (-7168 0 29 ) (-8192 0 29 ) (-8192 0 -1443 ) 
4 972 976 (-6144 -1024 59 ) (-6144 -1024 9978.230469 ) (-7168 -1024 9978.230469 ) (-7168 -1024 59 ) 
4 972 974 (-7168 -1024 59 ) (-7168 -1024 9978.230469 ) (-7168 0 9978.230469 ) (-7168 0 59 ) 
4 973 977 (-6144 -1024 -1443 ) (-6144 -1024 29 ) (-7168 -1024 29 ) (-7168 -1024 -1443 ) 
4 973 975 (-7168 -1024 -1443 ) (-7168 -1024 29 ) (-7168 0 29 ) (-7168 0 -1443 ) 
4 974 992 (-8192 -1024 59 ) (-8192 -1024 9978.230469 ) (-8192 0 9978.230469 ) (-8192 0 59 ) 
4 974 978 (-8192 -1024 9978.230469 ) (-8192 -1024 59 ) (-7168 -1024 59 ) (-7168 -1024 9978.230469 ) 
4 975 993 (-8192 -1024 -1443 ) (-8192 -1024 29 ) (-8192 0 29 ) (-8192 0 -1443 ) 
4 975 979 (-8192 -1024 29 ) (-8192 -1024 -1443 ) (-7168 -1024 -1443 ) (-7168 -1024 29 ) 
4 976 1139 (-6144 -2048 59 ) (-6144 -2048 9978.230469 ) (-7168 -2048 9978.230469 ) (-7168 -2048 59 ) 
4 976 978 (-7168 -1024 9978.230469 ) (-7168 -1024 59 ) (-7168 -2048 59 ) (-7168 -2048 9978.230469 ) 
4 977 1140 (-6144 -2048 -1443 ) (-6144 -2048 29 ) (-7168 -2048 29 ) (-7168 -2048 -1443 ) 
4 977 979 (-7168 -1024 29 ) (-7168 -1024 -1443 ) (-7168 -2048 -1443 ) (-7168 -2048 29 ) 
4 978 1141 (-7168 -2048 59 ) (-7168 -2048 9978.230469 ) (-8192 -2048 9978.230469 ) (-8192 -2048 59 ) 
4 978 996 (-8192 -2048 59 ) (-8192 -2048 9978.230469 ) (-8192 -1024 9978.230469 ) (-8192 -1024 59 ) 
4 979 1142 (-7168 -2048 -1443 ) (-7168 -2048 29 ) (-8192 -2048 29 ) (-8192 -2048 -1443 ) 
4 979 997 (-8192 -2048 -1443 ) (-8192 -2048 29 ) (-8192 -1024 29 ) (-8192 -1024 -1443 ) 
4 980 988 (-8192 1024 59 ) (-8192 1024 9978.230469 ) (-9216 1024 9978.230469 ) (-9216 1024 59 ) 
4 980 982 (-9216 1024 59 ) (-9216 1024 9978.230469 ) (-9216 1125 9978.230469 ) (-9216 1125 59 ) 
4 981 989 (-8192 1024 -1443 ) (-8192 1024 29 ) (-9216 1024 29 ) (-9216 1024 -1443 ) 
4 981 983 (-9216 1024 -1443 ) (-9216 1024 29 ) (-9216 1125 29 ) (-9216 1125 -1443 ) 
4 982 990 (-9216 1024 59 ) (-9216 1024 9978.230469 ) (-10240 1024 9978.230469 ) (-10240 1024 59 ) 
4 982 984 (-10240 1024 59 ) (-10240 1024 9978.230469 ) (-10240 1125 9978.230469 ) (-10240 1125 59 ) 
4 983 991 (-9216 1024 -1443 ) (-9216 1024 29 ) (-10240 1024 29 ) (-10240 1024 -1443 ) 
4 983 985 (-10240 1024 -1443 ) (-10240 1024 29 ) (-10240 1125 29 ) (-10240 1125 -1443 ) 
4 984 1000 (-10240 1024 59 ) (-10240 1024 9978.230469 ) (-11264 1024 9978.230469 ) (-11264 1024 59 ) 
4 984 986 (-11264 1024 59 ) (-11264 1024 9978.230469 ) (-11264 1125 9978.230469 ) (-11264 1125 59 ) 
4 985 1001 (-10240 1024 -1443 ) (-10240 1024 29 ) (-11264 1024 29 ) (-11264 1024 -1443 ) 
4 985 987 (-11264 1024 -1443 ) (-11264 1024 29 ) (-11264 1125 29 ) (-11264 1125 -1443 ) 
4 986 1012 (-12288 1024 59 ) (-12288 1024 9978.230469 ) (-12288 1125 9978.230469 ) (-12288 1125 59 ) 
4 986 1002 (-11264 1024 59 ) (-11264 1024 9978.230469 ) (-12288 1024 9978.230469 ) (-12288 1024 59 ) 
4 987 1013 (-12288 1024 -1443 ) (-12288 1024 29 ) (-12288 1125 29 ) (-12288 1125 -1443 ) 
4 987 1003 (-11264 1024 -1443 ) (-11264 1024 29 ) (-12288 1024 29 ) (-12288 1024 -1443 ) 
4 988 992 (-8192 0 59 ) (-8192 0 9978.230469 ) (-9216 0 9978.230469 ) (-9216 0 59 ) 
4 988 990 (-9216 1024 9978.230469 ) (-9216 1024 59 ) (-9216 0 59 ) (-9216 0 9978.230469 ) 
4 989 993 (-8192 0 -1443 ) (-8192 0 29 ) (-9216 0 29 ) (-9216 0 -1443 ) 
4 989 991 (-9216 1024 29 ) (-9216 1024 -1443 ) (-9216 0 -1443 ) (-9216 0 29 ) 
4 990 1000 (-10240 1024 9978.230469 ) (-10240 1024 59 ) (-10240 0 59 ) (-10240 0 9978.230469 ) 
4 990 994 (-9216 0 59 ) (-9216 0 9978.230469 ) (-10240 0 9978.230469 ) (-10240 0 59 ) 
4 991 1001 (-10240 1024 29 ) (-10240 1024 -1443 ) (-10240 0 -1443 ) (-10240 0 29 ) 
4 991 995 (-9216 0 -1443 ) (-9216 0 29 ) (-10240 0 29 ) (-10240 0 -1443 ) 
4 992 996 (-8192 -1024 59 ) (-8192 -1024 9978.230469 ) (-9216 -1024 9978.230469 ) (-9216 -1024 59 ) 
4 992 994 (-9216 -1024 59 ) (-9216 -1024 9978.230469 ) (-9216 0 9978.230469 ) (-9216 0 59 ) 
4 993 997 (-8192 -1024 -1443 ) (-8192 -1024 29 ) (-9216 -1024 29 ) (-9216 -1024 -1443 ) 
4 993 995 (-9216 -1024 -1443 ) (-9216 -1024 29 ) (-9216 0 29 ) (-9216 0 -1443 ) 
4 994 1004 (-10240 -1024 59 ) (-10240 -1024 9978.230469 ) (-10240 0 9978.230469 ) (-10240 0 59 ) 
4 994 998 (-10240 -1024 9978.230469 ) (-10240 -1024 59 ) (-9216 -1024 59 ) (-9216 -1024 9978.230469 ) 
4 995 1005 (-10240 -1024 -1443 ) (-10240 -1024 29 ) (-10240 0 29 ) (-10240 0 -1443 ) 
4 995 999 (-10240 -1024 29 ) (-10240 -1024 -1443 ) (-9216 -1024 -1443 ) (-9216 -1024 29 ) 
4 996 1302 (-8192 -2048 59 ) (-8192 -2048 9978.230469 ) (-9216 -2048 9978.230469 ) (-9216 -2048 59 ) 
4 996 998 (-9216 -1024 9978.230469 ) (-9216 -1024 59 ) (-9216 -2048 59 ) (-9216 -2048 9978.230469 ) 
4 997 1303 (-8192 -2048 -1443 ) (-8192 -2048 29 ) (-9216 -2048 29 ) (-9216 -2048 -1443 ) 
4 997 999 (-9216 -1024 29 ) (-9216 -1024 -1443 ) (-9216 -2048 -1443 ) (-9216 -2048 29 ) 
4 998 1304 (-9216 -2048 59 ) (-9216 -2048 9978.230469 ) (-10240 -2048 9978.230469 ) (-10240 -2048 59 ) 
4 998 1008 (-10240 -2048 59 ) (-10240 -2048 9978.230469 ) (-10240 -1024 9978.230469 ) (-10240 -1024 59 ) 
4 999 1305 (-9216 -2048 -1443 ) (-9216 -2048 29 ) (-10240 -2048 29 ) (-10240 -2048 -1443 ) 
4 999 1009 (-10240 -2048 -1443 ) (-10240 -2048 29 ) (-10240 -1024 29 ) (-10240 -1024 -1443 ) 
4 1000 1004 (-10240 0 59 ) (-10240 0 9978.230469 ) (-11264 0 9978.230469 ) (-11264 0 59 ) 
4 1000 1002 (-11264 1024 9978.230469 ) (-11264 1024 59 ) (-11264 0 59 ) (-11264 0 9978.230469 ) 
4 1001 1005 (-10240 0 -1443 ) (-10240 0 29 ) (-11264 0 29 ) (-11264 0 -1443 ) 
4 1001 1003 (-11264 1024 29 ) (-11264 1024 -1443 ) (-11264 0 -1443 ) (-11264 0 29 ) 
4 1002 1018 (-12288 0 59 ) (-12288 0 9978.230469 ) (-12288 1024 9978.230469 ) (-12288 1024 59 ) 
4 1002 1006 (-11264 0 59 ) (-11264 0 9978.230469 ) (-12288 0 9978.230469 ) (-12288 0 59 ) 
4 1003 1019 (-12288 0 -1443 ) (-12288 0 29 ) (-12288 1024 29 ) (-12288 1024 -1443 ) 
4 1003 1007 (-11264 0 -1443 ) (-11264 0 29 ) (-12288 0 29 ) (-12288 0 -1443 ) 
4 1004 1008 (-10240 -1024 59 ) (-10240 -1024 9978.230469 ) (-11264 -1024 9978.230469 ) (-11264 -1024 59 ) 
4 1004 1006 (-11264 -1024 59 ) (-11264 -1024 9978.230469 ) (-11264 0 9978.230469 ) (-11264 0 59 ) 
4 1005 1009 (-10240 -1024 -1443 ) (-10240 -1024 29 ) (-11264 -1024 29 ) (-11264 -1024 -1443 ) 
4 1005 1007 (-11264 -1024 -1443 ) (-11264 -1024 29 ) (-11264 0 29 ) (-11264 0 -1443 ) 
4 1006 1022 (-12288 -1024 59 ) (-12288 -1024 9978.230469 ) (-12288 0 9978.230469 ) (-12288 0 59 ) 
4 1006 1010 (-12288 -1024 9978.230469 ) (-12288 -1024 59 ) (-11264 -1024 59 ) (-11264 -1024 9978.230469 ) 
4 1007 1023 (-12288 -1024 -1443 ) (-12288 -1024 29 ) (-12288 0 29 ) (-12288 0 -1443 ) 
4 1007 1011 (-12288 -1024 29 ) (-12288 -1024 -1443 ) (-11264 -1024 -1443 ) (-11264 -1024 29 ) 
4 1008 1310 (-10240 -2048 59 ) (-10240 -2048 9978.230469 ) (-11264 -2048 9978.230469 ) (-11264 -2048 59 ) 
4 1008 1010 (-11264 -1024 9978.230469 ) (-11264 -1024 59 ) (-11264 -2048 59 ) (-11264 -2048 9978.230469 ) 
4 1009 1311 (-10240 -2048 -1443 ) (-10240 -2048 29 ) (-11264 -2048 29 ) (-11264 -2048 -1443 ) 
4 1009 1011 (-11264 -1024 29 ) (-11264 -1024 -1443 ) (-11264 -2048 -1443 ) (-11264 -2048 29 ) 
4 1010 1312 (-11264 -2048 59 ) (-11264 -2048 9978.230469 ) (-12288 -2048 9978.230469 ) (-12288 -2048 59 ) 
4 1010 1026 (-12288 -2048 59 ) (-12288 -2048 9978.230469 ) (-12288 -1024 9978.230469 ) (-12288 -1024 59 ) 
4 1011 1313 (-11264 -2048 -1443 ) (-11264 -2048 29 ) (-12288 -2048 29 ) (-12288 -2048 -1443 ) 
4 1011 1027 (-12288 -2048 -1443 ) (-12288 -2048 29 ) (-12288 -1024 29 ) (-12288 -1024 -1443 ) 
4 1012 1018 (-12288 1024 59 ) (-12288 1024 9978.230469 ) (-13312 1024 9978.230469 ) (-13312 1024 59 ) 
4 1012 1014 (-13312 1024 59 ) (-13312 1024 9978.230469 ) (-13312 1125 9978.230469 ) (-13312 1125 59 ) 
4 1013 1019 (-12288 1024 -1443 ) (-12288 1024 29 ) (-13312 1024 29 ) (-13312 1024 -1443 ) 
4 1013 1015 (-13312 1024 -1443 ) (-13312 1024 29 ) (-13312 1125 29 ) (-13312 1125 -1443 ) 
4 1014 1020 (-13312 1024 59 ) (-13312 1024 9978.230469 ) (-14336 1024 9978.230469 ) (-14336 1024 59 ) 
4 1014 1016 (-14336 1024 59 ) (-14336 1024 9978.230469 ) (-14336 1125 9978.230469 ) (-14336 1125 59 ) 
4 1015 1021 (-13312 1024 -1443 ) (-13312 1024 29 ) (-14336 1024 29 ) (-14336 1024 -1443 ) 
4 1015 1017 (-14336 1024 -1443 ) (-14336 1024 29 ) (-14336 1125 29 ) (-14336 1125 -1443 ) 
4 1016 1030 (-14336 1024 59 ) (-14336 1024 9978.230469 ) (-14655.500000 1024 9978.230469 ) (-14655.500000 1024 59 ) 
4 1017 1031 (-14336 1024 -1443 ) (-14336 1024 29 ) (-14655.500000 1024 29 ) (-14655.500000 1024 -1443 ) 
4 1018 1022 (-12288 0 59 ) (-12288 0 9978.230469 ) (-13312 0 9978.230469 ) (-13312 0 59 ) 
4 1018 1020 (-13312 1024 9978.230469 ) (-13312 1024 59 ) (-13312 0 59 ) (-13312 0 9978.230469 ) 
4 1019 1023 (-12288 0 -1443 ) (-12288 0 29 ) (-13312 0 29 ) (-13312 0 -1443 ) 
4 1019 1021 (-13312 1024 29 ) (-13312 1024 -1443 ) (-13312 0 -1443 ) (-13312 0 29 ) 
4 1020 1030 (-14336 1024 9978.230469 ) (-14336 1024 59 ) (-14336 0 59 ) (-14336 0 9978.230469 ) 
4 1020 1024 (-13312 0 59 ) (-13312 0 9978.230469 ) (-14336 0 9978.230469 ) (-14336 0 59 ) 
4 1021 1031 (-14336 1024 29 ) (-14336 1024 -1443 ) (-14336 0 -1443 ) (-14336 0 29 ) 
4 1021 1025 (-13312 0 -1443 ) (-13312 0 29 ) (-14336 0 29 ) (-14336 0 -1443 ) 
4 1022 1026 (-12288 -1024 59 ) (-12288 -1024 9978.230469 ) (-13312 -1024 9978.230469 ) (-13312 -1024 59 ) 
4 1022 1024 (-13312 -1024 59 ) (-13312 -1024 9978.230469 ) (-13312 0 9978.230469 ) (-13312 0 59 ) 
4 1023 1027 (-12288 -1024 -1443 ) (-12288 -1024 29 ) (-13312 -1024 29 ) (-13312 -1024 -1443 ) 
4 1023 1025 (-13312 -1024 -1443 ) (-13312 -1024 29 ) (-13312 0 29 ) (-13312 0 -1443 ) 
4 1024 1032 (-14336 -1024 59 ) (-14336 -1024 9978.230469 ) (-14336 0 9978.230469 ) (-14336 0 59 ) 
4 1024 1028 (-14336 -1024 9978.230469 ) (-14336 -1024 59 ) (-13312 -1024 59 ) (-13312 -1024 9978.230469 ) 
4 1025 1033 (-14336 -1024 -1443 ) (-14336 -1024 29 ) (-14336 0 29 ) (-14336 0 -1443 ) 
4 1025 1029 (-14336 -1024 29 ) (-14336 -1024 -1443 ) (-13312 -1024 -1443 ) (-13312 -1024 29 ) 
4 1026 1429 (-12288 -2048 59 ) (-12288 -2048 9978.230469 ) (-13312 -2048 9978.230469 ) (-13312 -2048 59 ) 
4 1026 1028 (-13312 -1024 9978.230469 ) (-13312 -1024 59 ) (-13312 -2048 59 ) (-13312 -2048 9978.230469 ) 
4 1027 1430 (-12288 -2048 -1443 ) (-12288 -2048 29 ) (-13312 -2048 29 ) (-13312 -2048 -1443 ) 
4 1027 1029 (-13312 -1024 29 ) (-13312 -1024 -1443 ) (-13312 -2048 -1443 ) (-13312 -2048 29 ) 
4 1028 1431 (-13312 -2048 59 ) (-13312 -2048 9978.230469 ) (-14336 -2048 9978.230469 ) (-14336 -2048 59 ) 
4 1028 1034 (-14336 -2048 59 ) (-14336 -2048 9978.230469 ) (-14336 -1024 9978.230469 ) (-14336 -1024 59 ) 
4 1029 1432 (-13312 -2048 -1443 ) (-13312 -2048 29 ) (-14336 -2048 29 ) (-14336 -2048 -1443 ) 
4 1029 1035 (-14336 -2048 -1443 ) (-14336 -2048 29 ) (-14336 -1024 29 ) (-14336 -1024 -1443 ) 
4 1030 1032 (-14336 0 59 ) (-14336 0 9978.230469 ) (-14655.500000 0 9978.230469 ) (-14655.500000 0 59 ) 
4 1031 1033 (-14336 0 -1443 ) (-14336 0 29 ) (-14655.500000 0 29 ) (-14655.500000 0 -1443 ) 
4 1032 1034 (-14336 -1024 59 ) (-14336 -1024 9978.230469 ) (-14655.500000 -1024 9978.230469 ) (-14655.500000 -1024 59 ) 
4 1033 1035 (-14336 -1024 -1443 ) (-14336 -1024 29 ) (-14655.500000 -1024 29 ) (-14655.500000 -1024 -1443 ) 
4 1034 1437 (-14336 -2048 59 ) (-14336 -2048 9978.230469 ) (-14655.500000 -2048 9978.230469 ) (-14655.500000 -2048 59 ) 
4 1035 1438 (-14336 -2048 -1443 ) (-14336 -2048 29 ) (-14655.500000 -2048 29 ) (-14655.500000 -2048 -1443 ) 
4 1036 1044 (0 -3072 63 ) (0 -3072 64 ) (-1024 -3072 64 ) (-1024 -3072 63 ) 
4 1036 1040 (0 -3072 64 ) (0 -3072 9978.230469 ) (-384 -3072 9978.230469 ) (-384 -3072 64 ) 
4 1036 1043 (-384 -3072 9978.230469 ) (-1024 -3072 9978.230469 ) (-1024 -3072 64 ) (-384 -3072 64 ) 
4 1036 1038 (-1024 -2048 9978.230469 ) (-1024 -2048 63 ) (-1024 -3072 63 ) (-1024 -3072 9978.230469 ) 
4 1037 1045 (0 -3072 -1473 ) (0 -3072 26 ) (-1024 -3072 26 ) (-1024 -3072 -1473 ) 
4 1037 1039 (-1024 -2048 26 ) (-1024 -2048 -1473 ) (-1024 -3072 -1473 ) (-1024 -3072 26 ) 
4 1038 1048 (-2048 -2048 9978.230469 ) (-2048 -2048 63 ) (-2048 -3072 63 ) (-2048 -3072 9978.230469 ) 
4 1038 1046 (-1024 -3072 63 ) (-1024 -3072 9978.230469 ) (-2048 -3072 9978.230469 ) (-2048 -3072 63 ) 
4 1039 1049 (-2048 -2048 26 ) (-2048 -2048 -1473 ) (-2048 -3072 -1473 ) (-2048 -3072 26 ) 
4 1039 1047 (-1024 -3072 -1473 ) (-1024 -3072 26 ) (-2048 -3072 26 ) (-2048 -3072 -1473 ) 
4 1040 1044 (-384 -3456 64 ) (-384 -3072 64 ) (0 -3072 64 ) (0 -3456 64 ) 
4 1040 1041 (-384 -3456 9978.230469 ) (-384 -3456 65 ) (0 -3456 65 ) (0 -3456 9978.230469 ) 
4 1040 1043 (-384 -3072 64 ) (-384 -3456 64 ) (-384 -3456 9978.230469 ) (-384 -3072 9978.230469 ) 
4 1041 1043 (-384 -3712 65 ) (-384 -3712 9978.230469 ) (-384 -3456 9978.230469 ) (-384 -3456 65 ) 
4 1041 1042 (-384 -3712 9978.230469 ) (-384 -3712 65 ) (0 -3712 65 ) (0 -3712 9978.230469 ) 
4 1042 1064 (-256 -4096 320 ) (-384 -4096 320 ) (-384 -4096 64 ) (-256 -4096 64 ) 
4 1042 1062 (-192 -4096 320 ) (-256 -4096 320 ) (-256 -4096 64 ) (-192 -4096 64 ) 
4 1042 1059 (-64 -4096 320 ) (-192 -4096 320 ) (-192 -4096 64 ) (-64 -4096 64 ) 
4 1042 1057 (0 -4096 64 ) (0 -4096 320 ) (-64 -4096 320 ) (-64 -4096 64 ) 
4 1042 1056 (0 -4096 320 ) (0 -4096 9978.230469 ) (-384 -4096 9978.230469 ) (-384 -4096 320 ) 
4 1042 1044 (0 -4096 64 ) (-384 -4096 64 ) (-384 -3712 64 ) (0 -3712 64 ) 
4 1042 1043 (-384 -3712 64 ) (-384 -4096 64 ) (-384 -4096 9978.230469 ) (-384 -3712 9978.230469 ) 
4 1043 1072 (-1024 -4096 320 ) (-1024 -4096 64 ) (-576 -4096 64 ) (-576 -4096 320 ) 
4 1043 1069 (-576 -4096 64 ) (-448 -4096 64 ) (-448 -4096 320 ) (-576 -4096 320 ) 
4 1043 1067 (-448 -4096 64 ) (-384 -4096 64 ) (-384 -4096 320 ) (-448 -4096 320 ) 
4 1043 1056 (-384 -4096 9978.230469 ) (-1024 -4096 9978.230469 ) (-1024 -4096 320 ) (-384 -4096 320 ) 
4 1043 1046 (-1024 -3072 9978.230469 ) (-1024 -3072 64 ) (-1024 -4096 64 ) (-1024 -4096 9978.230469 ) 
4 1043 1044 (-384 -4096 64 ) (-1024 -4096 64 ) (-1024 -3072 64 ) (-384 -3072 64 ) 
4 1044 1076 (0 -4096 63 ) (0 -4096 64 ) (-1024 -4096 64 ) (-1024 -4096 63 ) 
4 1044 1046 (-1024 -3072 64 ) (-1024 -3072 63 ) (-1024 -4096 63 ) (-1024 -4096 64 ) 
4 1045 1077 (0 -4096 -1473 ) (0 -4096 26 ) (-1024 -4096 26 ) (-1024 -4096 -1473 ) 
4 1045 1047 (-1024 -3072 26 ) (-1024 -3072 -1473 ) (-1024 -4096 -1473 ) (-1024 -4096 26 ) 
4 1046 1078 (-1024 -4096 64 ) (-1024 -4096 9978.230469 ) (-2048 -4096 9978.230469 ) (-2048 -4096 64 ) 
4 1046 1082 (-1024 -4096 63 ) (-1024 -4096 64 ) (-2048 -4096 64 ) (-2048 -4096 63 ) 
4 1046 1052 (-2048 -4096 63 ) (-2048 -4096 9978.230469 ) (-2048 -3072 9978.230469 ) (-2048 -3072 63 ) 
4 1047 1083 (-1024 -4096 -1473 ) (-1024 -4096 26 ) (-2048 -4096 26 ) (-2048 -4096 -1473 ) 
4 1047 1053 (-2048 -4096 -1473 ) (-2048 -4096 26 ) (-2048 -3072 26 ) (-2048 -3072 -1473 ) 
4 1048 1052 (-2048 -3072 63 ) (-2048 -3072 9978.230469 ) (-3072 -3072 9978.230469 ) (-3072 -3072 63 ) 
4 1048 1050 (-3072 -2048 9978.230469 ) (-3072 -2048 63 ) (-3072 -3072 63 ) (-3072 -3072 9978.230469 ) 
4 1049 1053 (-2048 -3072 -1473 ) (-2048 -3072 26 ) (-3072 -3072 26 ) (-3072 -3072 -1473 ) 
4 1049 1051 (-3072 -2048 26 ) (-3072 -2048 -1473 ) (-3072 -3072 -1473 ) (-3072 -3072 26 ) 
4 1050 1127 (-4096 -2048 64 ) (-4096 -2048 63 ) (-4096 -3072 63 ) (-4096 -3072 64 ) 
4 1050 1123 (-4096 -2048 9978.230469 ) (-4096 -2048 64 ) (-4096 -3072 64 ) (-4096 -3072 9978.230469 ) 
4 1050 1054 (-3072 -3072 63 ) (-3072 -3072 9978.230469 ) (-4096 -3072 9978.230469 ) (-4096 -3072 63 ) 
4 1051 1128 (-4096 -2048 26 ) (-4096 -2048 -1473 ) (-4096 -3072 -1473 ) (-4096 -3072 26 ) 
4 1051 1055 (-3072 -3072 -1473 ) (-3072 -3072 26 ) (-4096 -3072 26 ) (-4096 -3072 -1473 ) 
4 1052 1111 (-2048 -4096 64 ) (-2048 -4096 9978.230469 ) (-3072 -4096 9978.230469 ) (-3072 -4096 64 ) 
4 1052 1115 (-2048 -4096 63 ) (-2048 -4096 64 ) (-3072 -4096 64 ) (-3072 -4096 63 ) 
4 1052 1054 (-3072 -3072 9978.230469 ) (-3072 -3072 63 ) (-3072 -4096 63 ) (-3072 -4096 9978.230469 ) 
4 1053 1116 (-2048 -4096 -1473 ) (-2048 -4096 26 ) (-3072 -4096 26 ) (-3072 -4096 -1473 ) 
4 1053 1055 (-3072 -3072 26 ) (-3072 -3072 -1473 ) (-3072 -4096 -1473 ) (-3072 -4096 26 ) 
4 1054 1135 (-4096 -4096 63 ) (-4096 -4096 64 ) (-4096 -3072 64 ) (-4096 -3072 63 ) 
4 1054 1131 (-4096 -4096 64 ) (-4096 -4096 9978.230469 ) (-4096 -3072 9978.230469 ) (-4096 -3072 64 ) 
4 1054 1117 (-3072 -4096 64 ) (-3072 -4096 9978.230469 ) (-4096 -4096 9978.230469 ) (-4096 -4096 64 ) 
4 1054 1121 (-3072 -4096 63 ) (-3072 -4096 64 ) (-4096 -4096 64 ) (-4096 -4096 63 ) 
4 1055 1136 (-4096 -4096 -1473 ) (-4096 -4096 26 ) (-4096 -3072 26 ) (-4096 -3072 -1473 ) 
4 1055 1122 (-3072 -4096 -1473 ) (-3072 -4096 26 ) (-4096 -4096 26 ) (-4096 -4096 -1473 ) 
4 1056 1079 (-1024 -4464 320 ) (-1024 -4496 320 ) (-1024 -4496 9978.230469 ) (-1024 -4464 9978.230469 ) 
4 1056 1078 (-1024 -4096 9978.230469 ) (-1024 -4096 320 ) (-1024 -4464 320 ) (-1024 -4464 9978.230469 ) 
4 1056 1081 (-1024 -4496 320 ) (-1024 -5120 320 ) (-1024 -5120 9978.230469 ) (-1024 -4496 9978.230469 ) 
4 1056 1073 (-1024 -4496 320 ) (-1024 -4464 320 ) (-576 -4464 320 ) (-576 -4496 320 ) 
4 1056 1072 (-1024 -4464 320 ) (-1024 -4096 320 ) (-576 -4096 320 ) (-576 -4464 320 ) 
4 1056 1075 (-1024 -5120 320 ) (-1024 -4496 320 ) (-576 -4496 320 ) (-576 -5120 320 ) 
4 1056 1070 (-448 -4352 320 ) (-448 -4608 320 ) (-576 -4608 320 ) (-576 -4352 320 ) 
4 1056 1069 (-576 -4096 320 ) (-448 -4096 320 ) (-448 -4352 320 ) (-576 -4352 320 ) 
4 1056 1071 (-448 -4608 320 ) (-448 -5120 320 ) (-576 -5120 320 ) (-576 -4608 320 ) 
4 1056 1067 (-448 -4096 320 ) (-384 -4096 320 ) (-384 -4288 320 ) (-448 -4288 320 ) 
4 1056 1068 (-384 -4672 320 ) (-384 -5120 320 ) (-448 -5120 320 ) (-448 -4672 320 ) 
4 1056 1065 (-256 -4352 320 ) (-256 -4608 320 ) (-384 -4608 320 ) (-384 -4352 320 ) 
4 1056 1064 (-384 -4096 320 ) (-256 -4096 320 ) (-256 -4352 320 ) (-384 -4352 320 ) 
4 1056 1066 (-256 -4608 320 ) (-256 -5120 320 ) (-384 -5120 320 ) (-384 -4608 320 ) 
4 1056 1062 (-256 -4096 320 ) (-192 -4096 320 ) (-192 -4288 320 ) (-256 -4288 320 ) 
4 1056 1063 (-192 -4672 320 ) (-192 -5120 320 ) (-256 -5120 320 ) (-256 -4672 320 ) 
4 1056 1060 (-64 -4352 320 ) (-64 -4608 320 ) (-192 -4608 320 ) (-192 -4352 320 ) 
4 1056 1059 (-192 -4096 320 ) (-64 -4096 320 ) (-64 -4352 320 ) (-192 -4352 320 ) 
4 1056 1061 (-64 -4608 320 ) (-64 -5120 320 ) (-192 -5120 320 ) (-192 -4608 320 ) 
4 1056 1057 (-64 -4096 320 ) (0 -4096 320 ) (0 -4288 320 ) (-64 -4288 320 ) 
4 1056 1058 (0 -4672 320 ) (0 -5120 320 ) (-64 -5120 320 ) (-64 -4672 320 ) 
4 1057 1076 (-64 -4288 64 ) (-64 -4096 64 ) (0 -4096 64 ) (0 -4288 64 ) 
4 1057 1059 (-64 -4096 64 ) (-64 -4288 64 ) (-64 -4288 320 ) (-64 -4096 320 ) 
4 1058 1076 (0 -5120 64 ) (-64 -5120 64 ) (-64 -4672 64 ) (0 -4672 64 ) 
4 1058 1061 (-64 -4672 64 ) (-64 -5120 64 ) (-64 -5120 320 ) (-64 -4672 320 ) 
4 1059 1076 (-192 -4352 64 ) (-192 -4096 64 ) (-64 -4096 64 ) (-64 -4352 64 ) 
4 1059 1062 (-192 -4096 64 ) (-192 -4288 64 ) (-192 -4288 320 ) (-192 -4096 320 ) 
4 1059 1060 (-192 -4352 320 ) (-192 -4352 256 ) (-64 -4352 256 ) (-64 -4352 320 ) 
4 1060 1061 (-192 -4608 320 ) (-192 -4608 256 ) (-64 -4608 256 ) (-64 -4608 320 ) 
4 1061 1076 (-64 -5120 64 ) (-192 -5120 64 ) (-192 -4608 64 ) (-64 -4608 64 ) 
4 1061 1063 (-192 -4672 64 ) (-192 -5120 64 ) (-192 -5120 320 ) (-192 -4672 320 ) 
4 1062 1076 (-256 -4288 64 ) (-256 -4096 64 ) (-192 -4096 64 ) (-192 -4288 64 ) 
4 1062 1064 (-256 -4096 64 ) (-256 -4288 64 ) (-256 -4288 320 ) (-256 -4096 320 ) 
4 1063 1076 (-192 -5120 64 ) (-256 -5120 64 ) (-256 -4672 64 ) (-192 -4672 64 ) 
4 1063 1066 (-256 -4672 64 ) (-256 -5120 64 ) (-256 -5120 320 ) (-256 -4672 320 ) 
4 1064 1076 (-384 -4352 64 ) (-384 -4096 64 ) (-256 -4096 64 ) (-256 -4352 64 ) 
4 1064 1067 (-384 -4096 64 ) (-384 -4288 64 ) (-384 -4288 320 ) (-384 -4096 320 ) 
4 1064 1065 (-384 -4352 320 ) (-384 -4352 256 ) (-256 -4352 256 ) (-256 -4352 320 ) 
4 1065 1066 (-384 -4608 320 ) (-384 -4608 256 ) (-256 -4608 256 ) (-256 -4608 320 ) 
4 1066 1076 (-256 -5120 64 ) (-384 -5120 64 ) (-384 -4608 64 ) (-256 -4608 64 ) 
4 1066 1068 (-384 -4672 64 ) (-384 -5120 64 ) (-384 -5120 320 ) (-384 -4672 320 ) 
4 1067 1076 (-448 -4288 64 ) (-448 -4096 64 ) (-384 -4096 64 ) (-384 -4288 64 ) 
4 1067 1069 (-448 -4096 64 ) (-448 -4288 64 ) (-448 -4288 320 ) (-448 -4096 320 ) 
4 1068 1076 (-384 -5120 64 ) (-448 -5120 64 ) (-448 -4672 64 ) (-384 -4672 64 ) 
4 1068 1071 (-448 -4672 64 ) (-448 -5120 64 ) (-448 -5120 320 ) (-448 -4672 320 ) 
4 1069 1076 (-576 -4352 64 ) (-576 -4096 64 ) (-448 -4096 64 ) (-448 -4352 64 ) 
4 1069 1072 (-576 -4096 64 ) (-576 -4352 64 ) (-576 -4352 320 ) (-576 -4096 320 ) 
4 1069 1070 (-576 -4352 320 ) (-576 -4352 256 ) (-448 -4352 256 ) (-448 -4352 320 ) 
4 1070 1073 (-576 -4496 320 ) (-576 -4464 320 ) (-576 -4464 256 ) (-576 -4496 256 ) 
4 1070 1072 (-576 -4464 320 ) (-576 -4352 320 ) (-576 -4352 256 ) (-576 -4464 256 ) 
4 1070 1075 (-576 -4608 256 ) (-576 -4608 320 ) (-576 -4496 320 ) (-576 -4496 256 ) 
4 1070 1071 (-576 -4608 320 ) (-576 -4608 256 ) (-448 -4608 256 ) (-448 -4608 320 ) 
4 1071 1076 (-448 -5120 64 ) (-576 -5120 64 ) (-576 -4608 64 ) (-448 -4608 64 ) 
4 1071 1075 (-576 -4608 64 ) (-576 -5120 64 ) (-576 -5120 320 ) (-576 -4608 320 ) 
4 1072 1078 (-1024 -4096 320 ) (-1024 -4096 64 ) (-1024 -4464 64 ) (-1024 -4464 320 ) 
4 1072 1076 (-1024 -4464 64 ) (-1024 -4096 64 ) (-576 -4096 64 ) (-576 -4464 64 ) 
4 1072 1074 (-1024 -4464 64 ) (-576 -4464 64 ) (-576 -4464 176 ) (-1024 -4464 176 ) 
4 1072 1073 (-576 -4464 176 ) (-576 -4464 320 ) (-1024 -4464 320 ) (-1024 -4464 176 ) 
4 1073 1079 (-1024 -4496 176 ) (-1024 -4496 320 ) (-1024 -4464 320 ) (-1024 -4464 176 ) 
4 1073 1075 (-576 -4496 176 ) (-576 -4496 320 ) (-1024 -4496 320 ) (-1024 -4496 176 ) 
4 1073 1074 (-576 -4496 176 ) (-1024 -4496 176 ) (-1024 -4464 176 ) (-576 -4464 176 ) 
4 1074 1080 (-1024 -4464 64 ) (-1024 -4496 64 ) (-1024 -4496 176 ) (-1024 -4464 176 ) 
4 1074 1076 (-1024 -4496 64 ) (-1024 -4464 64 ) (-576 -4464 64 ) (-576 -4496 64 ) 
4 1074 1075 (-1024 -4496 64 ) (-576 -4496 64 ) (-576 -4496 176 ) (-1024 -4496 176 ) 
4 1075 1081 (-1024 -4496 64 ) (-1024 -5120 64 ) (-1024 -5120 320 ) (-1024 -4496 320 ) 
4 1075 1076 (-576 -5120 64 ) (-1024 -5120 64 ) (-1024 -4496 64 ) (-576 -4496 64 ) 
4 1076 1082 (-1024 -4096 64 ) (-1024 -4096 63 ) (-1024 -5120 63 ) (-1024 -5120 64 ) 
4 1077 1083 (-1024 -4096 26 ) (-1024 -4096 -1473 ) (-1024 -5120 -1473 ) (-1024 -5120 26 ) 
4 1078 1111 (-2048 -4096 9978.230469 ) (-2048 -4096 64 ) (-2048 -4464 64 ) (-2048 -4464 9978.230469 ) 
4 1078 1080 (-2048 -4464 64 ) (-1024 -4464 64 ) (-1024 -4464 176 ) (-2048 -4464 176 ) 
4 1078 1079 (-1024 -4464 176 ) (-1024 -4464 9978.230469 ) (-2048 -4464 9978.230469 ) (-2048 -4464 176 ) 
4 1078 1082 (-2048 -4464 64 ) (-2048 -4096 64 ) (-1024 -4096 64 ) (-1024 -4464 64 ) 
4 1079 1112 (-2048 -4496 176 ) (-2048 -4496 9978.230469 ) (-2048 -4464 9978.230469 ) (-2048 -4464 176 ) 
4 1079 1081 (-1024 -4496 176 ) (-1024 -4496 9978.230469 ) (-2048 -4496 9978.230469 ) (-2048 -4496 176 ) 
4 1079 1080 (-1024 -4496 176 ) (-2048 -4496 176 ) (-2048 -4464 176 ) (-1024 -4464 176 ) 
4 1080 1113 (-2048 -4464 64 ) (-2048 -4496 64 ) (-2048 -4496 176 ) (-2048 -4464 176 ) 
4 1080 1082 (-2048 -4496 64 ) (-2048 -4464 64 ) (-1024 -4464 64 ) (-1024 -4496 64 ) 
4 1080 1081 (-2048 -4496 64 ) (-1024 -4496 64 ) (-1024 -4496 176 ) (-2048 -4496 176 ) 
4 1081 1114 (-2048 -4496 64 ) (-2048 -5120 64 ) (-2048 -5120 9978.230469 ) (-2048 -4496 9978.230469 ) 
4 1081 1082 (-1024 -5120 64 ) (-2048 -5120 64 ) (-2048 -4496 64 ) (-1024 -4496 64 ) 
4 1082 1115 (-2048 -4096 64 ) (-2048 -4096 63 ) (-2048 -5120 63 ) (-2048 -5120 64 ) 
4 1083 1116 (-2048 -4096 26 ) (-2048 -4096 -1473 ) (-2048 -5120 -1473 ) (-2048 -5120 26 ) 
4 1084 1106 (-1024 -5797.080078 2290 ) (-1024 -5845 2290 ) (-1024 -5845 2461.250000 ) (-1024 -5797.080078 2461.250000 ) 
4 1084 1104 (-1024 -5845 2290 ) (-1024 -5797.080078 2290 ) (0 -5797.080078 2290 ) (0 -5845 2290 ) 
4 1084 1085 (0 -5845 2441 ) (0 -5845 2461.250000 ) (-1024 -5845 2461.250000 ) (-1024 -5845 2441 ) 
4 1085 1107 (-1024 -5850 2441 ) (-1024 -5850 2461.250000 ) (-1024 -5845 2461.250000 ) (-1024 -5845 2441 ) 
4 1085 1086 (-1024 -5850 2461.250000 ) (-1024 -5850 2441 ) (0 -5850 2441 ) (0 -5850 2461.250000 ) 
4 1086 1163 (0 -6144 2441 ) (0 -6144 2461.250000 ) (-1024 -6144 2461.250000 ) (-1024 -6144 2441 ) 
4 1086 1107 (-1024 -6144 2441 ) (-1024 -6144 2461.250000 ) (-1024 -5850 2461.250000 ) (-1024 -5850 2441 ) 
4 1087 1167 (-379 -6144 2436 ) (-399 -6144 2436 ) (-399 -6144 2384 ) (-379 -6144 2384 ) 
4 1087 1166 (-199 -6144 2436 ) (-379 -6144 2436 ) (-379 -6144 2384 ) (-199 -6144 2384 ) 
4 1087 1168 (-399 -6144 2436 ) (-674 -6144 2436 ) (-674 -6144 2384 ) (-399 -6144 2384 ) 
4 1087 1165 (-179 -6144 2436 ) (-199 -6144 2436 ) (-199 -6144 2384 ) (-179 -6144 2384 ) 
4 1087 1164 (0 -6144 2384 ) (0 -6144 2436 ) (-179 -6144 2436 ) (-179 -6144 2384 ) 
4 1087 1101 (0 -6144 2384 ) (-674 -6144 2384 ) (-674 -5984 2384 ) (0 -5984 2384 ) 
4 1087 1099 (-674 -5984 2384 ) (-674 -5974 2384 ) (-622 -5974 2384 ) (-622 -5984 2384 ) 
4 1087 1097 (-422 -5974 2384 ) (-389 -5974 2384 ) (-389 -5984 2384 ) (-422 -5984 2384 ) 
4 1087 1093 (-189 -5974 2384 ) (-156 -5974 2384 ) (-156 -5984 2384 ) (-189 -5984 2384 ) 
4 1087 1089 (-674 -6090 2384 ) (-674 -6144 2384 ) (-674 -6144 2436 ) (-674 -6090 2436 ) 
4 1088 1108 (-1024 -6090 2436 ) (-1024 -5850 2436 ) (-1024 -5850 2384 ) (-1024 -6090 2384 ) 
4 1088 1103 (-1024 -6090 2384 ) (-1024 -5984 2384 ) (-754 -5984 2384 ) (-754 -6090 2384 ) 
4 1088 1100 (-1024 -5984 2384 ) (-1024 -5850 2384 ) (-754 -5850 2384 ) (-754 -5984 2384 ) 
4 1088 1092 (-1024 -6090 2384 ) (-754 -6090 2384 ) (-754 -6090 2436 ) (-1024 -6090 2436 ) 
4 1089 1168 (-674 -6144 2436 ) (-712 -6144 2436 ) (-712 -6144 2384 ) (-674 -6144 2384 ) 
4 1089 1102 (-674 -6144 2384 ) (-712 -6144 2384 ) (-712 -6090 2384 ) (-674 -6090 2384 ) 
4 1089 1091 (-712 -6090 2406 ) (-712 -6090 2384 ) (-712 -6144 2384 ) (-712 -6144 2406 ) 
4 1089 1090 (-712 -6090 2436 ) (-712 -6090 2406 ) (-712 -6144 2406 ) (-712 -6144 2436 ) 
4 1090 1169 (-712 -6144 2436 ) (-716 -6144 2436 ) (-716 -6144 2406 ) (-712 -6144 2406 ) 
4 1090 1092 (-716 -6090 2436 ) (-716 -6090 2406 ) (-716 -6144 2406 ) (-716 -6144 2436 ) 
4 1090 1091 (-716 -6144 2406 ) (-716 -6090 2406 ) (-712 -6090 2406 ) (-712 -6144 2406 ) 
4 1091 1170 (-716 -6144 2406 ) (-716 -6144 2384 ) (-712 -6144 2384 ) (-712 -6144 2406 ) 
4 1091 1102 (-712 -6144 2384 ) (-716 -6144 2384 ) (-716 -6090 2384 ) (-712 -6090 2384 ) 
4 1091 1092 (-716 -6090 2406 ) (-716 -6090 2384 ) (-716 -6144 2384 ) (-716 -6144 2406 ) 
4 1092 1171 (-716 -6144 2436 ) (-1024 -6144 2436 ) (-1024 -6144 2384 ) (-716 -6144 2384 ) 
4 1092 1108 (-1024 -6144 2384 ) (-1024 -6144 2436 ) (-1024 -6090 2436 ) (-1024 -6090 2384 ) 
4 1092 1102 (-716 -6144 2384 ) (-754 -6144 2384 ) (-754 -6090 2384 ) (-716 -6090 2384 ) 
4 1092 1103 (-754 -6144 2384 ) (-1024 -6144 2384 ) (-1024 -6090 2384 ) (-754 -6090 2384 ) 
4 1093 1101 (-156 -5984 2384 ) (-189 -5984 2384 ) (-189 -5984 2379 ) (-156 -5984 2379 ) 
4 1093 1095 (-156 -5984 2379 ) (-189 -5984 2379 ) (-189 -5974 2379 ) (-156 -5974 2379 ) 
4 1094 1101 (-151 -5984 2290 ) (0 -5984 2290 ) (0 -5984 2379 ) (-151 -5984 2379 ) 
4 1095 1101 (-189 -5984 2290 ) (-156 -5984 2290 ) (-156 -5984 2379 ) (-189 -5984 2379 ) 
4 1096 1101 (-384 -5984 2290 ) (-194 -5984 2290 ) (-194 -5984 2379 ) (-384 -5984 2379 ) 
4 1097 1101 (-422 -5984 2290 ) (-389 -5984 2290 ) (-389 -5984 2384 ) (-422 -5984 2384 ) 
4 1098 1101 (-617 -5984 2290 ) (-427 -5984 2290 ) (-427 -5984 2379 ) (-617 -5984 2379 ) 
4 1099 1101 (-674 -5984 2290 ) (-622 -5984 2290 ) (-622 -5984 2384 ) (-674 -5984 2384 ) 
4 1100 1108 (-1024 -5850 2290 ) (-1024 -5984 2290 ) (-1024 -5984 2384 ) (-1024 -5850 2384 ) 
4 1100 1103 (-1024 -5984 2290 ) (-754 -5984 2290 ) (-754 -5984 2384 ) (-1024 -5984 2384 ) 
4 1101 1167 (-379 -6144 2384 ) (-399 -6144 2384 ) (-399 -6144 2290 ) (-379 -6144 2290 ) 
4 1101 1166 (-199 -6144 2384 ) (-379 -6144 2384 ) (-379 -6144 2290 ) (-199 -6144 2290 ) 
4 1101 1168 (-399 -6144 2384 ) (-674 -6144 2384 ) (-674 -6144 2290 ) (-399 -6144 2290 ) 
4 1101 1165 (-179 -6144 2384 ) (-199 -6144 2384 ) (-199 -6144 2290 ) (-179 -6144 2290 ) 
4 1101 1164 (0 -6144 2290 ) (0 -6144 2384 ) (-179 -6144 2384 ) (-179 -6144 2290 ) 
4 1101 1102 (-674 -6090 2290 ) (-674 -6144 2290 ) (-674 -6144 2384 ) (-674 -6090 2384 ) 
4 1102 1170 (-712 -6144 2384 ) (-716 -6144 2384 ) (-716 -6144 2290 ) (-712 -6144 2290 ) 
4 1102 1171 (-716 -6144 2384 ) (-754 -6144 2384 ) (-754 -6144 2290 ) (-716 -6144 2290 ) 
4 1102 1168 (-674 -6144 2384 ) (-712 -6144 2384 ) (-712 -6144 2290 ) (-674 -6144 2290 ) 
4 1102 1103 (-754 -6090 2290 ) (-754 -6144 2290 ) (-754 -6144 2384 ) (-754 -6090 2384 ) 
4 1103 1171 (-754 -6144 2384 ) (-1024 -6144 2384 ) (-1024 -6144 2290 ) (-754 -6144 2290 ) 
4 1103 1108 (-1024 -5984 2290 ) (-1024 -6144 2290 ) (-1024 -6144 2384 ) (-1024 -5984 2384 ) 
4 1104 1106 (-1024 -5797.080078 2166.750000 ) (-1024 -5845 2166.750000 ) (-1024 -5845 2290 ) (-1024 -5797.080078 2290 ) 
4 1104 1105 (-1024 -5845 2166.750000 ) (0 -5845 2166.750000 ) (0 -5845 2285 ) (-1024 -5845 2285 ) 
4 1105 1193 (-247 -6144 2187 ) (-331 -6144 2187 ) (-331 -6144 2166.750000 ) (-247 -6144 2166.750000 ) 
4 1105 1192 (0 -6144 2166.750000 ) (0 -6144 2187 ) (-247 -6144 2187 ) (-247 -6144 2166.750000 ) 
4 1105 1196 (-331 -6144 2187 ) (-1024 -6144 2187 ) (-1024 -6144 2166.750000 ) (-331 -6144 2166.750000 ) 
4 1105 1188 (-326 -6144 2267 ) (-331 -6144 2267 ) (-331 -6144 2187 ) (-326 -6144 2187 ) 
4 1105 1190 (-331 -6144 2267 ) (-1024 -6144 2267 ) (-1024 -6144 2187 ) (-331 -6144 2187 ) 
4 1105 1185 (-252 -6144 2267 ) (-326 -6144 2267 ) (-326 -6144 2187 ) (-252 -6144 2187 ) 
4 1105 1183 (-247 -6144 2267 ) (-252 -6144 2267 ) (-252 -6144 2187 ) (-247 -6144 2187 ) 
4 1105 1182 (0 -6144 2187 ) (0 -6144 2267 ) (-247 -6144 2267 ) (-247 -6144 2187 ) 
4 1105 1174 (-247 -6144 2272 ) (-331 -6144 2272 ) (-331 -6144 2267 ) (-247 -6144 2267 ) 
4 1105 1173 (0 -6144 2267 ) (0 -6144 2272 ) (-247 -6144 2272 ) (-247 -6144 2267 ) 
4 1105 1176 (-331 -6144 2272 ) (-1024 -6144 2272 ) (-1024 -6144 2267 ) (-331 -6144 2267 ) 
4 1105 1172 (0 -6144 2272 ) (0 -6144 2285 ) (-1024 -6144 2285 ) (-1024 -6144 2272 ) 
4 1105 1109 (-1024 -5845 2166.750000 ) (-1024 -6144 2166.750000 ) (-1024 -6144 2285 ) (-1024 -5845 2285 ) 
4 1106 1110 (-1152 -5845 2166.750000 ) (-1107 -5845 2166.750000 ) (-1107 -5845 2461.250000 ) (-1152 -5845 2461.250000 ) 
4 1106 1109 (-1107 -5845 2166.750000 ) (-1024 -5845 2166.750000 ) (-1024 -5845 2285 ) (-1107 -5845 2285 ) 
4 1106 1107 (-1024 -5845 2441 ) (-1024 -5845 2461.250000 ) (-1107 -5845 2461.250000 ) (-1107 -5845 2441 ) 
4 1107 1220 (-1102 -6144 2461.250000 ) (-1107 -6144 2461.250000 ) (-1107 -6144 2441 ) (-1102 -6144 2441 ) 
4 1107 1212 (-1024 -6144 2441 ) (-1024 -6144 2461.250000 ) (-1102 -6144 2461.250000 ) (-1102 -6144 2441 ) 
4 1107 1110 (-1107 -5845 2461.250000 ) (-1107 -5845 2441 ) (-1107 -6144 2441 ) (-1107 -6144 2461.250000 ) 
4 1108 1219 (-1024 -6144 2290 ) (-1024 -6144 2322 ) (-1102 -6144 2322 ) (-1102 -6144 2290 ) 
4 1108 1218 (-1024 -6144 2322 ) (-1024 -6144 2386 ) (-1102 -6144 2386 ) (-1102 -6144 2322 ) 
4 1108 1214 (-1099 -6144 2436 ) (-1102 -6144 2436 ) (-1102 -6144 2386 ) (-1099 -6144 2386 ) 
4 1108 1213 (-1024 -6144 2386 ) (-1024 -6144 2436 ) (-1099 -6144 2436 ) (-1099 -6144 2386 ) 
4 1109 1222 (-1024 -6144 2166.750000 ) (-1024 -6144 2285 ) (-1107 -6144 2285 ) (-1107 -6144 2166.750000 ) 
4 1109 1110 (-1107 -5845 2285 ) (-1107 -5845 2166.750000 ) (-1107 -6144 2166.750000 ) (-1107 -6144 2285 ) 
4 1110 1223 (-1152 -6144 2290 ) (-1152 -6144 2166.750000 ) (-1107 -6144 2166.750000 ) (-1107 -6144 2290 ) 
4 1110 1221 (-1107 -6144 2461.250000 ) (-1152 -6144 2461.250000 ) (-1152 -6144 2290 ) (-1107 -6144 2290 ) 
4 1111 1117 (-3072 -4096 9978.230469 ) (-3072 -4096 64 ) (-3072 -4464 64 ) (-3072 -4464 9978.230469 ) 
4 1111 1113 (-3072 -4464 64 ) (-2048 -4464 64 ) (-2048 -4464 176 ) (-3072 -4464 176 ) 
4 1111 1112 (-2048 -4464 176 ) (-2048 -4464 9978.230469 ) (-3072 -4464 9978.230469 ) (-3072 -4464 176 ) 
4 1111 1115 (-3072 -4464 64 ) (-3072 -4096 64 ) (-2048 -4096 64 ) (-2048 -4464 64 ) 
4 1112 1118 (-3072 -4496 176 ) (-3072 -4496 9978.230469 ) (-3072 -4464 9978.230469 ) (-3072 -4464 176 ) 
4 1112 1114 (-2048 -4496 176 ) (-2048 -4496 9978.230469 ) (-3072 -4496 9978.230469 ) (-3072 -4496 176 ) 
4 1112 1113 (-2048 -4496 176 ) (-3072 -4496 176 ) (-3072 -4464 176 ) (-2048 -4464 176 ) 
4 1113 1119 (-3072 -4464 64 ) (-3072 -4496 64 ) (-3072 -4496 176 ) (-3072 -4464 176 ) 
4 1113 1115 (-3072 -4496 64 ) (-3072 -4464 64 ) (-2048 -4464 64 ) (-2048 -4496 64 ) 
4 1113 1114 (-3072 -4496 64 ) (-2048 -4496 64 ) (-2048 -4496 176 ) (-3072 -4496 176 ) 
4 1114 1120 (-3072 -4496 64 ) (-3072 -5120 64 ) (-3072 -5120 9978.230469 ) (-3072 -4496 9978.230469 ) 
4 1114 1115 (-3072 -5120 64 ) (-3072 -4496 64 ) (-2048 -4496 64 ) (-2048 -5120 64 ) 
4 1115 1121 (-3072 -4096 64 ) (-3072 -4096 63 ) (-3072 -5120 63 ) (-3072 -5120 64 ) 
4 1116 1122 (-3072 -4096 26 ) (-3072 -4096 -1473 ) (-3072 -5120 -1473 ) (-3072 -5120 26 ) 
4 1117 1147 (-4096 -4464 9978.230469 ) (-4096 -4096 9978.230469 ) (-4096 -4096 64 ) (-4096 -4464 64 ) 
4 1117 1119 (-4096 -4464 64 ) (-3072 -4464 64 ) (-3072 -4464 176 ) (-4096 -4464 176 ) 
4 1117 1118 (-3072 -4464 176 ) (-3072 -4464 9978.230469 ) (-4096 -4464 9978.230469 ) (-4096 -4464 176 ) 
4 1117 1121 (-4096 -4464 64 ) (-4096 -4096 64 ) (-3072 -4096 64 ) (-3072 -4464 64 ) 
4 1118 1148 (-4096 -4496 9978.230469 ) (-4096 -4464 9978.230469 ) (-4096 -4464 176 ) (-4096 -4496 176 ) 
4 1118 1120 (-3072 -4496 176 ) (-3072 -4496 9978.230469 ) (-4096 -4496 9978.230469 ) (-4096 -4496 176 ) 
4 1118 1119 (-3072 -4496 176 ) (-4096 -4496 176 ) (-4096 -4464 176 ) (-3072 -4464 176 ) 
4 1119 1149 (-4096 -4464 176 ) (-4096 -4464 64 ) (-4096 -4496 64 ) (-4096 -4496 176 ) 
4 1119 1121 (-4096 -4496 64 ) (-4096 -4464 64 ) (-3072 -4464 64 ) (-3072 -4496 64 ) 
4 1119 1120 (-4096 -4496 64 ) (-3072 -4496 64 ) (-3072 -4496 176 ) (-4096 -4496 176 ) 
4 1120 1150 (-4096 -5120 64 ) (-4096 -5120 9978.230469 ) (-4096 -4496 9978.230469 ) (-4096 -4496 64 ) 
4 1120 1121 (-3072 -5120 64 ) (-4096 -5120 64 ) (-4096 -4496 64 ) (-3072 -4496 64 ) 
4 1121 1155 (-4096 -5120 63 ) (-4096 -5120 64 ) (-4096 -4096 64 ) (-4096 -4096 63 ) 
4 1122 1156 (-4096 -5120 -1473 ) (-4096 -5120 26 ) (-4096 -4096 26 ) (-4096 -4096 -1473 ) 
4 1123 1131 (-4096 -3072 64 ) (-4096 -3072 9978.230469 ) (-4880 -3072 9978.230469 ) (-4880 -3072 64 ) 
4 1123 1127 (-4096 -3072 64 ) (-4880 -3072 64 ) (-4880 -2048 64 ) (-4096 -2048 64 ) 
4 1123 1125 (-4880 -2048 64 ) (-4880 -3072 64 ) (-4880 -3072 176 ) (-4880 -2048 176 ) 
4 1123 1124 (-4880 -3072 176 ) (-4880 -3072 9978.230469 ) (-4880 -2048 9978.230469 ) (-4880 -2048 176 ) 
4 1124 1132 (-4880 -3072 9978.230469 ) (-4912 -3072 9978.230469 ) (-4912 -3072 176 ) (-4880 -3072 176 ) 
4 1124 1126 (-4912 -3072 176 ) (-4912 -3072 9978.230469 ) (-4912 -2048 9978.230469 ) (-4912 -2048 176 ) 
4 1124 1125 (-4912 -3072 176 ) (-4912 -2048 176 ) (-4880 -2048 176 ) (-4880 -3072 176 ) 
4 1125 1133 (-4912 -3072 176 ) (-4912 -3072 64 ) (-4880 -3072 64 ) (-4880 -3072 176 ) 
4 1125 1127 (-4880 -3072 64 ) (-4912 -3072 64 ) (-4912 -2048 64 ) (-4880 -2048 64 ) 
4 1125 1126 (-4912 -2048 64 ) (-4912 -3072 64 ) (-4912 -3072 176 ) (-4912 -2048 176 ) 
4 1126 1134 (-4912 -3072 9978.230469 ) (-5120 -3072 9978.230469 ) (-5120 -3072 64 ) (-4912 -3072 64 ) 
4 1126 1127 (-4912 -3072 64 ) (-5120 -3072 64 ) (-5120 -2048 64 ) (-4912 -2048 64 ) 
4 1127 1135 (-4096 -3072 63 ) (-4096 -3072 64 ) (-5120 -3072 64 ) (-5120 -3072 63 ) 
4 1128 1136 (-4096 -3072 -1473 ) (-4096 -3072 26 ) (-5120 -3072 26 ) (-5120 -3072 -1473 ) 
4 1129 1139 (-6144 -2048 9978.230469 ) (-6144 -2048 59 ) (-6144 -3072 59 ) (-6144 -3072 9978.230469 ) 
4 1129 1137 (-5434.500000 -3072 59 ) (-5434.500000 -3072 9978.230469 ) (-6144 -3072 9978.230469 ) (-6144 -3072 59 ) 
4 1130 1140 (-6144 -2048 29 ) (-6144 -2048 -1443 ) (-6144 -3072 -1443 ) (-6144 -3072 29 ) 
4 1130 1138 (-5434.500000 -3072 -1443 ) (-5434.500000 -3072 29 ) (-6144 -3072 29 ) (-6144 -3072 -1443 ) 
4 1131 1147 (-4096 -4096 64 ) (-4096 -4096 9978.230469 ) (-4880 -4096 9978.230469 ) (-4880 -4096 64 ) 
4 1131 1135 (-4096 -4096 64 ) (-4880 -4096 64 ) (-4880 -3072 64 ) (-4096 -3072 64 ) 
4 1131 1133 (-4880 -3072 64 ) (-4880 -4096 64 ) (-4880 -4096 176 ) (-4880 -3072 176 ) 
4 1131 1132 (-4880 -4096 176 ) (-4880 -4096 9978.230469 ) (-4880 -3072 9978.230469 ) (-4880 -3072 176 ) 
4 1132 1151 (-4880 -4096 9978.230469 ) (-4912 -4096 9978.230469 ) (-4912 -4096 176 ) (-4880 -4096 176 ) 
4 1132 1134 (-4912 -4096 176 ) (-4912 -4096 9978.230469 ) (-4912 -3072 9978.230469 ) (-4912 -3072 176 ) 
4 1132 1133 (-4912 -4096 176 ) (-4912 -3072 176 ) (-4880 -3072 176 ) (-4880 -4096 176 ) 
4 1133 1152 (-4912 -4096 176 ) (-4912 -4096 64 ) (-4880 -4096 64 ) (-4880 -4096 176 ) 
4 1133 1135 (-4880 -4096 64 ) (-4912 -4096 64 ) (-4912 -3072 64 ) (-4880 -3072 64 ) 
4 1133 1134 (-4912 -3072 64 ) (-4912 -4096 64 ) (-4912 -4096 176 ) (-4912 -3072 176 ) 
4 1134 1154 (-4912 -4096 9978.230469 ) (-5120 -4096 9978.230469 ) (-5120 -4096 64 ) (-4912 -4096 64 ) 
4 1134 1135 (-4912 -4096 64 ) (-5120 -4096 64 ) (-5120 -3072 64 ) (-4912 -3072 64 ) 
4 1135 1155 (-4096 -4096 63 ) (-4096 -4096 64 ) (-5120 -4096 64 ) (-5120 -4096 63 ) 
4 1136 1156 (-4096 -4096 -1473 ) (-4096 -4096 26 ) (-5120 -4096 26 ) (-5120 -4096 -1473 ) 
4 1137 1157 (-5434.500000 -4096 59 ) (-5434.500000 -4096 9978.230469 ) (-6144 -4096 9978.230469 ) (-6144 -4096 59 ) 
4 1137 1143 (-6144 -4096 59 ) (-6144 -4096 9978.230469 ) (-6144 -3072 9978.230469 ) (-6144 -3072 59 ) 
4 1138 1158 (-5434.500000 -4096 -1443 ) (-5434.500000 -4096 29 ) (-6144 -4096 29 ) (-6144 -4096 -1443 ) 
4 1138 1144 (-6144 -4096 -1443 ) (-6144 -4096 29 ) (-6144 -3072 29 ) (-6144 -3072 -1443 ) 
4 1139 1143 (-6144 -3072 59 ) (-6144 -3072 9978.230469 ) (-7168 -3072 9978.230469 ) (-7168 -3072 59 ) 
4 1139 1141 (-7168 -2048 9978.230469 ) (-7168 -2048 59 ) (-7168 -3072 59 ) (-7168 -3072 9978.230469 ) 
4 1140 1144 (-6144 -3072 -1443 ) (-6144 -3072 29 ) (-7168 -3072 29 ) (-7168 -3072 -1443 ) 
4 1140 1142 (-7168 -2048 29 ) (-7168 -2048 -1443 ) (-7168 -3072 -1443 ) (-7168 -3072 29 ) 
4 1141 1302 (-8192 -2048 9978.230469 ) (-8192 -2048 59 ) (-8192 -3072 59 ) (-8192 -3072 9978.230469 ) 
4 1141 1145 (-7168 -3072 59 ) (-7168 -3072 9978.230469 ) (-8192 -3072 9978.230469 ) (-8192 -3072 59 ) 
4 1142 1303 (-8192 -2048 29 ) (-8192 -2048 -1443 ) (-8192 -3072 -1443 ) (-8192 -3072 29 ) 
4 1142 1146 (-7168 -3072 -1443 ) (-7168 -3072 29 ) (-8192 -3072 29 ) (-8192 -3072 -1443 ) 
4 1143 1159 (-6144 -4096 59 ) (-6144 -4096 9978.230469 ) (-7168 -4096 9978.230469 ) (-7168 -4096 59 ) 
4 1143 1145 (-7168 -3072 9978.230469 ) (-7168 -3072 59 ) (-7168 -4096 59 ) (-7168 -4096 9978.230469 ) 
4 1144 1160 (-6144 -4096 -1443 ) (-6144 -4096 29 ) (-7168 -4096 29 ) (-7168 -4096 -1443 ) 
4 1144 1146 (-7168 -3072 29 ) (-7168 -3072 -1443 ) (-7168 -4096 -1443 ) (-7168 -4096 29 ) 
4 1145 1306 (-8192 -4096 59 ) (-8192 -4096 9978.230469 ) (-8192 -3072 9978.230469 ) (-8192 -3072 59 ) 
4 1145 1161 (-7168 -4096 59 ) (-7168 -4096 9978.230469 ) (-8192 -4096 9978.230469 ) (-8192 -4096 59 ) 
4 1146 1307 (-8192 -4096 -1443 ) (-8192 -4096 29 ) (-8192 -3072 29 ) (-8192 -3072 -1443 ) 
4 1146 1162 (-7168 -4096 -1443 ) (-7168 -4096 29 ) (-8192 -4096 29 ) (-8192 -4096 -1443 ) 
4 1147 1155 (-4880 -4464 64 ) (-4880 -4096 64 ) (-4096 -4096 64 ) (-4096 -4464 64 ) 
4 1147 1152 (-4880 -4096 64 ) (-4880 -4464 64 ) (-4880 -4464 176 ) (-4880 -4096 176 ) 
4 1147 1151 (-4880 -4464 176 ) (-4880 -4464 9978.230469 ) (-4880 -4096 9978.230469 ) (-4880 -4096 176 ) 
4 1147 1149 (-4880 -4464 176 ) (-4880 -4464 64 ) (-4096 -4464 64 ) (-4096 -4464 176 ) 
4 1147 1148 (-4880 -4464 9978.230469 ) (-4880 -4464 176 ) (-4096 -4464 176 ) (-4096 -4464 9978.230469 ) 
4 1148 1151 (-4880 -4496 176 ) (-4880 -4496 9978.230469 ) (-4880 -4464 9978.230469 ) (-4880 -4464 176 ) 
4 1148 1150 (-4880 -4496 9978.230469 ) (-4880 -4496 176 ) (-4096 -4496 176 ) (-4096 -4496 9978.230469 ) 
4 1148 1149 (-4096 -4496 176 ) (-4880 -4496 176 ) (-4880 -4464 176 ) (-4096 -4464 176 ) 
4 1149 1155 (-4880 -4496 64 ) (-4880 -4464 64 ) (-4096 -4464 64 ) (-4096 -4496 64 ) 
4 1149 1152 (-4880 -4464 64 ) (-4880 -4496 64 ) (-4880 -4496 176 ) (-4880 -4464 176 ) 
4 1149 1150 (-4880 -4496 176 ) (-4880 -4496 64 ) (-4096 -4496 64 ) (-4096 -4496 176 ) 
4 1150 1155 (-4096 -5120 64 ) (-4880 -5120 64 ) (-4880 -4496 64 ) (-4096 -4496 64 ) 
4 1150 1153 (-4880 -4496 64 ) (-4880 -5120 64 ) (-4880 -5120 9978.230469 ) (-4880 -4496 9978.230469 ) 
4 1151 1153 (-4912 -4496 9978.230469 ) (-4912 -4496 176 ) (-4880 -4496 176 ) (-4880 -4496 9978.230469 ) 
4 1151 1154 (-4912 -4496 176 ) (-4912 -4496 9978.230469 ) (-4912 -4096 9978.230469 ) (-4912 -4096 176 ) 
4 1151 1152 (-4880 -4496 176 ) (-4912 -4496 176 ) (-4912 -4096 176 ) (-4880 -4096 176 ) 
4 1152 1155 (-4912 -4496 64 ) (-4912 -4096 64 ) (-4880 -4096 64 ) (-4880 -4496 64 ) 
4 1152 1153 (-4912 -4496 176 ) (-4912 -4496 64 ) (-4880 -4496 64 ) (-4880 -4496 176 ) 
4 1152 1154 (-4912 -4096 64 ) (-4912 -4496 64 ) (-4912 -4496 176 ) (-4912 -4096 176 ) 
4 1153 1155 (-4880 -5120 64 ) (-4912 -5120 64 ) (-4912 -4496 64 ) (-4880 -4496 64 ) 
4 1153 1154 (-4912 -4496 64 ) (-4912 -5120 64 ) (-4912 -5120 9978.230469 ) (-4912 -4496 9978.230469 ) 
4 1154 1155 (-4912 -5120 64 ) (-5120 -5120 64 ) (-5120 -4096 64 ) (-4912 -4096 64 ) 
4 1157 1159 (-6144 -4096 9978.230469 ) (-6144 -4096 59 ) (-6144 -5120 59 ) (-6144 -5120 9978.230469 ) 
4 1158 1160 (-6144 -4096 29 ) (-6144 -4096 -1443 ) (-6144 -5120 -1443 ) (-6144 -5120 29 ) 
4 1159 1161 (-7168 -4096 9978.230469 ) (-7168 -4096 59 ) (-7168 -5120 59 ) (-7168 -5120 9978.230469 ) 
4 1160 1162 (-7168 -4096 29 ) (-7168 -4096 -1443 ) (-7168 -5120 -1443 ) (-7168 -5120 29 ) 
4 1161 1318 (-8192 -5120 59 ) (-8192 -5120 9978.230469 ) (-8192 -4096 9978.230469 ) (-8192 -4096 59 ) 
4 1162 1319 (-8192 -5120 -1443 ) (-8192 -5120 29 ) (-8192 -4096 29 ) (-8192 -4096 -1443 ) 
4 1163 1212 (-1024 -6144 2461.250000 ) (-1024 -6144 2441 ) (-1024 -7109 2441 ) (-1024 -7109 2461.250000 ) 
4 1163 1191 (-1024 -7109 2461.250000 ) (-1024 -7109 2441 ) (0 -7109 2441 ) (0 -7109 2461.250000 ) 
4 1164 1177 (0 -7104 2322 ) (0 -7104 2386 ) (-115 -7104 2386 ) (-115 -7104 2322 ) 
4 1164 1165 (-179 -6144 2290 ) (-179 -6903 2290 ) (-179 -6903 2436 ) (-179 -6144 2436 ) 
4 1165 1166 (-199 -6144 2290 ) (-199 -6903 2290 ) (-199 -6903 2436 ) (-199 -6144 2436 ) 
4 1166 1167 (-379 -6144 2290 ) (-379 -6903 2290 ) (-379 -6903 2436 ) (-379 -6144 2436 ) 
4 1167 1168 (-399 -6144 2290 ) (-399 -6903 2290 ) (-399 -6903 2436 ) (-399 -6144 2436 ) 
4 1168 1179 (-712 -7104 2386 ) (-712 -7104 2322 ) (-463 -7104 2322 ) (-463 -7104 2386 ) 
4 1168 1170 (-712 -6144 2290 ) (-712 -7104 2290 ) (-712 -7104 2406 ) (-712 -6144 2406 ) 
4 1168 1169 (-712 -7104 2406 ) (-712 -7104 2436 ) (-712 -6144 2436 ) (-712 -6144 2406 ) 
4 1169 1171 (-716 -7104 2406 ) (-716 -7104 2436 ) (-716 -6144 2436 ) (-716 -6144 2406 ) 
4 1169 1170 (-716 -7104 2406 ) (-716 -6144 2406 ) (-712 -6144 2406 ) (-712 -7104 2406 ) 
4 1170 1179 (-716 -7104 2386 ) (-716 -7104 2322 ) (-712 -7104 2322 ) (-712 -7104 2386 ) 
4 1170 1171 (-716 -6144 2290 ) (-716 -7104 2290 ) (-716 -7104 2406 ) (-716 -6144 2406 ) 
4 1171 1219 (-1024 -6144 2322 ) (-1024 -6144 2290 ) (-1024 -7104 2290 ) (-1024 -7104 2322 ) 
4 1171 1218 (-1024 -6144 2386 ) (-1024 -6144 2322 ) (-1024 -7104 2322 ) (-1024 -7104 2386 ) 
4 1171 1213 (-1024 -6144 2436 ) (-1024 -6144 2386 ) (-1024 -7104 2386 ) (-1024 -7104 2436 ) 
4 1171 1179 (-719 -7104 2322 ) (-716 -7104 2322 ) (-716 -7104 2386 ) (-719 -7104 2386 ) 
4 1172 1222 (-1024 -6144 2285 ) (-1024 -6144 2272 ) (-1024 -7104 2272 ) (-1024 -7104 2285 ) 
4 1172 1181 (0 -7104 2272 ) (0 -7104 2285 ) (-1024 -7104 2285 ) (-1024 -7104 2272 ) 
4 1172 1174 (-331 -6955 2272 ) (-331 -6144 2272 ) (-247 -6144 2272 ) (-247 -6955 2272 ) 
4 1172 1175 (-247 -7104 2272 ) (-331 -7104 2272 ) (-331 -7039 2272 ) (-247 -7039 2272 ) 
4 1172 1173 (0 -7104 2272 ) (-247 -7104 2272 ) (-247 -6144 2272 ) (0 -6144 2272 ) 
4 1172 1176 (-331 -7104 2272 ) (-1024 -7104 2272 ) (-1024 -6144 2272 ) (-331 -6144 2272 ) 
4 1173 1182 (-247 -6144 2267 ) (0 -6144 2267 ) (0 -7104 2267 ) (-247 -7104 2267 ) 
4 1173 1181 (-247 -7104 2267 ) (0 -7104 2267 ) (0 -7104 2272 ) (-247 -7104 2272 ) 
4 1173 1174 (-247 -6144 2267 ) (-247 -6955 2267 ) (-247 -6955 2272 ) (-247 -6144 2272 ) 
4 1173 1175 (-247 -7039 2267 ) (-247 -7104 2267 ) (-247 -7104 2272 ) (-247 -7039 2272 ) 
4 1174 1188 (-331 -6144 2267 ) (-326 -6144 2267 ) (-326 -6955 2267 ) (-331 -6955 2267 ) 
4 1174 1185 (-326 -6144 2267 ) (-252 -6144 2267 ) (-252 -6955 2267 ) (-326 -6955 2267 ) 
4 1174 1183 (-252 -6144 2267 ) (-247 -6144 2267 ) (-247 -6955 2267 ) (-252 -6955 2267 ) 
4 1174 1176 (-331 -6144 2267 ) (-331 -6955 2267 ) (-331 -6955 2272 ) (-331 -6144 2272 ) 
4 1175 1189 (-326 -7104 2267 ) (-331 -7104 2267 ) (-331 -7039 2267 ) (-326 -7039 2267 ) 
4 1175 1187 (-252 -7104 2267 ) (-326 -7104 2267 ) (-326 -7039 2267 ) (-252 -7039 2267 ) 
4 1175 1184 (-247 -7039 2267 ) (-247 -7104 2267 ) (-252 -7104 2267 ) (-252 -7039 2267 ) 
4 1175 1181 (-331 -7104 2267 ) (-247 -7104 2267 ) (-247 -7104 2272 ) (-331 -7104 2272 ) 
4 1175 1176 (-331 -7039 2267 ) (-331 -7104 2267 ) (-331 -7104 2272 ) (-331 -7039 2272 ) 
4 1176 1222 (-1024 -6144 2272 ) (-1024 -6144 2267 ) (-1024 -7104 2267 ) (-1024 -7104 2272 ) 
4 1176 1190 (-1024 -7104 2267 ) (-1024 -6144 2267 ) (-331 -6144 2267 ) (-331 -7104 2267 ) 
4 1176 1181 (-1024 -7104 2267 ) (-331 -7104 2267 ) (-331 -7104 2272 ) (-1024 -7104 2272 ) 
4 1177 1178 (-115 -7105 2386 ) (-115 -7105 2322 ) (0 -7105 2322 ) (0 -7105 2386 ) 
4 1178 1191 (-115 -7109 2322 ) (0 -7109 2322 ) (0 -7109 2386 ) (-115 -7109 2386 ) 
4 1179 1180 (-719 -7105 2386 ) (-719 -7105 2322 ) (-463 -7105 2322 ) (-463 -7105 2386 ) 
4 1180 1191 (-719 -7109 2322 ) (-463 -7109 2322 ) (-463 -7109 2386 ) (-719 -7109 2386 ) 
4 1181 1222 (-1024 -7104 2267 ) (-1024 -7109 2267 ) (-1024 -7109 2285 ) (-1024 -7104 2285 ) 
4 1181 1191 (-1024 -7109 2285 ) (-1024 -7109 2267 ) (0 -7109 2267 ) (0 -7109 2285 ) 
4 1181 1189 (-326 -7109 2267 ) (-331 -7109 2267 ) (-331 -7104 2267 ) (-326 -7104 2267 ) 
4 1181 1190 (-331 -7109 2267 ) (-1024 -7109 2267 ) (-1024 -7104 2267 ) (-331 -7104 2267 ) 
4 1181 1187 (-252 -7109 2267 ) (-326 -7109 2267 ) (-326 -7104 2267 ) (-252 -7104 2267 ) 
4 1181 1184 (-247 -7109 2267 ) (-252 -7109 2267 ) (-252 -7104 2267 ) (-247 -7104 2267 ) 
4 1181 1182 (0 -7109 2267 ) (-247 -7109 2267 ) (-247 -7104 2267 ) (0 -7104 2267 ) 
4 1182 1192 (-247 -6144 2187 ) (0 -6144 2187 ) (0 -7109 2187 ) (-247 -7109 2187 ) 
4 1182 1191 (-247 -7109 2187 ) (0 -7109 2187 ) (0 -7109 2267 ) (-247 -7109 2267 ) 
4 1182 1183 (-247 -6144 2187 ) (-247 -6955 2187 ) (-247 -6955 2267 ) (-247 -6144 2267 ) 
4 1182 1184 (-247 -7039 2187 ) (-247 -7109 2187 ) (-247 -7109 2267 ) (-247 -7039 2267 ) 
4 1183 1193 (-252 -6144 2187 ) (-247 -6144 2187 ) (-247 -6955 2187 ) (-252 -6955 2187 ) 
4 1183 1185 (-252 -6144 2187 ) (-252 -6955 2187 ) (-252 -6955 2267 ) (-252 -6144 2267 ) 
4 1184 1195 (-247 -7039 2187 ) (-247 -7109 2187 ) (-252 -7109 2187 ) (-252 -7039 2187 ) 
4 1184 1191 (-252 -7109 2187 ) (-247 -7109 2187 ) (-247 -7109 2267 ) (-252 -7109 2267 ) 
4 1184 1187 (-252 -7039 2187 ) (-252 -7109 2187 ) (-252 -7109 2267 ) (-252 -7039 2267 ) 
4 1185 1193 (-326 -6144 2187 ) (-252 -6144 2187 ) (-252 -6955 2187 ) (-326 -6955 2187 ) 
4 1185 1188 (-326 -6144 2187 ) (-326 -6955 2187 ) (-326 -6955 2267 ) (-326 -6144 2267 ) 
4 1187 1195 (-252 -7039 2187 ) (-252 -7109 2187 ) (-326 -7109 2187 ) (-326 -7039 2187 ) 
4 1187 1191 (-326 -7109 2187 ) (-252 -7109 2187 ) (-252 -7109 2267 ) (-326 -7109 2267 ) 
4 1187 1189 (-326 -7039 2187 ) (-326 -7109 2187 ) (-326 -7109 2267 ) (-326 -7039 2267 ) 
4 1188 1193 (-331 -6144 2187 ) (-326 -6144 2187 ) (-326 -6955 2187 ) (-331 -6955 2187 ) 
4 1188 1190 (-331 -6144 2187 ) (-331 -6955 2187 ) (-331 -6955 2267 ) (-331 -6144 2267 ) 
4 1189 1195 (-326 -7039 2187 ) (-326 -7109 2187 ) (-331 -7109 2187 ) (-331 -7039 2187 ) 
4 1189 1191 (-331 -7109 2187 ) (-326 -7109 2187 ) (-326 -7109 2267 ) (-331 -7109 2267 ) 
4 1189 1190 (-331 -7039 2187 ) (-331 -7109 2187 ) (-331 -7109 2267 ) (-331 -7039 2267 ) 
4 1190 1222 (-1024 -6144 2267 ) (-1024 -6144 2187 ) (-1024 -7109 2187 ) (-1024 -7109 2267 ) 
4 1190 1196 (-1024 -7109 2187 ) (-1024 -6144 2187 ) (-331 -6144 2187 ) (-331 -7109 2187 ) 
4 1190 1191 (-1024 -7109 2267 ) (-1024 -7109 2187 ) (-331 -7109 2187 ) (-331 -7109 2267 ) 
4 1191 1224 (-1024 -7109 2187 ) (-1024 -7142.930664 2187 ) (-1024 -7142.930664 2461.250000 ) (-1024 -7109 2461.250000 ) 
4 1191 1195 (-331 -7109 2187 ) (-247 -7109 2187 ) (-247 -7142.930664 2187 ) (-331 -7142.930664 2187 ) 
4 1191 1192 (-247 -7109 2187 ) (0 -7109 2187 ) (0 -7142.930664 2187 ) (-247 -7142.930664 2187 ) 
4 1191 1196 (-1024 -7142.930664 2187 ) (-1024 -7109 2187 ) (-331 -7109 2187 ) (-331 -7142.930664 2187 ) 
4 1192 1194 (-247 -6955 2166.750000 ) (-247 -7039 2166.750000 ) (-247 -7039 2182 ) (-247 -6955 2182 ) 
4 1192 1193 (-247 -6144 2166.750000 ) (-247 -6955 2166.750000 ) (-247 -6955 2187 ) (-247 -6144 2187 ) 
4 1192 1195 (-247 -7039 2166.750000 ) (-247 -7142.930664 2166.750000 ) (-247 -7142.930664 2187 ) (-247 -7039 2187 ) 
4 1193 1194 (-331 -6955 2182 ) (-331 -6955 2166.750000 ) (-247 -6955 2166.750000 ) (-247 -6955 2182 ) 
4 1193 1196 (-331 -6144 2166.750000 ) (-331 -6955 2166.750000 ) (-331 -6955 2187 ) (-331 -6144 2187 ) 
4 1194 1196 (-331 -6955 2166.750000 ) (-331 -7039 2166.750000 ) (-331 -7039 2182 ) (-331 -6955 2182 ) 
4 1194 1195 (-331 -7039 2182 ) (-331 -7039 2166.750000 ) (-247 -7039 2166.750000 ) (-247 -7039 2182 ) 
4 1195 1196 (-331 -7039 2166.750000 ) (-331 -7142.930664 2166.750000 ) (-331 -7142.930664 2187 ) (-331 -7039 2187 ) 
4 1196 1224 (-1024 -7109 2166.750000 ) (-1024 -7142.930664 2166.750000 ) (-1024 -7142.930664 2187 ) (-1024 -7109 2187 ) 
4 1196 1222 (-1024 -6144 2187 ) (-1024 -6144 2166.750000 ) (-1024 -7109 2166.750000 ) (-1024 -7109 2187 ) 
4 1197 1227 (0 -7168 -2329 ) (0 -7168 -2264 ) (-227 -7168 -2264 ) (-227 -7168 -2329 ) 
4 1197 1226 (0 -7168 -2264 ) (0 -7168 -1844 ) (-227 -7168 -1844 ) (-227 -7168 -2264 ) 
5 1197 1200 (-227 -7168 -2329 ) (-227 -7030.276855 -2329 ) (-63.002762 -6957.268066 -2329 ) (0 -7098.773438 -2329 ) (0 -7168 -2329 ) 
3 1197 1199 (-26.459167 -6941 -2329 ) (0 -6929.220215 -2329 ) (0 -7000.426270 -2329 ) 
4 1197 1198 (-227 -7030.276855 -2329 ) (-227 -6728 -2329 ) (0 -6728 -2329 ) (0 -6929.220215 -2329 ) 
4 1198 1200 (-63.001404 -6957.270996 -2329 ) (-227 -7030.280273 -2329 ) (-227 -7030.283691 -2364 ) (-63 -6957.273926 -2364 ) 
4 1198 1199 (0 -6929.224121 -2329 ) (-26.457825 -6941.002441 -2329 ) (-26.458054 -6941.006348 -2364 ) (0 -6929.227539 -2364 ) 
4 1200 1227 (0 -7168 -2364 ) (0 -7168 -2329 ) (-227 -7168 -2329 ) (-227 -7168 -2364 ) 
4 1201 1232 (0 -7168 -2874 ) (0 -7168 -2774 ) (-227 -7168 -2774 ) (-227 -7168 -2874 ) 
4 1201 1231 (0 -7168 -2774 ) (0 -7168 -2394 ) (-227 -7168 -2394 ) (-227 -7168 -2774 ) 
4 1202 1237 (0 -7168 -3384 ) (0 -7168 -3284 ) (-227 -7168 -3284 ) (-227 -7168 -3384 ) 
4 1202 1236 (0 -7168 -3284 ) (0 -7168 -2904 ) (-227 -7168 -2904 ) (-227 -7168 -3284 ) 
4 1203 1242 (0 -7168 -3894 ) (0 -7168 -3794 ) (-227 -7168 -3794 ) (-227 -7168 -3894 ) 
4 1203 1241 (0 -7168 -3794 ) (0 -7168 -3414 ) (-227 -7168 -3414 ) (-227 -7168 -3794 ) 
4 1204 1247 (0 -7168 -4404 ) (0 -7168 -4304 ) (-227 -7168 -4304 ) (-227 -7168 -4404 ) 
4 1204 1246 (0 -7168 -4304 ) (0 -7168 -3924 ) (-227 -7168 -3924 ) (-227 -7168 -4304 ) 
4 1205 1252 (0 -7168 -4914 ) (0 -7168 -4814 ) (-227 -7168 -4814 ) (-227 -7168 -4914 ) 
4 1205 1251 (0 -7168 -4814 ) (0 -7168 -4434 ) (-227 -7168 -4434 ) (-227 -7168 -4814 ) 
4 1206 1257 (0 -7168 -5424 ) (0 -7168 -5324 ) (-227 -7168 -5324 ) (-227 -7168 -5424 ) 
4 1206 1256 (0 -7168 -5324 ) (0 -7168 -4944 ) (-227 -7168 -4944 ) (-227 -7168 -5324 ) 
4 1207 1262 (0 -7168 -5934 ) (0 -7168 -5834 ) (-227 -7168 -5834 ) (-227 -7168 -5934 ) 
4 1207 1261 (0 -7168 -5834 ) (0 -7168 -5454 ) (-227 -7168 -5454 ) (-227 -7168 -5834 ) 
4 1208 1267 (0 -7168 -6694 ) (0 -7168 -6594 ) (-227 -7168 -6594 ) (-227 -7168 -6694 ) 
4 1208 1266 (0 -7168 -6594 ) (0 -7168 -5964 ) (-227 -7168 -5964 ) (-227 -7168 -6594 ) 
4 1209 1272 (0 -7168 -7204 ) (0 -7168 -7104 ) (-227 -7168 -7104 ) (-227 -7168 -7204 ) 
4 1209 1271 (0 -7168 -7104 ) (0 -7168 -6724 ) (-227 -7168 -6724 ) (-227 -7168 -7104 ) 
4 1210 1276 (0 -7168 -7702 ) (0 -7168 -7234 ) (-227 -7168 -7234 ) (-227 -7168 -7702 ) 
4 1210 1211 (0 -7168 -7702 ) (-227 -7168 -7702 ) (-227 -6728 -7702 ) (0 -6728 -7702 ) 
4 1211 1277 (0 -7168 -7814 ) (0 -7168 -7702 ) (-227 -7168 -7702 ) (-227 -7168 -7814 ) 
4 1212 1224 (-1024 -7109 2441 ) (-1024 -7109 2461.250000 ) (-1102 -7109 2461.250000 ) (-1102 -7109 2441 ) 
4 1212 1220 (-1102 -7109 2441 ) (-1102 -7109 2461.250000 ) (-1102 -6144 2461.250000 ) (-1102 -6144 2441 ) 
4 1213 1218 (-1099 -6144 2386 ) (-1024 -6144 2386 ) (-1024 -7104 2386 ) (-1099 -7104 2386 ) 
4 1213 1215 (-1099 -6605 2429 ) (-1099 -6605 2436 ) (-1099 -6349 2436 ) (-1099 -6349 2429 ) 
4 1213 1216 (-1099 -6349 2386 ) (-1099 -6605 2386 ) (-1099 -6605 2397 ) (-1099 -6349 2397 ) 
4 1213 1214 (-1099 -6144 2386 ) (-1099 -6349 2386 ) (-1099 -6349 2436 ) (-1099 -6144 2436 ) 
4 1213 1217 (-1099 -6605 2386 ) (-1099 -7104 2386 ) (-1099 -7104 2436 ) (-1099 -6605 2436 ) 
4 1214 1218 (-1102 -6349 2386 ) (-1102 -6144 2386 ) (-1099 -6144 2386 ) (-1099 -6349 2386 ) 
4 1214 1215 (-1099 -6349 2429 ) (-1099 -6349 2436 ) (-1102 -6349 2436 ) (-1102 -6349 2429 ) 
4 1214 1216 (-1102 -6349 2386 ) (-1099 -6349 2386 ) (-1099 -6349 2397 ) (-1102 -6349 2397 ) 
4 1215 1217 (-1099 -6605 2429 ) (-1099 -6605 2436 ) (-1102 -6605 2436 ) (-1102 -6605 2429 ) 
4 1216 1218 (-1102 -6605 2386 ) (-1102 -6349 2386 ) (-1099 -6349 2386 ) (-1099 -6605 2386 ) 
4 1216 1217 (-1102 -6605 2386 ) (-1099 -6605 2386 ) (-1099 -6605 2397 ) (-1102 -6605 2397 ) 
4 1217 1218 (-1102 -7104 2386 ) (-1102 -6605 2386 ) (-1099 -6605 2386 ) (-1099 -7104 2386 ) 
4 1218 1219 (-1102 -7104 2322 ) (-1102 -6144 2322 ) (-1024 -6144 2322 ) (-1024 -7104 2322 ) 
4 1220 1224 (-1102 -7109 2441 ) (-1102 -7109 2461.250000 ) (-1107 -7109 2461.250000 ) (-1107 -7109 2441 ) 
4 1220 1221 (-1107 -7109 2441 ) (-1107 -7109 2461.250000 ) (-1107 -6144 2461.250000 ) (-1107 -6144 2441 ) 
4 1221 1224 (-1152 -7109 2290 ) (-1107 -7109 2290 ) (-1107 -7109 2461.250000 ) (-1152 -7109 2461.250000 ) 
4 1221 1223 (-1107 -7109 2290 ) (-1152 -7109 2290 ) (-1152 -6144 2290 ) (-1107 -6144 2290 ) 
4 1222 1224 (-1024 -7109 2166.750000 ) (-1024 -7109 2285 ) (-1107 -7109 2285 ) (-1107 -7109 2166.750000 ) 
4 1222 1223 (-1107 -6144 2166.750000 ) (-1107 -7109 2166.750000 ) (-1107 -7109 2285 ) (-1107 -6144 2285 ) 
4 1223 1224 (-1107 -7109 2290 ) (-1152 -7109 2290 ) (-1152 -7109 2166.750000 ) (-1107 -7109 2166.750000 ) 
4 1225 1295 (-1024 -8192 -424 ) (-1024 -8192 -524 ) (-227 -8192 -524 ) (-227 -8192 -424 ) 
4 1225 1294 (-227 -8192 -4 ) (-1024 -8192 -4 ) (-1024 -8192 -424 ) (-227 -8192 -424 ) 
4 1225 1282 (-60 -8192 -424 ) (-227 -8192 -424 ) (-227 -8192 -524 ) (-60 -8192 -524 ) 
4 1225 1281 (0 -8192 -524 ) (0 -8192 -424 ) (-60 -8192 -424 ) (-60 -8192 -524 ) 
4 1225 1280 (0 -8192 -424 ) (0 -8192 -4 ) (-227 -8192 -4 ) (-227 -8192 -424 ) 
4 1225 1278 (-1024 -7406 -524 ) (-1024 -8192 -524 ) (-1024 -8192 -4 ) (-1024 -7406 -4 ) 
4 1226 1283 (0 -8192 -2264 ) (0 -8192 -1844 ) (-227 -8192 -1844 ) (-227 -8192 -2264 ) 
4 1226 1230 (0 -8192 -2264 ) (-227 -8192 -2264 ) (-227 -7418 -2264 ) (0 -7418 -2264 ) 
4 1226 1229 (-227 -7418 -2264 ) (-227 -7318 -2264 ) (0 -7318 -2264 ) (0 -7418 -2264 ) 
4 1226 1227 (-227 -7318 -2264 ) (-227 -7168 -2264 ) (0 -7168 -2264 ) (0 -7318 -2264 ) 
4 1227 1229 (-227 -7318 -2364 ) (0 -7318 -2364 ) (0 -7318 -2264 ) (-227 -7318 -2264 ) 
4 1228 1229 (-504 -7318 -2364 ) (-404 -7318 -2364 ) (-404 -7318 -2264 ) (-504 -7318 -2264 ) 
4 1229 1230 (-227 -7418 -2364 ) (0 -7418 -2364 ) (0 -7418 -2264 ) (-227 -7418 -2264 ) 
4 1230 1283 (0 -8192 -2364 ) (0 -8192 -2264 ) (-227 -8192 -2264 ) (-227 -8192 -2364 ) 
4 1231 1284 (0 -8192 -2774 ) (0 -8192 -2394 ) (-227 -8192 -2394 ) (-227 -8192 -2774 ) 
4 1231 1235 (0 -7418 -2774 ) (0 -8192 -2774 ) (-227 -8192 -2774 ) (-227 -7418 -2774 ) 
4 1231 1234 (0 -7318 -2774 ) (0 -7418 -2774 ) (-227 -7418 -2774 ) (-227 -7318 -2774 ) 
4 1231 1232 (-227 -7168 -2774 ) (0 -7168 -2774 ) (0 -7318 -2774 ) (-227 -7318 -2774 ) 
4 1232 1234 (-227 -7318 -2874 ) (0 -7318 -2874 ) (0 -7318 -2774 ) (-227 -7318 -2774 ) 
4 1233 1234 (-504 -7318 -2874 ) (-404 -7318 -2874 ) (-404 -7318 -2774 ) (-504 -7318 -2774 ) 
4 1234 1235 (-227 -7418 -2874 ) (0 -7418 -2874 ) (0 -7418 -2774 ) (-227 -7418 -2774 ) 
4 1235 1284 (0 -8192 -2874 ) (0 -8192 -2774 ) (-227 -8192 -2774 ) (-227 -8192 -2874 ) 
4 1236 1285 (0 -8192 -3284 ) (0 -8192 -2904 ) (-227 -8192 -2904 ) (-227 -8192 -3284 ) 
4 1236 1240 (0 -8192 -3284 ) (-227 -8192 -3284 ) (-227 -7418 -3284 ) (0 -7418 -3284 ) 
4 1236 1239 (-227 -7418 -3284 ) (-227 -7318 -3284 ) (0 -7318 -3284 ) (0 -7418 -3284 ) 
4 1236 1237 (-227 -7318 -3284 ) (-227 -7168 -3284 ) (0 -7168 -3284 ) (0 -7318 -3284 ) 
4 1237 1239 (-227 -7318 -3384 ) (0 -7318 -3384 ) (0 -7318 -3284 ) (-227 -7318 -3284 ) 
4 1238 1239 (-504 -7318 -3384 ) (-404 -7318 -3384 ) (-404 -7318 -3284 ) (-504 -7318 -3284 ) 
4 1239 1240 (-227 -7418 -3384 ) (0 -7418 -3384 ) (0 -7418 -3284 ) (-227 -7418 -3284 ) 
4 1240 1285 (0 -8192 -3384 ) (0 -8192 -3284 ) (-227 -8192 -3284 ) (-227 -8192 -3384 ) 
4 1241 1286 (0 -8192 -3794 ) (0 -8192 -3414 ) (-227 -8192 -3414 ) (-227 -8192 -3794 ) 
4 1241 1245 (0 -7418 -3794 ) (0 -8192 -3794 ) (-227 -8192 -3794 ) (-227 -7418 -3794 ) 
4 1241 1244 (0 -7318 -3794 ) (0 -7418 -3794 ) (-227 -7418 -3794 ) (-227 -7318 -3794 ) 
4 1241 1242 (-227 -7168 -3794 ) (0 -7168 -3794 ) (0 -7318 -3794 ) (-227 -7318 -3794 ) 
4 1242 1244 (-227 -7318 -3894 ) (0 -7318 -3894 ) (0 -7318 -3794 ) (-227 -7318 -3794 ) 
4 1243 1244 (-504 -7318 -3894 ) (-404 -7318 -3894 ) (-404 -7318 -3794 ) (-504 -7318 -3794 ) 
4 1244 1245 (-227 -7418 -3894 ) (0 -7418 -3894 ) (0 -7418 -3794 ) (-227 -7418 -3794 ) 
4 1245 1286 (0 -8192 -3894 ) (0 -8192 -3794 ) (-227 -8192 -3794 ) (-227 -8192 -3894 ) 
4 1246 1287 (0 -8192 -4304 ) (0 -8192 -3924 ) (-227 -8192 -3924 ) (-227 -8192 -4304 ) 
4 1246 1250 (0 -8192 -4304 ) (-227 -8192 -4304 ) (-227 -7418 -4304 ) (0 -7418 -4304 ) 
4 1246 1249 (-227 -7418 -4304 ) (-227 -7318 -4304 ) (0 -7318 -4304 ) (0 -7418 -4304 ) 
4 1246 1247 (-227 -7318 -4304 ) (-227 -7168 -4304 ) (0 -7168 -4304 ) (0 -7318 -4304 ) 
4 1247 1249 (-227 -7318 -4404 ) (0 -7318 -4404 ) (0 -7318 -4304 ) (-227 -7318 -4304 ) 
4 1248 1249 (-504 -7318 -4404 ) (-404 -7318 -4404 ) (-404 -7318 -4304 ) (-504 -7318 -4304 ) 
4 1249 1250 (-227 -7418 -4404 ) (0 -7418 -4404 ) (0 -7418 -4304 ) (-227 -7418 -4304 ) 
4 1250 1287 (0 -8192 -4404 ) (0 -8192 -4304 ) (-227 -8192 -4304 ) (-227 -8192 -4404 ) 
4 1251 1288 (0 -8192 -4814 ) (0 -8192 -4434 ) (-227 -8192 -4434 ) (-227 -8192 -4814 ) 
4 1251 1255 (0 -7418 -4814 ) (0 -8192 -4814 ) (-227 -8192 -4814 ) (-227 -7418 -4814 ) 
4 1251 1254 (0 -7318 -4814 ) (0 -7418 -4814 ) (-227 -7418 -4814 ) (-227 -7318 -4814 ) 
4 1251 1252 (-227 -7168 -4814 ) (0 -7168 -4814 ) (0 -7318 -4814 ) (-227 -7318 -4814 ) 
4 1252 1254 (-227 -7318 -4914 ) (0 -7318 -4914 ) (0 -7318 -4814 ) (-227 -7318 -4814 ) 
4 1253 1254 (-504 -7318 -4914 ) (-404 -7318 -4914 ) (-404 -7318 -4814 ) (-504 -7318 -4814 ) 
4 1254 1255 (-227 -7418 -4914 ) (0 -7418 -4914 ) (0 -7418 -4814 ) (-227 -7418 -4814 ) 
4 1255 1288 (0 -8192 -4914 ) (0 -8192 -4814 ) (-227 -8192 -4814 ) (-227 -8192 -4914 ) 
4 1256 1289 (0 -8192 -5324 ) (0 -8192 -4944 ) (-227 -8192 -4944 ) (-227 -8192 -5324 ) 
4 1256 1260 (0 -7418 -5324 ) (0 -8192 -5324 ) (-227 -8192 -5324 ) (-227 -7418 -5324 ) 
4 1256 1259 (0 -7318 -5324 ) (0 -7418 -5324 ) (-227 -7418 -5324 ) (-227 -7318 -5324 ) 
4 1256 1257 (-227 -7168 -5324 ) (0 -7168 -5324 ) (0 -7318 -5324 ) (-227 -7318 -5324 ) 
4 1257 1259 (-227 -7318 -5424 ) (0 -7318 -5424 ) (0 -7318 -5324 ) (-227 -7318 -5324 ) 
4 1258 1259 (-504 -7318 -5424 ) (-404 -7318 -5424 ) (-404 -7318 -5324 ) (-504 -7318 -5324 ) 
4 1259 1260 (-227 -7418 -5424 ) (0 -7418 -5424 ) (0 -7418 -5324 ) (-227 -7418 -5324 ) 
4 1260 1289 (0 -8192 -5424 ) (0 -8192 -5324 ) (-227 -8192 -5324 ) (-227 -8192 -5424 ) 
4 1261 1290 (0 -8192 -5834 ) (0 -8192 -5454 ) (-227 -8192 -5454 ) (-227 -8192 -5834 ) 
4 1261 1265 (0 -8192 -5834 ) (-227 -8192 -5834 ) (-227 -7418 -5834 ) (0 -7418 -5834 ) 
4 1261 1264 (-227 -7418 -5834 ) (-227 -7318 -5834 ) (0 -7318 -5834 ) (0 -7418 -5834 ) 
4 1261 1262 (-227 -7318 -5834 ) (-227 -7168 -5834 ) (0 -7168 -5834 ) (0 -7318 -5834 ) 
4 1262 1264 (-227 -7318 -5934 ) (0 -7318 -5934 ) (0 -7318 -5834 ) (-227 -7318 -5834 ) 
4 1263 1264 (-504 -7318 -5934 ) (-404 -7318 -5934 ) (-404 -7318 -5834 ) (-504 -7318 -5834 ) 
4 1264 1265 (-227 -7418 -5934 ) (0 -7418 -5934 ) (0 -7418 -5834 ) (-227 -7418 -5834 ) 
4 1265 1290 (0 -8192 -5934 ) (0 -8192 -5834 ) (-227 -8192 -5834 ) (-227 -8192 -5934 ) 
4 1266 1291 (0 -8192 -6594 ) (0 -8192 -5964 ) (-227 -8192 -5964 ) (-227 -8192 -6594 ) 
4 1266 1270 (0 -7418 -6594 ) (0 -8192 -6594 ) (-227 -8192 -6594 ) (-227 -7418 -6594 ) 
4 1266 1269 (0 -7318 -6594 ) (0 -7418 -6594 ) (-227 -7418 -6594 ) (-227 -7318 -6594 ) 
4 1266 1267 (-227 -7168 -6594 ) (0 -7168 -6594 ) (0 -7318 -6594 ) (-227 -7318 -6594 ) 
4 1267 1269 (-227 -7318 -6694 ) (0 -7318 -6694 ) (0 -7318 -6594 ) (-227 -7318 -6594 ) 
4 1268 1269 (-504 -7318 -6694 ) (-404 -7318 -6694 ) (-404 -7318 -6594 ) (-504 -7318 -6594 ) 
4 1269 1270 (-227 -7418 -6694 ) (0 -7418 -6694 ) (0 -7418 -6594 ) (-227 -7418 -6594 ) 
4 1270 1291 (0 -8192 -6694 ) (0 -8192 -6594 ) (-227 -8192 -6594 ) (-227 -8192 -6694 ) 
4 1271 1292 (0 -8192 -7104 ) (0 -8192 -6724 ) (-227 -8192 -6724 ) (-227 -8192 -7104 ) 
4 1271 1275 (0 -8192 -7104 ) (-227 -8192 -7104 ) (-227 -7418 -7104 ) (0 -7418 -7104 ) 
4 1271 1274 (-227 -7418 -7104 ) (-227 -7318 -7104 ) (0 -7318 -7104 ) (0 -7418 -7104 ) 
4 1271 1272 (-227 -7318 -7104 ) (-227 -7168 -7104 ) (0 -7168 -7104 ) (0 -7318 -7104 ) 
4 1272 1274 (-227 -7318 -7204 ) (0 -7318 -7204 ) (0 -7318 -7104 ) (-227 -7318 -7104 ) 
4 1273 1274 (-504 -7318 -7204 ) (-404 -7318 -7204 ) (-404 -7318 -7104 ) (-504 -7318 -7104 ) 
4 1274 1275 (-227 -7418 -7204 ) (0 -7418 -7204 ) (0 -7418 -7104 ) (-227 -7418 -7104 ) 
4 1275 1292 (0 -8192 -7204 ) (0 -8192 -7104 ) (-227 -8192 -7104 ) (-227 -8192 -7204 ) 
4 1276 1293 (0 -8192 -7702 ) (0 -8192 -7234 ) (-227 -8192 -7234 ) (-227 -8192 -7702 ) 
4 1276 1277 (0 -8192 -7702 ) (-227 -8192 -7702 ) (-227 -7168 -7702 ) (0 -7168 -7702 ) 
4 1277 1296 (0 -8192 -7814 ) (0 -8192 -7702 ) (-227 -8192 -7702 ) (-227 -8192 -7814 ) 
4 1278 1298 (-1024 -8192 -524 ) (-1024 -8192 -424 ) (-2048 -8192 -424 ) (-2048 -8192 -524 ) 
4 1278 1297 (-1024 -8192 -424 ) (-1024 -8192 -4 ) (-2048 -8192 -4 ) (-2048 -8192 -424 ) 
4 1278 1279 (-2048 -8192 -524 ) (-2048 -8192 -4 ) (-2048 -7406 -4 ) (-2048 -7406 -524 ) 
4 1279 1301 (-2048 -8192 -524 ) (-2048 -8192 -424 ) (-2404 -8192 -424 ) (-2404 -8192 -524 ) 
4 1279 1300 (-2048 -8192 -424 ) (-2048 -8192 -4 ) (-2404 -8192 -4 ) (-2404 -8192 -424 ) 
4 1280 1294 (-227 -8192 -4 ) (-227 -8192 -424 ) (-227 -8906 -424 ) (-227 -8906 -4 ) 
4 1280 1282 (-227 -8906 -424 ) (-227 -8192 -424 ) (-60 -8192 -424 ) (-60 -8906 -424 ) 
4 1280 1281 (-60 -8192 -424 ) (0 -8192 -424 ) (0 -8906 -424 ) (-60 -8906 -424 ) 
4 1281 1299 (0 -9216 -524 ) (0 -9216 -424 ) (-60 -9216 -424 ) (-60 -9216 -524 ) 
4 1281 1282 (-60 -8192 -524 ) (-60 -8906 -524 ) (-60 -8906 -424 ) (-60 -8192 -424 ) 
4 1282 1295 (-227 -8192 -424 ) (-227 -8192 -524 ) (-227 -8906 -524 ) (-227 -8906 -424 ) 
4 1293 1296 (-227 -8208 -7702 ) (-227 -8192 -7702 ) (0 -8192 -7702 ) (0 -8208 -7702 ) 
4 1294 1297 (-1024 -8192 -4 ) (-1024 -8192 -424 ) (-1024 -8906 -424 ) (-1024 -8906 -4 ) 
4 1294 1295 (-1024 -8906 -424 ) (-1024 -8192 -424 ) (-227 -8192 -424 ) (-227 -8906 -424 ) 
4 1295 1298 (-1024 -8192 -424 ) (-1024 -8192 -524 ) (-1024 -8906 -524 ) (-1024 -8906 -424 ) 
4 1297 1300 (-2048 -8192 -4 ) (-2048 -8192 -424 ) (-2048 -8906 -424 ) (-2048 -8906 -4 ) 
4 1297 1298 (-2048 -8192 -424 ) (-1024 -8192 -424 ) (-1024 -8906 -424 ) (-2048 -8906 -424 ) 
4 1298 1301 (-2048 -8192 -424 ) (-2048 -8192 -524 ) (-2048 -8906 -524 ) (-2048 -8906 -424 ) 
4 1300 1301 (-2404 -8906 -424 ) (-2404 -8192 -424 ) (-2048 -8192 -424 ) (-2048 -8906 -424 ) 
4 1302 1306 (-8192 -3072 59 ) (-8192 -3072 9978.230469 ) (-9216 -3072 9978.230469 ) (-9216 -3072 59 ) 
4 1302 1304 (-9216 -2048 9978.230469 ) (-9216 -2048 59 ) (-9216 -3072 59 ) (-9216 -3072 9978.230469 ) 
4 1303 1307 (-8192 -3072 -1443 ) (-8192 -3072 29 ) (-9216 -3072 29 ) (-9216 -3072 -1443 ) 
4 1303 1305 (-9216 -2048 29 ) (-9216 -2048 -1443 ) (-9216 -3072 -1443 ) (-9216 -3072 29 ) 
4 1304 1310 (-10240 -2048 9978.230469 ) (-10240 -2048 59 ) (-10240 -3072 59 ) (-10240 -3072 9978.230469 ) 
4 1304 1308 (-9216 -3072 59 ) (-9216 -3072 9978.230469 ) (-10240 -3072 9978.230469 ) (-10240 -3072 59 ) 
4 1305 1311 (-10240 -2048 29 ) (-10240 -2048 -1443 ) (-10240 -3072 -1443 ) (-10240 -3072 29 ) 
4 1305 1309 (-9216 -3072 -1443 ) (-9216 -3072 29 ) (-10240 -3072 29 ) (-10240 -3072 -1443 ) 
4 1306 1318 (-8192 -4096 59 ) (-8192 -4096 9978.230469 ) (-9216 -4096 9978.230469 ) (-9216 -4096 59 ) 
4 1306 1308 (-9216 -3072 9978.230469 ) (-9216 -3072 59 ) (-9216 -4096 59 ) (-9216 -4096 9978.230469 ) 
4 1307 1319 (-8192 -4096 -1443 ) (-8192 -4096 29 ) (-9216 -4096 29 ) (-9216 -4096 -1443 ) 
4 1307 1309 (-9216 -3072 29 ) (-9216 -3072 -1443 ) (-9216 -4096 -1443 ) (-9216 -4096 29 ) 
4 1308 1325 (-9216 -4096 59 ) (-9216 -4096 174.903000 ) (-10240 -4096 174.903000 ) (-10240 -4096 59 ) 
4 1308 1321 (-9216 -4096 174.903000 ) (-9216 -4096 177.903000 ) (-10240 -4096 177.903000 ) (-10240 -4096 174.903000 ) 
4 1308 1320 (-9216 -4096 177.903000 ) (-9216 -4096 9978.230469 ) (-10240 -4096 9978.230469 ) (-10240 -4096 177.903000 ) 
4 1308 1314 (-10240 -4096 59 ) (-10240 -4096 9978.230469 ) (-10240 -3072 9978.230469 ) (-10240 -3072 59 ) 
4 1309 1407 (-9545 -4096 -1393 ) (-10240 -4096 -1393 ) (-10240 -4096 -1443 ) (-9545 -4096 -1443 ) 
4 1309 1405 (-9511 -4096 -1393 ) (-9545 -4096 -1393 ) (-9545 -4096 -1443 ) (-9511 -4096 -1443 ) 
4 1309 1404 (-9216 -4096 -1443 ) (-9216 -4096 -1393 ) (-9511 -4096 -1393 ) (-9511 -4096 -1443 ) 
4 1309 1329 (-9545 -4096 -1378 ) (-10240 -4096 -1378 ) (-10240 -4096 -1393 ) (-9545 -4096 -1393 ) 
4 1309 1328 (-9511 -4096 -1378 ) (-9545 -4096 -1378 ) (-9545 -4096 -1393 ) (-9511 -4096 -1393 ) 
4 1309 1327 (-9216 -4096 -1393 ) (-9216 -4096 -1378 ) (-9511 -4096 -1378 ) (-9511 -4096 -1393 ) 
4 1309 1326 (-9216 -4096 -1378 ) (-9216 -4096 29 ) (-10240 -4096 29 ) (-10240 -4096 -1378 ) 
4 1309 1315 (-10240 -4096 -1443 ) (-10240 -4096 29 ) (-10240 -3072 29 ) (-10240 -3072 -1443 ) 
4 1310 1314 (-10240 -3072 59 ) (-10240 -3072 9978.230469 ) (-11264 -3072 9978.230469 ) (-11264 -3072 59 ) 
4 1310 1312 (-11264 -2048 9978.230469 ) (-11264 -2048 59 ) (-11264 -3072 59 ) (-11264 -3072 9978.230469 ) 
4 1311 1315 (-10240 -3072 -1443 ) (-10240 -3072 29 ) (-11264 -3072 29 ) (-11264 -3072 -1443 ) 
4 1311 1313 (-11264 -2048 29 ) (-11264 -2048 -1443 ) (-11264 -3072 -1443 ) (-11264 -3072 29 ) 
4 1312 1429 (-12288 -2048 9978.230469 ) (-12288 -2048 59 ) (-12288 -3072 59 ) (-12288 -3072 9978.230469 ) 
4 1312 1316 (-11264 -3072 59 ) (-11264 -3072 9978.230469 ) (-12288 -3072 9978.230469 ) (-12288 -3072 59 ) 
4 1313 1430 (-12288 -2048 29 ) (-12288 -2048 -1443 ) (-12288 -3072 -1443 ) (-12288 -3072 29 ) 
4 1313 1317 (-11264 -3072 -1443 ) (-11264 -3072 29 ) (-12288 -3072 29 ) (-12288 -3072 -1443 ) 
4 1314 1413 (-10243.400391 -4096 9978.230469 ) (-11264 -4096 9978.230469 ) (-11264 -4096 59 ) (-10243.400391 -4096 59 ) 
4 1314 1410 (-10240 -4096 59 ) (-10240 -4096 9978.230469 ) (-10243.400391 -4096 9978.230469 ) (-10243.400391 -4096 59 ) 
4 1314 1316 (-11264 -3072 9978.230469 ) (-11264 -3072 59 ) (-11264 -4096 59 ) (-11264 -4096 9978.230469 ) 
4 1315 1424 (-10545 -4096 -1393 ) (-10575 -4096 -1393 ) (-10575 -4096 -1443 ) (-10545 -4096 -1443 ) 
4 1315 1426 (-10575 -4096 -1393 ) (-11264 -4096 -1393 ) (-11264 -4096 -1443 ) (-10575 -4096 -1443 ) 
4 1315 1421 (-10240 -4096 -1443 ) (-10240 -4096 -1393 ) (-10545 -4096 -1393 ) (-10545 -4096 -1443 ) 
4 1315 1418 (-10545 -4096 -1378 ) (-10575 -4096 -1378 ) (-10575 -4096 -1393 ) (-10545 -4096 -1393 ) 
4 1315 1420 (-10575 -4096 -1378 ) (-11264 -4096 -1378 ) (-11264 -4096 -1393 ) (-10575 -4096 -1393 ) 
4 1315 1415 (-10240 -4096 -1393 ) (-10240 -4096 -1378 ) (-10545 -4096 -1378 ) (-10545 -4096 -1393 ) 
4 1315 1414 (-10240 -4096 -1378 ) (-10240 -4096 29 ) (-11264 -4096 29 ) (-11264 -4096 -1378 ) 
4 1315 1317 (-11264 -3072 29 ) (-11264 -3072 -1443 ) (-11264 -4096 -1443 ) (-11264 -4096 29 ) 
4 1316 1433 (-12288 -4096 59 ) (-12288 -4096 9978.230469 ) (-12288 -3072 9978.230469 ) (-12288 -3072 59 ) 
4 1316 1427 (-11264 -4096 59 ) (-11264 -4096 9978.230469 ) (-12288 -4096 9978.230469 ) (-12288 -4096 59 ) 
4 1317 1434 (-12288 -4096 -1443 ) (-12288 -4096 29 ) (-12288 -3072 29 ) (-12288 -3072 -1443 ) 
4 1317 1428 (-11264 -4096 -1443 ) (-11264 -4096 29 ) (-12288 -4096 29 ) (-12288 -4096 -1443 ) 
4 1318 1390 (-9216 -4907.540039 59 ) (-9216 -5007.540039 59 ) (-9216 -5007.540039 74 ) (-9216 -4907.540039 74 ) 
4 1318 1389 (-9216 -4888 59 ) (-9216 -4907.540039 59 ) (-9216 -4907.540039 74 ) (-9216 -4888 74 ) 
4 1318 1391 (-9216 -5007.540039 59 ) (-9216 -5120 59 ) (-9216 -5120 74 ) (-9216 -5007.540039 74 ) 
4 1318 1350 (-9216 -5120 74 ) (-9216 -5120 174.903000 ) (-9216 -4888 174.903000 ) (-9216 -4888 74 ) 
4 1318 1340 (-9216 -4885 59 ) (-9216 -4888 59 ) (-9216 -4888 133.192993 ) (-9216 -4885 133.192993 ) 
4 1318 1333 (-9216 -4888 133.192993 ) (-9216 -4888 139.964020 ) (-9216 -4885 139.964020 ) (-9216 -4885 133.192993 ) 
4 1318 1331 (-9216 -4888 139.964020 ) (-9216 -4888 174.903000 ) (-9216 -4885 174.903000 ) (-9216 -4885 139.964020 ) 
4 1318 1325 (-9216 -4096 174.903000 ) (-9216 -4096 59 ) (-9216 -4885 59 ) (-9216 -4885 174.903000 ) 
4 1318 1323 (-9216 -4885 174.903000 ) (-9216 -5029 174.903000 ) (-9216 -5029 177.903000 ) (-9216 -4885 177.903000 ) 
4 1318 1321 (-9216 -4096 177.903000 ) (-9216 -4096 174.903000 ) (-9216 -4885 174.903000 ) (-9216 -4885 177.903000 ) 
4 1318 1324 (-9216 -5029 174.903000 ) (-9216 -5120 174.903000 ) (-9216 -5120 177.903000 ) (-9216 -5029 177.903000 ) 
4 1318 1320 (-9216 -4096 9978.230469 ) (-9216 -4096 177.903000 ) (-9216 -5120 177.903000 ) (-9216 -5120 9978.230469 ) 
4 1319 1404 (-9216 -4096 -1393 ) (-9216 -4096 -1443 ) (-9216 -5120 -1443 ) (-9216 -5120 -1393 ) 
4 1319 1400 (-9216 -4888 -1393 ) (-9216 -5120 -1393 ) (-9216 -5120 -1378 ) (-9216 -4888 -1378 ) 
4 1319 1399 (-9216 -5120 -1378 ) (-9216 -5120 29 ) (-9216 -4888 29 ) (-9216 -4888 -1378 ) 
4 1319 1348 (-9216 -4885 -1393 ) (-9216 -4888 -1393 ) (-9216 -4888 -1378 ) (-9216 -4885 -1378 ) 
4 1319 1347 (-9216 -4888 -1378 ) (-9216 -4888 29 ) (-9216 -4885 29 ) (-9216 -4885 -1378 ) 
4 1319 1327 (-9216 -4096 -1378 ) (-9216 -4096 -1393 ) (-9216 -4885 -1393 ) (-9216 -4885 -1378 ) 
4 1319 1326 (-9216 -4096 29 ) (-9216 -4096 -1378 ) (-9216 -4885 -1378 ) (-9216 -4885 29 ) 
4 1320 1412 (-10240 -5007.459961 177.903000 ) (-10240 -5120 177.903000 ) (-10240 -5120 9978.230469 ) (-10240 -5007.459961 9978.230469 ) 
4 1320 1411 (-10240 -4907.459961 177.903000 ) (-10240 -5007.459961 177.903000 ) (-10240 -5007.459961 9978.230469 ) (-10240 -4907.459961 9978.230469 ) 
4 1320 1410 (-10240 -4096 9978.230469 ) (-10240 -4096 177.903000 ) (-10240 -4907.459961 177.903000 ) (-10240 -4907.459961 9978.230469 ) 
4 1320 1323 (-9216 -4885 177.903000 ) (-9216 -5029 177.903000 ) (-10016.900391 -5029 177.903000 ) (-10016.900391 -4885 177.903000 ) 
4 1320 1322 (-10073.099609 -5029 177.903000 ) (-10240 -5029 177.903000 ) (-10240 -4885 177.903000 ) (-10073.099609 -4885 177.903000 ) 
4 1320 1321 (-10240 -4096 177.903000 ) (-9216 -4096 177.903000 ) (-9216 -4885 177.903000 ) (-10240 -4885 177.903000 ) 
4 1320 1324 (-9216 -5029 177.903000 ) (-9216 -5120 177.903000 ) (-10240 -5120 177.903000 ) (-10240 -5029 177.903000 ) 
4 1321 1410 (-10240 -4096 177.903000 ) (-10240 -4096 174.903000 ) (-10240 -4885 174.903000 ) (-10240 -4885 177.903000 ) 
4 1321 1325 (-10240 -4885 174.903000 ) (-10240 -4096 174.903000 ) (-9216 -4096 174.903000 ) (-9216 -4885 174.903000 ) 
4 1321 1323 (-10013.298828 -4885 174.903000 ) (-9216 -4885 174.903000 ) (-9216 -4885 177.903000 ) (-10016.900391 -4885 177.903000 ) 
4 1321 1322 (-10240 -4885 174.903000 ) (-10076.700195 -4885 174.903000 ) (-10073.099609 -4885 177.903000 ) (-10240 -4885 177.903000 ) 
4 1322 1412 (-10240 -5007.459961 174.903000 ) (-10240 -5029 174.903000 ) (-10240 -5029 177.903000 ) (-10240 -5007.459961 177.903000 ) 
4 1322 1411 (-10240 -4907.459961 174.903000 ) (-10240 -5007.459961 174.903000 ) (-10240 -5007.459961 177.903000 ) (-10240 -4907.459961 177.903000 ) 
4 1322 1410 (-10240 -4885 174.903000 ) (-10240 -4907.459961 174.903000 ) (-10240 -4907.459961 177.903000 ) (-10240 -4885 177.903000 ) 
4 1322 1387 (-10240 -5007.459961 174.903000 ) (-10240 -4907.459961 174.903000 ) (-10238.400391 -4907.459961 174.903000 ) (-10238.400391 -5007.459961 174.903000 ) 
4 1322 1386 (-10240 -4907.459961 174.903000 ) (-10240 -4888 174.903000 ) (-10238.400391 -4888 174.903000 ) (-10238.400391 -4907.459961 174.903000 ) 
4 1322 1388 (-10240 -5029 174.903000 ) (-10240 -5007.459961 174.903000 ) (-10238.400391 -5007.459961 174.903000 ) (-10238.400391 -5029 174.903000 ) 
4 1322 1382 (-10238.400391 -4888 174.903000 ) (-10148.400391 -4888 174.903000 ) (-10148.400391 -5029 174.903000 ) (-10238.400391 -5029 174.903000 ) 
4 1322 1380 (-10143.400391 -4907.459961 174.903000 ) (-10143.400391 -5007.459961 174.903000 ) (-10148.400391 -5007.459961 174.903000 ) (-10148.400391 -4907.459961 174.903000 ) 
4 1322 1379 (-10148.400391 -4888 174.903000 ) (-10143.400391 -4888 174.903000 ) (-10143.400391 -4907.459961 174.903000 ) (-10148.400391 -4907.459961 174.903000 ) 
4 1322 1381 (-10143.400391 -5007.459961 174.903000 ) (-10143.400391 -5029 174.903000 ) (-10148.400391 -5029 174.903000 ) (-10148.400391 -5007.459961 174.903000 ) 
4 1322 1376 (-10113 -4888 174.903000 ) (-10110 -4888 174.903000 ) (-10110 -5029 174.903000 ) (-10113 -5029 174.903000 ) 
4 1322 1378 (-10143.400391 -4888 174.903000 ) (-10113 -4888 174.903000 ) (-10113 -5029 174.903000 ) (-10143.400391 -5029 174.903000 ) 
4 1322 1374 (-10076.700195 -5026 174.903000 ) (-10076.700195 -5029 174.903000 ) (-10100.535156 -5029 174.903000 ) (-10100.535156 -5026 174.903000 ) 
4 1322 1372 (-10100.535156 -5029 174.903000 ) (-10110 -5029 174.903000 ) (-10110 -5026 174.903000 ) (-10100.535156 -5026 174.903000 ) 
4 1322 1370 (-10077.025391 -4888 174.903000 ) (-10076.700195 -4888 174.903000 ) (-10076.700195 -5026 174.903000 ) (-10077.021484 -5026 174.903000 ) 
4 1322 1366 (-10100.539062 -4888 174.903000 ) (-10077.025391 -4888 174.903000 ) (-10077.021484 -5026 174.903000 ) (-10100.538086 -5026 174.903000 ) 
4 1322 1364 (-10110 -4888 174.903000 ) (-10100.539062 -4888 174.903000 ) (-10100.538086 -5026 174.903000 ) (-10110 -5026 174.903000 ) 
4 1322 1338 (-10100.414062 -4885 174.903000 ) (-10076.700195 -4885 174.903000 ) (-10076.700195 -4888 174.903000 ) (-10100.414062 -4888 174.903000 ) 
4 1322 1337 (-10240 -4888 174.903000 ) (-10240 -4885 174.903000 ) (-10100.414062 -4885 174.903000 ) (-10100.414062 -4888 174.903000 ) 
4 1322 1324 (-10240 -5029 174.903000 ) (-10076.700195 -5029 174.903000 ) (-10073.099609 -5029 177.903000 ) (-10240 -5029 177.903000 ) 
4 1323 1371 (-9980 -5029 174.903000 ) (-10013.298828 -5029 174.903000 ) (-10013.298828 -5026 174.903000 ) (-9980 -5026 174.903000 ) 
4 1323 1369 (-10013.298828 -5026 174.903000 ) (-10013.298828 -4888 174.903000 ) (-10013.001953 -4888 174.903000 ) (-10013 -5026 174.903000 ) 
4 1323 1367 (-10013.001953 -4888 174.903000 ) (-9989.459961 -4888 174.903000 ) (-9989.459961 -5026 174.903000 ) (-10013 -5026 174.903000 ) 
4 1323 1365 (-9989.459961 -4888 174.903000 ) (-9980 -4888 174.903000 ) (-9980 -5026 174.903000 ) (-9989.459961 -5026 174.903000 ) 
4 1323 1362 (-9977 -5029 174.903000 ) (-9980 -5029 174.903000 ) (-9980 -4888 174.903000 ) (-9977 -4888 174.903000 ) 
4 1323 1359 (-9952.780273 -5007.540039 174.903000 ) (-9952.780273 -4907.540039 174.903000 ) (-9947.780273 -4907.540039 174.903000 ) (-9947.780273 -5007.540039 174.903000 ) 
4 1323 1358 (-9952.780273 -4907.540039 174.903000 ) (-9952.780273 -4888 174.903000 ) (-9947.780273 -4888 174.903000 ) (-9947.780273 -4907.540039 174.903000 ) 
4 1323 1360 (-9947.780273 -5029 174.903000 ) (-9952.780273 -5029 174.903000 ) (-9952.780273 -5007.540039 174.903000 ) (-9947.780273 -5007.540039 174.903000 ) 
4 1323 1361 (-9952.780273 -5029 174.903000 ) (-9977 -5029 174.903000 ) (-9977 -4888 174.903000 ) (-9952.780273 -4888 174.903000 ) 
4 1323 1354 (-9857.780273 -5029 174.903000 ) (-9947.780273 -5029 174.903000 ) (-9947.780273 -4888 174.903000 ) (-9857.780273 -4888 174.903000 ) 
4 1323 1352 (-9857.780273 -5007.540039 174.903000 ) (-9857.780273 -4907.540039 174.903000 ) (-9852.780273 -4907.540039 174.903000 ) (-9852.780273 -5007.540039 174.903000 ) 
4 1323 1351 (-9857.780273 -4907.540039 174.903000 ) (-9857.780273 -4888 174.903000 ) (-9852.780273 -4888 174.903000 ) (-9852.780273 -4907.540039 174.903000 ) 
4 1323 1353 (-9852.780273 -5029 174.903000 ) (-9857.780273 -5029 174.903000 ) (-9857.780273 -5007.540039 174.903000 ) (-9852.780273 -5007.540039 174.903000 ) 
4 1323 1350 (-9216 -4888 174.903000 ) (-9216 -5029 174.903000 ) (-9852.780273 -5029 174.903000 ) (-9852.780273 -4888 174.903000 ) 
4 1323 1331 (-10013.298828 -4885 174.903000 ) (-9216 -4885 174.903000 ) (-9216 -4888 174.903000 ) (-10013.298828 -4888 174.903000 ) 
4 1323 1324 (-10013.298828 -5029 174.903000 ) (-9216 -5029 174.903000 ) (-9216 -5029 177.903000 ) (-10016.900391 -5029 177.903000 ) 
4 1324 1412 (-10240 -5029 174.903000 ) (-10240 -5120 174.903000 ) (-10240 -5120 177.903000 ) (-10240 -5029 177.903000 ) 
4 1324 1388 (-10238.400391 -5120 174.903000 ) (-10240 -5120 174.903000 ) (-10240 -5029 174.903000 ) (-10238.400391 -5029 174.903000 ) 
4 1324 1382 (-10148.400391 -5120 174.903000 ) (-10238.400391 -5120 174.903000 ) (-10238.400391 -5029 174.903000 ) (-10148.400391 -5029 174.903000 ) 
4 1324 1381 (-10143.400391 -5120 174.903000 ) (-10148.400391 -5120 174.903000 ) (-10148.400391 -5029 174.903000 ) (-10143.400391 -5029 174.903000 ) 
4 1324 1377 (-10110 -5120 174.903000 ) (-10113 -5120 174.903000 ) (-10113 -5029 174.903000 ) (-10110 -5029 174.903000 ) 
4 1324 1378 (-10113 -5120 174.903000 ) (-10143.400391 -5120 174.903000 ) (-10143.400391 -5029 174.903000 ) (-10113 -5029 174.903000 ) 
4 1324 1375 (-9980 -5120 174.903000 ) (-10110 -5120 174.903000 ) (-10110 -5029 174.903000 ) (-9980 -5029 174.903000 ) 
4 1324 1363 (-9977 -5120 174.903000 ) (-9980 -5120 174.903000 ) (-9980 -5029 174.903000 ) (-9977 -5029 174.903000 ) 
4 1324 1360 (-9947.780273 -5120 174.903000 ) (-9952.780273 -5120 174.903000 ) (-9952.780273 -5029 174.903000 ) (-9947.780273 -5029 174.903000 ) 
4 1324 1361 (-9952.780273 -5120 174.903000 ) (-9977 -5120 174.903000 ) (-9977 -5029 174.903000 ) (-9952.780273 -5029 174.903000 ) 
4 1324 1354 (-9857.780273 -5120 174.903000 ) (-9947.780273 -5120 174.903000 ) (-9947.780273 -5029 174.903000 ) (-9857.780273 -5029 174.903000 ) 
4 1324 1353 (-9852.780273 -5120 174.903000 ) (-9857.780273 -5120 174.903000 ) (-9857.780273 -5029 174.903000 ) (-9852.780273 -5029 174.903000 ) 
4 1324 1350 (-9216 -5120 174.903000 ) (-9852.780273 -5120 174.903000 ) (-9852.780273 -5029 174.903000 ) (-9216 -5029 174.903000 ) 
4 1325 1410 (-10240 -4096 174.903000 ) (-10240 -4096 59 ) (-10240 -4885 59 ) (-10240 -4885 174.903000 ) 
4 1325 1345 (-10110 -4885 133.192993 ) (-10113 -4885 133.192993 ) (-10113 -4885 115.004745 ) (-10110 -4885 129.539886 ) 
4 1325 1346 (-10113 -4885 133.192993 ) (-10240 -4885 133.192993 ) (-10240 -4885 59 ) (-10113 -4885 59 ) 
3 1325 1344 (-10109.200195 -4885 133.192993 ) (-10110 -4885 133.192993 ) (-10110 -4885 129.535461 ) 
4 1325 1343 (-10013 -4885 133.192993 ) (-10077 -4885 133.192993 ) (-10077 -4885 59 ) (-10013 -4885 59 ) 
3 1325 1342 (-9980 -4885 133.192993 ) (-9980.799805 -4885 133.192993 ) (-9980 -4885 129.531631 ) 
4 1325 1341 (-9977 -4885 133.192993 ) (-9980 -4885 133.192993 ) (-9980 -4885 129.552948 ) (-9977 -4885 115.007294 ) 
4 1325 1340 (-9216 -4885 59 ) (-9216 -4885 133.192993 ) (-9977 -4885 133.192993 ) (-9977 -4885 59 ) 
4 1325 1339 (-10240 -4885 139.891022 ) (-10240 -4885 133.192993 ) (-10109.199219 -4885 133.192993 ) (-10107.900391 -4885 139.891022 ) 
3 1325 1338 (-10076.823242 -4885 174.903000 ) (-10100.414062 -4885 174.903000 ) (-10105.500000 -4885 151.116730 ) 
4 1325 1337 (-10100.414062 -4885 174.903000 ) (-10240 -4885 174.903000 ) (-10240 -4885 139.891022 ) (-10107.900391 -4885 139.891022 ) 
8 1325 1334 (-10051.673828 -4885 169.067001 ) (-10059.599609 -4885 159.950867 ) (-10059.599609 -4885 147.892807 ) (-10050.485352 -4885 139.964020 ) (-10038.375977 -4885 139.964020 ) (-10030.400391 -4885 149.058441 ) (-10030.400391 -4885 161.078232 ) (-10039.572266 -4885 169.067001 ) 
4 1325 1333 (-9216 -4885 133.192993 ) (-9216 -4885 139.964020 ) (-9982.190430 -4885 139.964020 ) (-9980.799805 -4885 133.192993 ) 
3 1325 1332 (-9982.192383 -4885 139.964020 ) (-9971.054688 -4885 139.964020 ) (-9984.499023 -4885 151.105988 ) 
4 1325 1331 (-9216 -4885 139.964020 ) (-9216 -4885 174.903000 ) (-10013.212891 -4885 174.903000 ) (-9971.054688 -4885 139.964020 ) 
4 1326 1414 (-10240 -4096 29 ) (-10240 -4096 -1378 ) (-10240 -4885 -1378 ) (-10240 -4885 29 ) 
4 1326 1347 (-9216 -4885 -1378 ) (-9216 -4885 29 ) (-10240 -4885 29 ) (-10240 -4885 -1378 ) 
4 1326 1329 (-10240 -4425 -1378 ) (-10240 -4096 -1378 ) (-9545 -4096 -1378 ) (-9545 -4425 -1378 ) 
4 1326 1330 (-9545 -4885 -1378 ) (-10240 -4885 -1378 ) (-10240 -4457 -1378 ) (-9545 -4457 -1378 ) 
4 1326 1328 (-9545 -4425 -1378 ) (-9545 -4096 -1378 ) (-9511 -4096 -1378 ) (-9511 -4425 -1378 ) 
4 1326 1327 (-9216 -4885 -1378 ) (-9511 -4885 -1378 ) (-9511 -4096 -1378 ) (-9216 -4096 -1378 ) 
4 1327 1404 (-9511 -4096 -1393 ) (-9216 -4096 -1393 ) (-9216 -4885 -1393 ) (-9511 -4885 -1393 ) 
4 1327 1348 (-9511 -4885 -1393 ) (-9216 -4885 -1393 ) (-9216 -4885 -1378 ) (-9511 -4885 -1378 ) 
4 1327 1328 (-9511 -4096 -1393 ) (-9511 -4425 -1393 ) (-9511 -4425 -1378 ) (-9511 -4096 -1378 ) 
4 1328 1405 (-9545 -4096 -1393 ) (-9511 -4096 -1393 ) (-9511 -4425 -1393 ) (-9545 -4425 -1393 ) 
4 1328 1329 (-9545 -4096 -1393 ) (-9545 -4425 -1393 ) (-9545 -4425 -1378 ) (-9545 -4096 -1378 ) 
4 1329 1415 (-10240 -4096 -1378 ) (-10240 -4096 -1393 ) (-10240 -4425 -1393 ) (-10240 -4425 -1378 ) 
4 1329 1407 (-10240 -4096 -1393 ) (-9545 -4096 -1393 ) (-9545 -4425 -1393 ) (-10240 -4425 -1393 ) 
4 1330 1416 (-10240 -4457 -1393 ) (-10240 -4885 -1393 ) (-10240 -4885 -1378 ) (-10240 -4457 -1378 ) 
4 1330 1408 (-9545 -4457 -1393 ) (-9545 -4885 -1393 ) (-10240 -4885 -1393 ) (-10240 -4457 -1393 ) 
4 1330 1349 (-10240 -4885 -1393 ) (-9545 -4885 -1393 ) (-9545 -4885 -1378 ) (-10240 -4885 -1378 ) 
4 1331 1369 (-10013.002930 -4888 174.903000 ) (-10013.212891 -4888 174.903000 ) (-9994.125977 -4888 159.084610 ) (-9987.593750 -4888 153.695404 ) 
3 1331 1367 (-9989.459961 -4888 174.903000 ) (-10013.002930 -4888 174.903000 ) (-9984.500000 -4888 151.113129 ) 
4 1331 1365 (-9980 -4888 174.903000 ) (-9989.459961 -4888 174.903000 ) (-9984.498047 -4888 151.105423 ) (-9980 -4888 147.377533 ) 
4 1331 1362 (-9977 -4888 174.903000 ) (-9980 -4888 174.903000 ) (-9980 -4888 147.377533 ) (-9977 -4888 144.891251 ) 
4 1331 1358 (-9947.780273 -4888 174.903000 ) (-9952.780273 -4888 174.903000 ) (-9952.780273 -4888 139.964020 ) (-9947.780273 -4888 139.964020 ) 
5 1331 1361 (-9952.780273 -4888 174.903000 ) (-9977 -4888 174.903000 ) (-9977 -4888 144.891251 ) (-9971.054688 -4888 139.964020 ) (-9952.780273 -4888 139.964020 ) 
4 1331 1354 (-9857.780273 -4888 174.903000 ) (-9947.780273 -4888 174.903000 ) (-9947.780273 -4888 139.964020 ) (-9857.780273 -4888 139.964020 ) 
4 1331 1351 (-9852.780273 -4888 174.903000 ) (-9857.780273 -4888 174.903000 ) (-9857.780273 -4888 139.964020 ) (-9852.780273 -4888 139.964020 ) 
4 1331 1350 (-9216 -4888 139.964020 ) (-9216 -4888 174.903000 ) (-9852.780273 -4888 174.903000 ) (-9852.780273 -4888 139.964020 ) 
4 1331 1333 (-9216 -4888 139.964020 ) (-9971.054688 -4888 139.964020 ) (-9971.054688 -4885 139.964020 ) (-9216 -4885 139.964020 ) 
4 1331 1332 (-9984.499023 -4885 151.105988 ) (-9971.054688 -4885 139.964020 ) (-9971.054688 -4888 139.964020 ) (-9984.499023 -4888 151.105988 ) 
4 1332 1365 (-9982.192383 -4888 139.964020 ) (-9980 -4888 139.964020 ) (-9980 -4888 147.377426 ) (-9984.499023 -4888 151.105988 ) 
4 1332 1362 (-9980 -4888 139.964020 ) (-9977 -4888 139.964020 ) (-9977 -4888 144.891190 ) (-9980 -4888 147.377426 ) 
3 1332 1361 (-9977 -4888 139.964020 ) (-9971.054688 -4888 139.964020 ) (-9977 -4888 144.891190 ) 
4 1332 1333 (-9971.054688 -4888 139.964020 ) (-9982.192383 -4888 139.964020 ) (-9982.192383 -4885 139.964020 ) (-9971.054688 -4885 139.964020 ) 
4 1333 1365 (-9980 -4888 139.964020 ) (-9982.190430 -4888 139.964020 ) (-9980.799805 -4888 133.192993 ) (-9980 -4888 133.192993 ) 
4 1333 1362 (-9977 -4888 139.964020 ) (-9980 -4888 139.964020 ) (-9980 -4888 133.192993 ) (-9977 -4888 133.192993 ) 
4 1333 1358 (-9947.780273 -4888 139.964020 ) (-9952.780273 -4888 139.964020 ) (-9952.780273 -4888 133.192993 ) (-9947.780273 -4888 133.192993 ) 
4 1333 1361 (-9952.780273 -4888 139.964020 ) (-9977 -4888 139.964020 ) (-9977 -4888 133.192993 ) (-9952.780273 -4888 133.192993 ) 
4 1333 1354 (-9857.780273 -4888 139.964020 ) (-9947.780273 -4888 139.964020 ) (-9947.780273 -4888 133.192993 ) (-9857.780273 -4888 133.192993 ) 
4 1333 1351 (-9852.780273 -4888 139.964020 ) (-9857.780273 -4888 139.964020 ) (-9857.780273 -4888 133.192993 ) (-9852.780273 -4888 133.192993 ) 
4 1333 1350 (-9216 -4888 133.192993 ) (-9216 -4888 139.964020 ) (-9852.780273 -4888 139.964020 ) (-9852.780273 -4888 133.192993 ) 
4 1333 1342 (-9980 -4888 133.192993 ) (-9980.798828 -4888 133.192993 ) (-9980.799805 -4885 133.192993 ) (-9980 -4885 133.192993 ) 
4 1333 1341 (-9977 -4888 133.192993 ) (-9980 -4888 133.192993 ) (-9980 -4885 133.192993 ) (-9977 -4885 133.192993 ) 
4 1333 1340 (-9216 -4888 133.192993 ) (-9977 -4888 133.192993 ) (-9977 -4885 133.192993 ) (-9216 -4885 133.192993 ) 
8 1334 1335 (-10051.667969 -4886 169.067001 ) (-10059.599609 -4886 159.943756 ) (-10059.599609 -4886 147.892807 ) (-10050.485352 -4886 139.964020 ) (-10038.375977 -4886 139.964020 ) (-10030.400391 -4886 149.058441 ) (-10030.400391 -4886 161.078232 ) (-10039.572266 -4886 169.067001 ) 
8 1335 1336 (-10051.667969 -4887 169.067001 ) (-10059.599609 -4887 159.943756 ) (-10059.599609 -4887 147.892807 ) (-10050.485352 -4887 139.964020 ) (-10038.375977 -4887 139.964020 ) (-10030.400391 -4887 149.058441 ) (-10030.400391 -4887 161.078232 ) (-10039.572266 -4887 169.067001 ) 
8 1336 1368 (-10051.673828 -4888 169.067001 ) (-10059.599609 -4888 159.950867 ) (-10059.599609 -4888 147.892807 ) (-10050.485352 -4888 139.964020 ) (-10038.375977 -4888 139.964020 ) (-10030.400391 -4888 149.058441 ) (-10030.400391 -4888 161.078232 ) (-10039.572266 -4888 169.067001 ) 
4 1337 1410 (-10240 -4888 139.891022 ) (-10240 -4888 174.903000 ) (-10240 -4885 174.903000 ) (-10240 -4885 139.891022 ) 
4 1337 1386 (-10238.400391 -4888 174.903000 ) (-10240 -4888 174.903000 ) (-10240 -4888 139.891022 ) (-10238.400391 -4888 139.891022 ) 
4 1337 1382 (-10148.400391 -4888 174.903000 ) (-10238.400391 -4888 174.903000 ) (-10238.400391 -4888 139.891022 ) (-10148.400391 -4888 139.891022 ) 
4 1337 1379 (-10143.400391 -4888 174.903000 ) (-10148.400391 -4888 174.903000 ) (-10148.400391 -4888 139.891022 ) (-10143.400391 -4888 139.891022 ) 
4 1337 1376 (-10110 -4888 174.903000 ) (-10113 -4888 174.903000 ) (-10113 -4888 139.891022 ) (-10110 -4888 139.891022 ) 
4 1337 1378 (-10113 -4888 174.903000 ) (-10143.400391 -4888 174.903000 ) (-10143.400391 -4888 139.891022 ) (-10113 -4888 139.891022 ) 
4 1337 1364 (-10100.414062 -4888 174.903000 ) (-10110 -4888 174.903000 ) (-10110 -4888 139.891022 ) (-10107.900391 -4888 139.891022 ) 
4 1337 1339 (-10240 -4885 139.891022 ) (-10107.900391 -4885 139.891022 ) (-10107.900391 -4888 139.891022 ) (-10240 -4888 139.891022 ) 
4 1337 1338 (-10105.498047 -4885 151.119034 ) (-10100.412109 -4885 174.903000 ) (-10100.412109 -4888 174.903000 ) (-10105.498047 -4888 151.116730 ) 
4 1338 1370 (-10076.821289 -4888 174.903000 ) (-10077.025391 -4888 174.903000 ) (-10102.618164 -4888 153.518723 ) (-10099.738281 -4888 155.894394 ) 
4 1338 1366 (-10077.025391 -4888 174.903000 ) (-10100.414062 -4888 174.903000 ) (-10105.500977 -4888 151.114410 ) (-10104.669922 -4888 151.803940 ) 
4 1339 1410 (-10240 -4888 133.192993 ) (-10240 -4888 139.891022 ) (-10240 -4885 139.891022 ) (-10240 -4885 133.192993 ) 
4 1339 1386 (-10240 -4888 139.891022 ) (-10240 -4888 133.192993 ) (-10238.400391 -4888 133.192993 ) (-10238.400391 -4888 139.891022 ) 
4 1339 1382 (-10238.400391 -4888 133.192993 ) (-10148.400391 -4888 133.192993 ) (-10148.400391 -4888 139.891022 ) (-10238.400391 -4888 139.891022 ) 
4 1339 1379 (-10148.400391 -4888 133.192993 ) (-10143.400391 -4888 133.192993 ) (-10143.400391 -4888 139.891022 ) (-10148.400391 -4888 139.891022 ) 
4 1339 1376 (-10113 -4888 133.192993 ) (-10110 -4888 133.192993 ) (-10110 -4888 139.891022 ) (-10113 -4888 139.891022 ) 
4 1339 1378 (-10143.400391 -4888 133.192993 ) (-10113 -4888 133.192993 ) (-10113 -4888 139.891022 ) (-10143.400391 -4888 139.891022 ) 
4 1339 1364 (-10110 -4888 133.192993 ) (-10109.199219 -4888 133.192993 ) (-10107.900391 -4888 139.891022 ) (-10110 -4888 139.891022 ) 
4 1339 1345 (-10110 -4888 133.192993 ) (-10113 -4888 133.192993 ) (-10113 -4885 133.192993 ) (-10110 -4885 133.192993 ) 
4 1339 1346 (-10113 -4888 133.192993 ) (-10240 -4888 133.192993 ) (-10240 -4885 133.192993 ) (-10113 -4885 133.192993 ) 
4 1339 1344 (-10109.199219 -4888 133.192993 ) (-10110 -4888 133.192993 ) (-10110 -4885 133.192993 ) (-10109.199219 -4885 133.192993 ) 
4 1340 1392 (-9952.780273 -4888 74 ) (-9977 -4888 74 ) (-9977 -4888 59 ) (-9952.780273 -4888 59 ) 
4 1340 1389 (-9216 -4888 59 ) (-9216 -4888 74 ) (-9952.780273 -4888 74 ) (-9952.780273 -4888 59 ) 
4 1340 1358 (-9947.780273 -4888 133.192993 ) (-9952.780273 -4888 133.192993 ) (-9952.780273 -4888 74 ) (-9947.780273 -4888 74 ) 
4 1340 1361 (-9952.780273 -4888 133.192993 ) (-9977 -4888 133.192993 ) (-9977 -4888 74 ) (-9952.780273 -4888 74 ) 
4 1340 1355 (-9947.780273 -4888 79 ) (-9947.780273 -4888 74 ) (-9857.780273 -4888 74 ) (-9857.780273 -4888 79 ) 
4 1340 1354 (-9857.780273 -4888 133.192993 ) (-9947.780273 -4888 133.192993 ) (-9947.780273 -4888 79 ) (-9857.780273 -4888 79 ) 
4 1340 1351 (-9852.780273 -4888 133.192993 ) (-9857.780273 -4888 133.192993 ) (-9857.780273 -4888 74 ) (-9852.780273 -4888 74 ) 
4 1340 1350 (-9216 -4888 74 ) (-9216 -4888 133.192993 ) (-9852.780273 -4888 133.192993 ) (-9852.780273 -4888 74 ) 
4 1340 1341 (-9977 -4888 115.007294 ) (-9977 -4888 133.192993 ) (-9977 -4885 133.192993 ) (-9977 -4885 115.007294 ) 
4 1341 1362 (-9977 -4888 133.192993 ) (-9980 -4888 133.192993 ) (-9980 -4888 129.552948 ) (-9977 -4888 115.007294 ) 
4 1341 1342 (-9980 -4888 129.552948 ) (-9980 -4888 133.192993 ) (-9980 -4885 133.192993 ) (-9980 -4885 129.552948 ) 
3 1342 1365 (-9980 -4888 133.192993 ) (-9980.799805 -4888 133.192993 ) (-9980 -4888 129.531631 ) 
4 1343 1393 (-10077 -4888 74 ) (-10077 -4888 59 ) (-10013 -4888 59 ) (-10013 -4888 74 ) 
4 1343 1368 (-10013 -4888 133.192993 ) (-10077 -4888 133.192993 ) (-10077 -4888 74 ) (-10013 -4888 74 ) 
3 1344 1364 (-10109.200195 -4888 133.192993 ) (-10110 -4888 133.192993 ) (-10110 -4888 129.535461 ) 
4 1344 1345 (-10110 -4888 129.535461 ) (-10110 -4888 133.192993 ) (-10110 -4885 133.192993 ) (-10110 -4885 129.535461 ) 
4 1345 1376 (-10110 -4888 133.192993 ) (-10113 -4888 133.192993 ) (-10113 -4888 115.004745 ) (-10110 -4888 129.539886 ) 
4 1345 1346 (-10113 -4888 115.004745 ) (-10113 -4888 133.192993 ) (-10113 -4885 133.192993 ) (-10113 -4885 115.004745 ) 
4 1346 1410 (-10240 -4888 59 ) (-10240 -4888 133.192993 ) (-10240 -4885 133.192993 ) (-10240 -4885 59 ) 
4 1346 1395 (-10240 -4888 74 ) (-10240 -4888 59 ) (-10113 -4888 59 ) (-10113 -4888 74 ) 
4 1346 1386 (-10238.400391 -4888 133.192993 ) (-10240 -4888 133.192993 ) (-10240 -4888 74 ) (-10238.400391 -4888 74 ) 
4 1346 1383 (-10238.400391 -4888 79 ) (-10238.400391 -4888 74 ) (-10148.400391 -4888 74 ) (-10148.400391 -4888 79 ) 
4 1346 1382 (-10148.400391 -4888 133.192993 ) (-10238.400391 -4888 133.192993 ) (-10238.400391 -4888 79 ) (-10148.400391 -4888 79 ) 
4 1346 1379 (-10143.400391 -4888 133.192993 ) (-10148.400391 -4888 133.192993 ) (-10148.400391 -4888 74 ) (-10143.400391 -4888 74 ) 
4 1346 1378 (-10113 -4888 133.192993 ) (-10143.400391 -4888 133.192993 ) (-10143.400391 -4888 74 ) (-10113 -4888 74 ) 
4 1347 1414 (-10240 -4888 -1378 ) (-10240 -4888 29 ) (-10240 -4885 29 ) (-10240 -4885 -1378 ) 
4 1347 1399 (-9216 -4888 -1378 ) (-9216 -4888 29 ) (-10240 -4888 29 ) (-10240 -4888 -1378 ) 
4 1347 1348 (-9216 -4888 -1378 ) (-9511 -4888 -1378 ) (-9511 -4885 -1378 ) (-9216 -4885 -1378 ) 
4 1347 1349 (-9545 -4888 -1378 ) (-10240 -4888 -1378 ) (-10240 -4885 -1378 ) (-9545 -4885 -1378 ) 
4 1348 1404 (-9216 -4885 -1393 ) (-9216 -4888 -1393 ) (-9511 -4888 -1393 ) (-9511 -4885 -1393 ) 
4 1348 1400 (-9511 -4888 -1393 ) (-9216 -4888 -1393 ) (-9216 -4888 -1378 ) (-9511 -4888 -1378 ) 
4 1349 1416 (-10240 -4885 -1393 ) (-10240 -4888 -1393 ) (-10240 -4888 -1378 ) (-10240 -4885 -1378 ) 
4 1349 1408 (-9545 -4888 -1393 ) (-10240 -4888 -1393 ) (-10240 -4885 -1393 ) (-9545 -4885 -1393 ) 
4 1349 1402 (-10240 -4888 -1393 ) (-9545 -4888 -1393 ) (-9545 -4888 -1378 ) (-10240 -4888 -1378 ) 
4 1350 1390 (-9852.780273 -5007.540039 74 ) (-9852.780273 -4907.540039 74 ) (-9216 -4907.540039 74 ) (-9216 -5007.540039 74 ) 
4 1350 1389 (-9852.780273 -4907.540039 74 ) (-9852.780273 -4888 74 ) (-9216 -4888 74 ) (-9216 -4907.540039 74 ) 
4 1350 1391 (-9216 -5120 74 ) (-9852.780273 -5120 74 ) (-9852.780273 -5007.540039 74 ) (-9216 -5007.540039 74 ) 
4 1350 1352 (-9852.780273 -5007.540039 79 ) (-9852.780273 -5007.540039 174.903000 ) (-9852.780273 -4907.540039 174.903000 ) (-9852.780273 -4907.540039 79 ) 
4 1350 1351 (-9852.780273 -4888 174.903000 ) (-9852.780273 -4888 74 ) (-9852.780273 -4907.540039 74 ) (-9852.780273 -4907.540039 174.903000 ) 
4 1350 1353 (-9852.780273 -5007.540039 74 ) (-9852.780273 -5120 74 ) (-9852.780273 -5120 174.903000 ) (-9852.780273 -5007.540039 174.903000 ) 
4 1351 1389 (-9857.780273 -4907.540039 74 ) (-9857.780273 -4888 74 ) (-9852.780273 -4888 74 ) (-9852.780273 -4907.540039 74 ) 
4 1351 1355 (-9857.780273 -4888 79 ) (-9857.780273 -4888 74 ) (-9857.780273 -4907.540039 74 ) (-9857.780273 -4907.540039 79 ) 
4 1351 1354 (-9857.780273 -4888 174.903000 ) (-9857.780273 -4888 79 ) (-9857.780273 -4907.540039 79 ) (-9857.780273 -4907.540039 174.903000 ) 
4 1351 1352 (-9857.780273 -4907.540039 174.903000 ) (-9857.780273 -4907.540039 79 ) (-9852.780273 -4907.540039 79 ) (-9852.780273 -4907.540039 174.903000 ) 
4 1352 1354 (-9857.780273 -5007.540039 79 ) (-9857.780273 -5007.540039 174.903000 ) (-9857.780273 -4907.540039 174.903000 ) (-9857.780273 -4907.540039 79 ) 
4 1352 1353 (-9857.780273 -5007.540039 174.903000 ) (-9857.780273 -5007.540039 79 ) (-9852.780273 -5007.540039 79 ) (-9852.780273 -5007.540039 174.903000 ) 
4 1353 1391 (-9852.780273 -5120 74 ) (-9857.780273 -5120 74 ) (-9857.780273 -5007.540039 74 ) (-9852.780273 -5007.540039 74 ) 
4 1353 1357 (-9857.780273 -5007.540039 74 ) (-9857.780273 -5120 74 ) (-9857.780273 -5120 79 ) (-9857.780273 -5007.540039 79 ) 
4 1353 1354 (-9857.780273 -5120 79 ) (-9857.780273 -5120 174.903000 ) (-9857.780273 -5007.540039 174.903000 ) (-9857.780273 -5007.540039 79 ) 
4 1354 1359 (-9947.780273 -4907.540039 79 ) (-9947.780273 -5007.540039 79 ) (-9947.780273 -5007.540039 174.903000 ) (-9947.780273 -4907.540039 174.903000 ) 
4 1354 1358 (-9947.780273 -4888 174.903000 ) (-9947.780273 -4888 79 ) (-9947.780273 -4907.540039 79 ) (-9947.780273 -4907.540039 174.903000 ) 
4 1354 1360 (-9947.780273 -5007.540039 79 ) (-9947.780273 -5120 79 ) (-9947.780273 -5120 174.903000 ) (-9947.780273 -5007.540039 174.903000 ) 
4 1354 1356 (-9947.780273 -5002.540039 79 ) (-9947.780273 -4912.540039 79 ) (-9857.780273 -4912.540039 79 ) (-9857.780273 -5002.540039 79 ) 
4 1354 1357 (-9947.780273 -5120 79 ) (-9947.780273 -5007.540039 79 ) (-9857.780273 -5007.540039 79 ) (-9857.780273 -5120 79 ) 
4 1354 1355 (-9947.780273 -4907.540039 79 ) (-9947.780273 -4888 79 ) (-9857.780273 -4888 79 ) (-9857.780273 -4907.540039 79 ) 
4 1355 1389 (-9947.780273 -4907.540039 74 ) (-9947.780273 -4888 74 ) (-9857.780273 -4888 74 ) (-9857.780273 -4907.540039 74 ) 
4 1355 1358 (-9947.780273 -4888 79 ) (-9947.780273 -4888 74 ) (-9947.780273 -4907.540039 74 ) (-9947.780273 -4907.540039 79 ) 
4 1357 1391 (-9857.780273 -5120 74 ) (-9947.780273 -5120 74 ) (-9947.780273 -5007.540039 74 ) (-9857.780273 -5007.540039 74 ) 
4 1357 1360 (-9947.780273 -5007.540039 74 ) (-9947.780273 -5120 74 ) (-9947.780273 -5120 79 ) (-9947.780273 -5007.540039 79 ) 
4 1358 1389 (-9952.780273 -4907.540039 74 ) (-9952.780273 -4888 74 ) (-9947.780273 -4888 74 ) (-9947.780273 -4907.540039 74 ) 
4 1358 1359 (-9952.780273 -4907.540039 174.903000 ) (-9952.780273 -4907.540039 79 ) (-9947.780273 -4907.540039 79 ) (-9947.780273 -4907.540039 174.903000 ) 
4 1358 1361 (-9952.780273 -4888 174.903000 ) (-9952.780273 -4888 74 ) (-9952.780273 -4907.540039 74 ) (-9952.780273 -4907.540039 174.903000 ) 
4 1359 1361 (-9952.780273 -5007.540039 79 ) (-9952.780273 -5007.540039 174.903000 ) (-9952.780273 -4907.540039 174.903000 ) (-9952.780273 -4907.540039 79 ) 
4 1359 1360 (-9952.780273 -5007.540039 174.903000 ) (-9952.780273 -5007.540039 79 ) (-9947.780273 -5007.540039 79 ) (-9947.780273 -5007.540039 174.903000 ) 
4 1360 1391 (-9947.780273 -5120 74 ) (-9952.780273 -5120 74 ) (-9952.780273 -5007.540039 74 ) (-9947.780273 -5007.540039 74 ) 
4 1360 1361 (-9952.780273 -5007.540039 74 ) (-9952.780273 -5120 74 ) (-9952.780273 -5120 174.903000 ) (-9952.780273 -5007.540039 174.903000 ) 
4 1361 1392 (-9977 -5029 74 ) (-9977 -4888 74 ) (-9952.780273 -4888 74 ) (-9952.780273 -5029 74 ) 
4 1361 1394 (-9952.780273 -5120 74 ) (-9977 -5120 74 ) (-9977 -5029 74 ) (-9952.780273 -5029 74 ) 
4 1361 1362 (-9977 -4888 174.903000 ) (-9977 -4888 115.006042 ) (-9977 -5029 115.006042 ) (-9977 -5029 174.903000 ) 
4 1361 1363 (-9977 -5029 74 ) (-9977 -5120 74 ) (-9977 -5120 174.903000 ) (-9977 -5029 174.903000 ) 
4 1362 1373 (-9980 -5026 129.551270 ) (-9980 -5029 129.551270 ) (-9980 -5029 147.393402 ) (-9980 -5026 147.393402 ) 
4 1362 1371 (-9980 -5029 147.393402 ) (-9980 -5029 174.903000 ) (-9980 -5026 174.903000 ) (-9980 -5026 147.393402 ) 
4 1362 1365 (-9980 -4888 174.903000 ) (-9980 -4888 129.551270 ) (-9980 -5026 129.551270 ) (-9980 -5026 174.903000 ) 
4 1362 1363 (-9980 -5029 174.903000 ) (-9980 -5029 129.551270 ) (-9977 -5029 115.006042 ) (-9977 -5029 174.903000 ) 
4 1363 1394 (-9977 -5120 74 ) (-9980 -5120 74 ) (-9980 -5029 74 ) (-9977 -5029 74 ) 
4 1363 1375 (-9980 -5029 74 ) (-9980 -5120 74 ) (-9980 -5120 174.903000 ) (-9980 -5029 174.903000 ) 
4 1364 1376 (-10110 -4888 174.903000 ) (-10110 -4888 129.549255 ) (-10110 -5026 129.544464 ) (-10110 -5026 174.903000 ) 
3 1364 1372 (-10110 -5026 174.903000 ) (-10110 -5026 129.544464 ) (-10100.538086 -5026 174.903000 ) 
4 1364 1366 (-10100.538086 -5026 174.903000 ) (-10105.502930 -5026 151.104446 ) (-10105.501953 -4888 151.108017 ) (-10100.538086 -4888 174.903000 ) 
3 1365 1373 (-9980 -5026 129.534683 ) (-9980 -5026 147.393326 ) (-9984.499023 -5026 151.109756 ) 
4 1365 1371 (-9980 -5026 147.393326 ) (-9980 -5026 174.903000 ) (-9989.459961 -5026 174.903000 ) (-9984.499023 -5026 151.109756 ) 
4 1365 1367 (-9984.502930 -5026 151.117859 ) (-9989.461914 -5026 174.903000 ) (-9989.461914 -4888 174.903000 ) (-9984.501953 -4888 151.115570 ) 
3 1366 1374 (-10077.021484 -5026 174.903000 ) (-10100.538086 -5026 174.903000 ) (-10105.502930 -5026 151.104797 ) 
4 1366 1370 (-10102.298828 -4888 153.784943 ) (-10077.025391 -4888 174.903000 ) (-10077.022461 -5026 174.903000 ) (-10102.301758 -5026 153.780579 ) 
3 1367 1371 (-9984.500000 -5026 151.115799 ) (-9989.459961 -5026 174.903000 ) (-10013 -5026 174.903000 ) 
4 1367 1369 (-10013 -4888 174.903000 ) (-9987.701172 -4888 153.788300 ) (-9987.701172 -5026 153.789780 ) (-10012.997070 -5026 174.903000 ) 
4 1368 1393 (-10110 -5026 74 ) (-10110 -4888 74 ) (-9980 -4888 74 ) (-9980 -5026 74 ) 
4 1369 1371 (-9987.701172 -5026 153.787613 ) (-10013 -5026 174.903000 ) (-10013.296875 -5026 174.903000 ) (-9987.701172 -5026 153.785339 ) 
3 1370 1374 (-10076.700195 -5026 174.903000 ) (-10077.021484 -5026 174.903000 ) (-10102.300781 -5026 153.780090 ) 
4 1371 1373 (-9980 -5029 147.390625 ) (-9984.498047 -5029 151.106735 ) (-9984.500000 -5026 151.111084 ) (-9980 -5026 147.393875 ) 
3 1371 1375 (-9980 -5029 147.393387 ) (-9980 -5029 174.903000 ) (-10013.299805 -5029 174.903000 ) 
4 1372 1376 (-10110 -5029 129.543030 ) (-10110 -5029 174.903000 ) (-10110 -5026 174.903000 ) (-10110 -5026 129.543030 ) 
4 1372 1374 (-10105.498047 -5026 151.112152 ) (-10100.534180 -5026 174.903000 ) (-10100.534180 -5029 174.903000 ) (-10105.498047 -5029 151.112137 ) 
3 1372 1375 (-10110 -5029 174.903000 ) (-10110 -5029 129.543030 ) (-10100.535156 -5029 174.903000 ) 
3 1373 1375 (-9980 -5029 129.543518 ) (-9980 -5029 147.393387 ) (-9984.500000 -5029 151.110519 ) 
3 1374 1375 (-10076.700195 -5029 174.903000 ) (-10100.535156 -5029 174.903000 ) (-10105.500000 -5029 151.111450 ) 
4 1375 1394 (-9980 -5120 74 ) (-10110 -5120 74 ) (-10110 -5029 74 ) (-9980 -5029 74 ) 
4 1375 1377 (-10110 -5029 74 ) (-10110 -5120 74 ) (-10110 -5120 174.903000 ) (-10110 -5029 174.903000 ) 
4 1376 1377 (-10113 -5029 174.903000 ) (-10113 -5029 115.004829 ) (-10110 -5029 129.539658 ) (-10110 -5029 174.903000 ) 
4 1376 1378 (-10113 -4888 174.903000 ) (-10113 -4888 115.004829 ) (-10113 -5029 115.004829 ) (-10113 -5029 174.903000 ) 
4 1377 1397 (-10110 -5120 74 ) (-10113 -5120 74 ) (-10113 -5029 74 ) (-10110 -5029 74 ) 
4 1377 1378 (-10113 -5029 74 ) (-10113 -5120 74 ) (-10113 -5120 174.903000 ) (-10113 -5029 174.903000 ) 
4 1378 1398 (-10113 -5120 74 ) (-10143.400391 -5120 74 ) (-10143.400391 -5007.459961 74 ) (-10113 -5007.459961 74 ) 
4 1378 1396 (-10143.400391 -5007.459961 74 ) (-10143.400391 -4907.459961 74 ) (-10113 -4907.459961 74 ) (-10113 -5007.459961 74 ) 
4 1378 1395 (-10143.400391 -4907.459961 74 ) (-10143.400391 -4888 74 ) (-10113 -4888 74 ) (-10113 -4907.459961 74 ) 
4 1378 1380 (-10143.400391 -5007.459961 79 ) (-10143.400391 -5007.459961 174.903000 ) (-10143.400391 -4907.459961 174.903000 ) (-10143.400391 -4907.459961 79 ) 
4 1378 1379 (-10143.400391 -4888 174.903000 ) (-10143.400391 -4888 74 ) (-10143.400391 -4907.459961 74 ) (-10143.400391 -4907.459961 174.903000 ) 
4 1378 1381 (-10143.400391 -5007.459961 74 ) (-10143.400391 -5120 74 ) (-10143.400391 -5120 174.903000 ) (-10143.400391 -5007.459961 174.903000 ) 
4 1379 1395 (-10148.400391 -4907.459961 74 ) (-10148.400391 -4888 74 ) (-10143.400391 -4888 74 ) (-10143.400391 -4907.459961 74 ) 
4 1379 1383 (-10148.400391 -4888 79 ) (-10148.400391 -4888 74 ) (-10148.400391 -4907.459961 74 ) (-10148.400391 -4907.459961 79 ) 
4 1379 1382 (-10148.400391 -4888 174.903000 ) (-10148.400391 -4888 79 ) (-10148.400391 -4907.459961 79 ) (-10148.400391 -4907.459961 174.903000 ) 
4 1379 1380 (-10148.400391 -4907.459961 174.903000 ) (-10148.400391 -4907.459961 79 ) (-10143.400391 -4907.459961 79 ) (-10143.400391 -4907.459961 174.903000 ) 
4 1380 1382 (-10148.400391 -5007.459961 79 ) (-10148.400391 -5007.459961 174.903000 ) (-10148.400391 -4907.459961 174.903000 ) (-10148.400391 -4907.459961 79 ) 
4 1380 1381 (-10148.400391 -5007.459961 174.903000 ) (-10148.400391 -5007.459961 79 ) (-10143.400391 -5007.459961 79 ) (-10143.400391 -5007.459961 174.903000 ) 
4 1381 1398 (-10143.400391 -5120 74 ) (-10148.400391 -5120 74 ) (-10148.400391 -5007.459961 74 ) (-10143.400391 -5007.459961 74 ) 
4 1381 1385 (-10148.400391 -5007.459961 74 ) (-10148.400391 -5120 74 ) (-10148.400391 -5120 79 ) (-10148.400391 -5007.459961 79 ) 
4 1381 1382 (-10148.400391 -5120 79 ) (-10148.400391 -5120 174.903000 ) (-10148.400391 -5007.459961 174.903000 ) (-10148.400391 -5007.459961 79 ) 
4 1382 1387 (-10238.400391 -4907.459961 79 ) (-10238.400391 -5007.459961 79 ) (-10238.400391 -5007.459961 174.903000 ) (-10238.400391 -4907.459961 174.903000 ) 
4 1382 1386 (-10238.400391 -4888 174.903000 ) (-10238.400391 -4888 79 ) (-10238.400391 -4907.459961 79 ) (-10238.400391 -4907.459961 174.903000 ) 
4 1382 1388 (-10238.400391 -5007.459961 79 ) (-10238.400391 -5120 79 ) (-10238.400391 -5120 174.903000 ) (-10238.400391 -5007.459961 174.903000 ) 
4 1382 1384 (-10238.400391 -5002.459961 79 ) (-10238.400391 -4912.459961 79 ) (-10148.400391 -4912.459961 79 ) (-10148.400391 -5002.459961 79 ) 
4 1382 1385 (-10238.400391 -5120 79 ) (-10238.400391 -5007.459961 79 ) (-10148.400391 -5007.459961 79 ) (-10148.400391 -5120 79 ) 
4 1382 1383 (-10238.400391 -4907.459961 79 ) (-10238.400391 -4888 79 ) (-10148.400391 -4888 79 ) (-10148.400391 -4907.459961 79 ) 
4 1383 1395 (-10238.400391 -4907.459961 74 ) (-10238.400391 -4888 74 ) (-10148.400391 -4888 74 ) (-10148.400391 -4907.459961 74 ) 
4 1383 1386 (-10238.400391 -4888 79 ) (-10238.400391 -4888 74 ) (-10238.400391 -4907.459961 74 ) (-10238.400391 -4907.459961 79 ) 
4 1385 1398 (-10148.400391 -5120 74 ) (-10238.400391 -5120 74 ) (-10238.400391 -5007.459961 74 ) (-10148.400391 -5007.459961 74 ) 
4 1385 1388 (-10238.400391 -5007.459961 74 ) (-10238.400391 -5120 74 ) (-10238.400391 -5120 79 ) (-10238.400391 -5007.459961 79 ) 
4 1386 1410 (-10240 -4907.459961 174.903000 ) (-10240 -4888 174.903000 ) (-10240 -4888 74 ) (-10240 -4907.459961 74 ) 
4 1386 1395 (-10240 -4907.459961 74 ) (-10240 -4888 74 ) (-10238.400391 -4888 74 ) (-10238.400391 -4907.459961 74 ) 
4 1386 1387 (-10238.400391 -4907.459961 79 ) (-10238.400391 -4907.459961 174.903000 ) (-10240 -4907.459961 174.903000 ) (-10240 -4907.459961 79 ) 
4 1387 1411 (-10240 -5007.459961 174.903000 ) (-10240 -4907.459961 174.903000 ) (-10240 -4907.459961 79 ) (-10240 -5007.459961 79 ) 
4 1387 1388 (-10238.400391 -5007.459961 79 ) (-10238.400391 -5007.459961 174.903000 ) (-10240 -5007.459961 174.903000 ) (-10240 -5007.459961 79 ) 
4 1388 1412 (-10240 -5120 74 ) (-10240 -5120 174.903000 ) (-10240 -5007.459961 174.903000 ) (-10240 -5007.459961 74 ) 
4 1388 1398 (-10238.400391 -5120 74 ) (-10240 -5120 74 ) (-10240 -5007.459961 74 ) (-10238.400391 -5007.459961 74 ) 
4 1389 1392 (-9952.780273 -4888 59 ) (-9952.780273 -4907.540039 59 ) (-9952.780273 -4907.540039 74 ) (-9952.780273 -4888 74 ) 
4 1389 1390 (-9852.780273 -4907.540039 59 ) (-9216 -4907.540039 59 ) (-9216 -4907.540039 74 ) (-9852.780273 -4907.540039 74 ) 
4 1390 1391 (-9852.780273 -5007.540039 59 ) (-9216 -5007.540039 59 ) (-9216 -5007.540039 74 ) (-9852.780273 -5007.540039 74 ) 
4 1391 1392 (-9952.780273 -5007.540039 59 ) (-9952.780273 -5029 59 ) (-9952.780273 -5029 74 ) (-9952.780273 -5007.540039 74 ) 
4 1391 1394 (-9952.780273 -5029 59 ) (-9952.780273 -5120 59 ) (-9952.780273 -5120 74 ) (-9952.780273 -5029 74 ) 
4 1392 1394 (-9977 -5029 59 ) (-9952.780273 -5029 59 ) (-9952.780273 -5029 74 ) (-9977 -5029 74 ) 
4 1394 1397 (-10110 -5029 59 ) (-10110 -5120 59 ) (-10110 -5120 74 ) (-10110 -5029 74 ) 
4 1395 1410 (-10240 -4907.459961 74 ) (-10240 -4888 74 ) (-10240 -4888 59 ) (-10240 -4907.459961 59 ) 
4 1395 1396 (-10143.400391 -4907.459961 59 ) (-10113 -4907.459961 59 ) (-10113 -4907.459961 74 ) (-10143.400391 -4907.459961 74 ) 
4 1396 1398 (-10143.400391 -5007.459961 59 ) (-10113 -5007.459961 59 ) (-10113 -5007.459961 74 ) (-10143.400391 -5007.459961 74 ) 
4 1397 1398 (-10113 -5029 59 ) (-10113 -5120 59 ) (-10113 -5120 74 ) (-10113 -5029 74 ) 
4 1398 1412 (-10240 -5120 59 ) (-10240 -5120 74 ) (-10240 -5007.459961 74 ) (-10240 -5007.459961 59 ) 
4 1399 1414 (-10240 -5120 -1378 ) (-10240 -5120 29 ) (-10240 -4888 29 ) (-10240 -4888 -1378 ) 
4 1399 1402 (-10240 -4957 -1378 ) (-10240 -4888 -1378 ) (-9545 -4888 -1378 ) (-9545 -4957 -1378 ) 
4 1399 1403 (-9545 -5120 -1378 ) (-10240 -5120 -1378 ) (-10240 -4989 -1378 ) (-9545 -4989 -1378 ) 
4 1399 1401 (-9511 -5120 -1378 ) (-9545 -5120 -1378 ) (-9545 -4989 -1378 ) (-9511 -4989 -1378 ) 
4 1399 1400 (-9216 -5120 -1378 ) (-9511 -5120 -1378 ) (-9511 -4888 -1378 ) (-9216 -4888 -1378 ) 
4 1400 1404 (-9216 -4888 -1393 ) (-9216 -5120 -1393 ) (-9511 -5120 -1393 ) (-9511 -4888 -1393 ) 
4 1400 1401 (-9511 -5120 -1378 ) (-9511 -4989 -1378 ) (-9511 -4989 -1393 ) (-9511 -5120 -1393 ) 
4 1401 1406 (-9511 -5120 -1393 ) (-9545 -5120 -1393 ) (-9545 -4989 -1393 ) (-9511 -4989 -1393 ) 
4 1401 1403 (-9545 -5120 -1378 ) (-9545 -4989 -1378 ) (-9545 -4989 -1393 ) (-9545 -5120 -1393 ) 
4 1402 1416 (-10240 -4888 -1393 ) (-10240 -4957 -1393 ) (-10240 -4957 -1378 ) (-10240 -4888 -1378 ) 
4 1402 1408 (-10240 -4957 -1393 ) (-10240 -4888 -1393 ) (-9545 -4888 -1393 ) (-9545 -4957 -1393 ) 
4 1403 1417 (-10240 -4989 -1393 ) (-10240 -5120 -1393 ) (-10240 -5120 -1378 ) (-10240 -4989 -1378 ) 
4 1403 1409 (-9545 -5120 -1393 ) (-10240 -5120 -1393 ) (-10240 -4989 -1393 ) (-9545 -4989 -1393 ) 
4 1404 1405 (-9511 -4096 -1443 ) (-9511 -4425 -1443 ) (-9511 -4425 -1393 ) (-9511 -4096 -1393 ) 
4 1404 1406 (-9511 -4989 -1443 ) (-9511 -5120 -1443 ) (-9511 -5120 -1393 ) (-9511 -4989 -1393 ) 
4 1405 1407 (-9545 -4096 -1443 ) (-9545 -4425 -1443 ) (-9545 -4425 -1393 ) (-9545 -4096 -1393 ) 
4 1406 1409 (-9545 -4989 -1443 ) (-9545 -5120 -1443 ) (-9545 -5120 -1393 ) (-9545 -4989 -1393 ) 
4 1407 1421 (-10240 -4096 -1393 ) (-10240 -4096 -1443 ) (-10240 -4425 -1443 ) (-10240 -4425 -1393 ) 
4 1408 1422 (-10240 -4457 -1443 ) (-10240 -4957 -1443 ) (-10240 -4957 -1393 ) (-10240 -4457 -1393 ) 
4 1409 1423 (-10240 -4989 -1443 ) (-10240 -5120 -1443 ) (-10240 -5120 -1393 ) (-10240 -4989 -1393 ) 
4 1410 1413 (-10243.400391 -4096 9978.230469 ) (-10243.400391 -4096 59 ) (-10243.400391 -4907.459961 59 ) (-10243.400391 -4907.459961 9978.230469 ) 
4 1410 1411 (-10243.400391 -4907.459961 9978.230469 ) (-10243.400391 -4907.459961 79 ) (-10240 -4907.459961 79 ) (-10240 -4907.459961 9978.230469 ) 
4 1411 1413 (-10243.400391 -5007.459961 79 ) (-10243.400391 -5007.459961 9978.230469 ) (-10243.400391 -4907.459961 9978.230469 ) (-10243.400391 -4907.459961 79 ) 
4 1411 1412 (-10243.400391 -5007.459961 9978.230469 ) (-10243.400391 -5007.459961 79 ) (-10240 -5007.459961 79 ) (-10240 -5007.459961 9978.230469 ) 
4 1412 1413 (-10243.400391 -5007.459961 59 ) (-10243.400391 -5120 59 ) (-10243.400391 -5120 9978.230469 ) (-10243.400391 -5007.459961 9978.230469 ) 
4 1413 1427 (-11264 -4096 9978.230469 ) (-11264 -4096 59 ) (-11264 -5120 59 ) (-11264 -5120 9978.230469 ) 
4 1414 1428 (-11264 -4096 29 ) (-11264 -4096 -1378 ) (-11264 -5120 -1378 ) (-11264 -5120 29 ) 
4 1414 1418 (-10575 -4096 -1378 ) (-10545 -4096 -1378 ) (-10545 -4425 -1378 ) (-10575 -4425 -1378 ) 
4 1414 1419 (-10545 -4989 -1378 ) (-10545 -5120 -1378 ) (-10575 -5120 -1378 ) (-10575 -4989 -1378 ) 
4 1414 1420 (-11264 -5120 -1378 ) (-11264 -4096 -1378 ) (-10575 -4096 -1378 ) (-10575 -5120 -1378 ) 
4 1414 1417 (-10240 -4989 -1378 ) (-10240 -5120 -1378 ) (-10545 -5120 -1378 ) (-10545 -4989 -1378 ) 
4 1414 1415 (-10545 -4096 -1378 ) (-10240 -4096 -1378 ) (-10240 -4425 -1378 ) (-10545 -4425 -1378 ) 
4 1414 1416 (-10240 -4457 -1378 ) (-10240 -4957 -1378 ) (-10545 -4957 -1378 ) (-10545 -4457 -1378 ) 
4 1415 1421 (-10545 -4425 -1393 ) (-10545 -4096 -1393 ) (-10240 -4096 -1393 ) (-10240 -4425 -1393 ) 
4 1415 1418 (-10545 -4096 -1393 ) (-10545 -4425 -1393 ) (-10545 -4425 -1378 ) (-10545 -4096 -1378 ) 
4 1416 1422 (-10545 -4957 -1393 ) (-10545 -4457 -1393 ) (-10240 -4457 -1393 ) (-10240 -4957 -1393 ) 
4 1417 1423 (-10240 -5120 -1393 ) (-10545 -5120 -1393 ) (-10545 -4989 -1393 ) (-10240 -4989 -1393 ) 
4 1417 1419 (-10545 -4989 -1393 ) (-10545 -5120 -1393 ) (-10545 -5120 -1378 ) (-10545 -4989 -1378 ) 
4 1418 1424 (-10575 -4425 -1393 ) (-10575 -4096 -1393 ) (-10545 -4096 -1393 ) (-10545 -4425 -1393 ) 
4 1418 1420 (-10575 -4096 -1393 ) (-10575 -4425 -1393 ) (-10575 -4425 -1378 ) (-10575 -4096 -1378 ) 
4 1419 1425 (-10545 -5120 -1393 ) (-10575 -5120 -1393 ) (-10575 -4989 -1393 ) (-10545 -4989 -1393 ) 
4 1419 1420 (-10575 -4989 -1393 ) (-10575 -5120 -1393 ) (-10575 -5120 -1378 ) (-10575 -4989 -1378 ) 
4 1420 1428 (-11264 -4096 -1378 ) (-11264 -4096 -1393 ) (-11264 -5120 -1393 ) (-11264 -5120 -1378 ) 
4 1420 1426 (-10575 -5120 -1393 ) (-11264 -5120 -1393 ) (-11264 -4096 -1393 ) (-10575 -4096 -1393 ) 
4 1421 1424 (-10545 -4096 -1443 ) (-10545 -4425 -1443 ) (-10545 -4425 -1393 ) (-10545 -4096 -1393 ) 
4 1423 1425 (-10545 -4989 -1443 ) (-10545 -5120 -1443 ) (-10545 -5120 -1393 ) (-10545 -4989 -1393 ) 
4 1424 1426 (-10575 -4096 -1443 ) (-10575 -4425 -1443 ) (-10575 -4425 -1393 ) (-10575 -4096 -1393 ) 
4 1425 1426 (-10575 -4989 -1443 ) (-10575 -5120 -1443 ) (-10575 -5120 -1393 ) (-10575 -4989 -1393 ) 
4 1426 1428 (-11264 -4096 -1393 ) (-11264 -4096 -1443 ) (-11264 -5120 -1443 ) (-11264 -5120 -1393 ) 
4 1427 1441 (-12288 -5120 59 ) (-12288 -5120 9978.230469 ) (-12288 -4096 9978.230469 ) (-12288 -4096 59 ) 
4 1428 1442 (-12288 -5120 -1443 ) (-12288 -5120 29 ) (-12288 -4096 29 ) (-12288 -4096 -1443 ) 
4 1429 1433 (-12288 -3072 59 ) (-12288 -3072 9978.230469 ) (-13312 -3072 9978.230469 ) (-13312 -3072 59 ) 
4 1429 1431 (-13312 -2048 9978.230469 ) (-13312 -2048 59 ) (-13312 -3072 59 ) (-13312 -3072 9978.230469 ) 
4 1430 1434 (-12288 -3072 -1443 ) (-12288 -3072 29 ) (-13312 -3072 29 ) (-13312 -3072 -1443 ) 
4 1430 1432 (-13312 -2048 29 ) (-13312 -2048 -1443 ) (-13312 -3072 -1443 ) (-13312 -3072 29 ) 
4 1431 1437 (-14336 -2048 9978.230469 ) (-14336 -2048 59 ) (-14336 -3072 59 ) (-14336 -3072 9978.230469 ) 
4 1431 1435 (-13312 -3072 59 ) (-13312 -3072 9978.230469 ) (-14336 -3072 9978.230469 ) (-14336 -3072 59 ) 
4 1432 1438 (-14336 -2048 29 ) (-14336 -2048 -1443 ) (-14336 -3072 -1443 ) (-14336 -3072 29 ) 
4 1432 1436 (-13312 -3072 -1443 ) (-13312 -3072 29 ) (-14336 -3072 29 ) (-14336 -3072 -1443 ) 
4 1433 1441 (-12288 -4096 59 ) (-12288 -4096 9978.230469 ) (-13312 -4096 9978.230469 ) (-13312 -4096 59 ) 
4 1433 1435 (-13312 -3072 9978.230469 ) (-13312 -3072 59 ) (-13312 -4096 59 ) (-13312 -4096 9978.230469 ) 
4 1434 1442 (-12288 -4096 -1443 ) (-12288 -4096 29 ) (-13312 -4096 29 ) (-13312 -4096 -1443 ) 
4 1434 1436 (-13312 -3072 29 ) (-13312 -3072 -1443 ) (-13312 -4096 -1443 ) (-13312 -4096 29 ) 
4 1435 1443 (-13312 -4096 59 ) (-13312 -4096 9978.230469 ) (-14336 -4096 9978.230469 ) (-14336 -4096 59 ) 
4 1435 1439 (-14336 -4096 59 ) (-14336 -4096 9978.230469 ) (-14336 -3072 9978.230469 ) (-14336 -3072 59 ) 
4 1436 1444 (-13312 -4096 -1443 ) (-13312 -4096 29 ) (-14336 -4096 29 ) (-14336 -4096 -1443 ) 
4 1436 1440 (-14336 -4096 -1443 ) (-14336 -4096 29 ) (-14336 -3072 29 ) (-14336 -3072 -1443 ) 
4 1437 1439 (-14336 -3072 59 ) (-14336 -3072 9978.230469 ) (-14655.500000 -3072 9978.230469 ) (-14655.500000 -3072 59 ) 
4 1438 1440 (-14336 -3072 -1443 ) (-14336 -3072 29 ) (-14655.500000 -3072 29 ) (-14655.500000 -3072 -1443 ) 
4 1439 1445 (-14336 -4096 59 ) (-14336 -4096 9978.230469 ) (-14655.500000 -4096 9978.230469 ) (-14655.500000 -4096 59 ) 
4 1440 1446 (-14336 -4096 -1443 ) (-14336 -4096 29 ) (-14655.500000 -4096 29 ) (-14655.500000 -4096 -1443 ) 
4 1441 1443 (-13312 -4096 9978.230469 ) (-13312 -4096 59 ) (-13312 -5120 59 ) (-13312 -5120 9978.230469 ) 
4 1442 1444 (-13312 -4096 29 ) (-13312 -4096 -1443 ) (-13312 -5120 -1443 ) (-13312 -5120 29 ) 
4 1443 1445 (-14336 -4096 9978.230469 ) (-14336 -4096 59 ) (-14336 -5120 59 ) (-14336 -5120 9978.230469 ) 
4 1444 1446 (-14336 -4096 29 ) (-14336 -4096 -1443 ) (-14336 -5120 -1443 ) (-14336 -5120 29 ) 
