


Using shader api: shaderapiempty.dll
materialPath: C:\Program Files (x86)\Steam\steamapps\common\Half-Life 2 Deathmatch\hl2mp\materials
Loading C:\Users\z\Documents\Github\celmod-archive\maps\custom-maps\gm_park_cm.vmf
Could not locate 'GameData' key in c:\program files (x86)\steam\steamapps\common\half-life 2 deathmatch\hl2mp\gameinfo.txt
fixing up env_cubemap materials on brush sides...
0...1...2...3...4...5...6...7...8...9...100...1...2...3...4...5...6...7...8...9...10Processing areas...done (0)
Building Faces...done (0)
Chop Details...done (0)
Find Visible Detail Sides...
Merged 22 detail faces...done (0)
Merging details...done (0)
FixTjuncs...
PruneNodes...
WriteBSP...
done (0)
writing C:\Users\z\Documents\Github\celmod-archive\maps\custom-maps\gm_park_cm.prt...Building visibility clusters...
done (0)
Creating default LDR cubemaps for env_cubemap using skybox materials:
   skybox/sky_day02_10*.vmt
 ! Run buildcubemaps in the engine to get the correct cube maps.
Creating default HDR cubemaps for env_cubemap using skybox materials:
   skybox/sky_day02_10*.vmt
 ! Run buildcubemaps in the engine to get the correct cube maps.
Finding displacement neighbors...
Finding lightmap sample positions...
Displacement Alpha : 0...1...2...3...4...5...6...7...8...9...10
Building Physics collision data...
WARNING: Map using power 4 displacements, terrain physics cannot be compressed, map will need additional memory and CPU.
done (0) (273242 bytes)
Placing detail props : 0...1...2...3...4...5...6...7...8...9...10
Compacting texture/material tables...
Reduced 135 texinfos to 66
Reduced 23 texdatas to 18 (778 bytes to 615)
Writing C:\Users\z\Documents\Github\celmod-archive\maps\custom-maps\gm_park_cm.bsp
MSG_FILEWRITE - Filesystem was asked to write to 'C:\Users\z\Documents\Github\celmod-archive\maps\custom-maps\gm_park_cm.bsp', but we don't own that location. Allowing.
Wrote ZIP buffer, estimated size 437344, actual size 435388
0 seconds elapsed



4 threads
reading c:\users\z\documents\github\celmod-archive\maps\custom-maps\gm_park_cm.bsp
reading c:\users\z\documents\github\celmod-archive\maps\custom-maps\gm_park_cm.prt
 380 portalclusters
1131 numportals
0...1...2...3...4...5...6...7...8...9...100...1...2...3...4...5...6...7...8...9...10Optimized: 151 visible clusters (0.12%)
Total clusters visible: 126817
Average clusters visible: 333
Building PAS...
Average clusters audible: 380
visdatasize:39558  compressed from 36480
writing c:\users\z\documents\github\celmod-archive\maps\custom-maps\gm_park_cm.bsp
MSG_FILEWRITE - Filesystem was asked to write to 'c:\users\z\documents\github\celmod-archive\maps\custom-maps\gm_park_cm.bsp', but we don't own that location. Allowing.
10 seconds elapsed



Could not find lights.rad in lights.rad.
Trying VRAD BIN directory instead...
Warning: Couldn't open texlight file C:\Program Files (x86)\Steam\steamapps\common\Half-Life 2 Deathmatch\bin\x64\lights.rad.
Loading c:\users\z\documents\github\celmod-archive\maps\custom-maps\gm_park_cm.bsp
868 faces
3645199 square feet [524908736.00 square inches]
4 Displacements
728177 Square Feet [104857600.00 Square Inches]
868 patches before subdivision
11886 patches after subdivision
8 direct lights
0...1...2...3...4...5...6...7...8...9...100...1...2...3...4...5...6...7...8...9...10transfers 759402, max 360
transfer lists:   5.8 megs
0...1...2...3...4...5...6...7...8...9...10	Bounce #1 added RGB(32238, 31946, 16975)
0...1...2...3...4...5...6...7...8...9...10	Bounce #2 added RGB(3605, 2749, 1174)
0...1...2...3...4...5...6...7...8...9...10	Bounce #3 added RGB(670, 426, 137)
0...1...2...3...4...5...6...7...8...9...10	Bounce #4 added RGB(117, 65, 16)
0...1...2...3...4...5...6...7...8...9...10	Bounce #5 added RGB(26, 12, 2)
0...1...2...3...4...5...6...7...8...9...10	Bounce #6 added RGB(5, 2, 0)
0...1...2...3...4...5...6...7...8...9...10	Bounce #7 added RGB(1, 0, 0)
0...1...2...3...4...5...6...7...8...9...10	Bounce #8 added RGB(0, 0, 0)
Build Patch/Sample Hash Table(s).....Done<0.0051 sec>
0...1...2...3...4...5...6...7...8...9...10FinalLightFace Done
0 of 0 (0% of) surface lights went in leaf ambient cubes.
0...1...2...3...4...5...6...7...8...9...10Writing leaf ambient...done
Ready to Finish

Object names       Objects/Maxobjs  Memory / Maxmem  Fullness 
------------       ---------------  ---------------  -------- 
models                   2/1024           96/49152    ( 0.2%) 
brushes                118/8192         1416/98304    ( 1.4%) 
brushsides             735/65536        5880/524288   ( 1.1%) 
planes                 462/65536        9240/1310720  ( 0.7%) 
vertexes              1460/65536       17520/786432   ( 2.2%) 
nodes                  698/65536       22336/2097152  ( 1.1%) 
texinfos                66/12288        4752/884736   ( 0.5%) 
texdata                 18/2048          576/65536    ( 0.9%) 
dispinfos                4/0             704/0        ( 0.0%) 
disp_verts            1156/0           23120/0        ( 0.0%) 
disp_tris             2048/0            4096/0        ( 0.0%) 
disp_lmsamples       73881/0           73881/0        ( 0.0%) 
faces                  868/65536       48608/3670016  ( 1.3%) 
hdr faces                0/65536           0/3670016  ( 0.0%) 
origfaces              352/65536       19712/3670016  ( 0.5%) 
leaves                 701/65536       22432/2097152  ( 1.1%) 
leaffaces             1069/65536        2138/131072   ( 1.6%) 
leafbrushes            464/65536         928/131072   ( 0.7%) 
areas                    2/256            16/2048     ( 0.8%) 
surfedges             5232/512000      20928/2048000  ( 1.0%) 
edges                 3141/256000      12564/1024000  ( 1.2%) 
LDR worldlights          8/8192          704/720896   ( 0.1%) 
HDR worldlights          0/8192            0/720896   ( 0.0%) 
leafwaterdata            0/32768           0/393216   ( 0.0%) 
waterstrips             93/32768         930/327680   ( 0.3%) 
waterverts               0/65536           0/786432   ( 0.0%) 
waterindices          1509/65536        3018/131072   ( 2.3%) 
cubemapsamples           4/1024           64/16384    ( 0.4%) 
overlays                 0/512             0/180224   ( 0.0%) 
LDR lightdata         [variable]      526712/0        ( 0.0%) 
HDR lightdata         [variable]           0/0        ( 0.0%) 
visdata               [variable]       39558/16777216 ( 0.2%) 
entdata               [variable]        6036/393216   ( 1.5%) 
LDR ambient table      701/65536        2804/262144   ( 1.1%) 
HDR ambient table      701/65536        2804/262144   ( 1.1%) 
LDR leaf ambient      3375/65536       94500/1835008  ( 5.1%) 
HDR leaf ambient       701/65536       19628/1835008  ( 1.1%) 
occluders                0/0               0/0        ( 0.0%) 
occluder polygons        0/0               0/0        ( 0.0%) 
occluder vert ind        0/0               0/0        ( 0.0%) 
detail props          [variable]           1/12       ( 8.3%) 
static props          [variable]           1/2840     ( 0.0%) 
pakfile               [variable]      435388/0        ( 0.0%) 
physics               [variable]      273242/4194304  ( 6.5%) 
physics terrain       [variable]           0/1048576  ( 0.0%) 

Level flags = 0

Total triangle count: 2086
Writing c:\users\z\documents\github\celmod-archive\maps\custom-maps\gm_park_cm.bsp
5 seconds elapsed



Using shader api: shaderapiempty.dll
materialPath: C:\Program Files (x86)\Steam\steamapps\common\Half-Life 2 Deathmatch\hl2mp\materials
Loading C:\Users\z\Documents\Github\celmod-archive\maps\custom-maps\gm_park_cm.vmf
Could not locate 'GameData' key in c:\program files (x86)\steam\steamapps\common\half-life 2 deathmatch\hl2mp\gameinfo.txt
fixing up env_cubemap materials on brush sides...
0...1...2...3...4...5...6...7...8...9...100...1...2...3...4...5...6...7...8...9...10Processing areas...done (0)
Building Faces...done (0)
Chop Details...done (0)
Find Visible Detail Sides...
Merged 22 detail faces...done (0)
Merging details...done (0)
FixTjuncs...
PruneNodes...
WriteBSP...
done (0)
writing C:\Users\z\Documents\Github\celmod-archive\maps\custom-maps\gm_park_cm.prt...Building visibility clusters...
done (0)
Creating default LDR cubemaps for env_cubemap using skybox materials:
   skybox/sky_day02_10*.vmt
 ! Run buildcubemaps in the engine to get the correct cube maps.
Creating default HDR cubemaps for env_cubemap using skybox materials:
   skybox/sky_day02_10*.vmt
 ! Run buildcubemaps in the engine to get the correct cube maps.
Finding displacement neighbors...
Finding lightmap sample positions...
Displacement Alpha : 0...1...2...3...4...5...6...7...8...9...10
Building Physics collision data...
WARNING: Map using power 4 displacements, terrain physics cannot be compressed, map will need additional memory and CPU.
done (0) (273242 bytes)
Placing detail props : 0...1...2...3...4...5...6...7...8...9...10
Compacting texture/material tables...
Reduced 135 texinfos to 66
Reduced 23 texdatas to 18 (778 bytes to 615)
Writing C:\Users\z\Documents\Github\celmod-archive\maps\custom-maps\gm_park_cm.bsp
MSG_FILEWRITE - Filesystem was asked to write to 'C:\Users\z\Documents\Github\celmod-archive\maps\custom-maps\gm_park_cm.bsp', but we don't own that location. Allowing.
Wrote ZIP buffer, estimated size 437344, actual size 435388
0 seconds elapsed



4 threads
reading c:\users\z\documents\github\celmod-archive\maps\custom-maps\gm_park_cm.bsp
reading c:\users\z\documents\github\celmod-archive\maps\custom-maps\gm_park_cm.prt
 380 portalclusters
1131 numportals
0...1...2...3...4...5...6...7...8...9...100...1...2...3...4...5...6...7...8...9...10Optimized: 151 visible clusters (0.12%)
Total clusters visible: 126817
Average clusters visible: 333
Building PAS...
Average clusters audible: 380
visdatasize:39558  compressed from 36480
writing c:\users\z\documents\github\celmod-archive\maps\custom-maps\gm_park_cm.bsp
MSG_FILEWRITE - Filesystem was asked to write to 'c:\users\z\documents\github\celmod-archive\maps\custom-maps\gm_park_cm.bsp', but we don't own that location. Allowing.
12 seconds elapsed



Could not find lights.rad in lights.rad.
Trying VRAD BIN directory instead...
Warning: Couldn't open texlight file C:\Program Files (x86)\Steam\steamapps\common\Half-Life 2 Deathmatch\bin\x64\lights.rad.
Loading c:\users\z\documents\github\celmod-archive\maps\custom-maps\gm_park_cm.bsp
868 faces
3645199 square feet [524908736.00 square inches]
4 Displacements
728177 Square Feet [104857600.00 Square Inches]
868 patches before subdivision
11886 patches after subdivision
8 direct lights
0...1...2...3...4...5...6...7...8...9...100...1...2...3...4...5...6...7...8...9...10transfers 759402, max 360
transfer lists:   5.8 megs
0...1...2...3...4...5...6...7...8...9...10	Bounce #1 added RGB(24397, 31941, 12640)
0...1...2...3...4...5...6...7...8...9...10	Bounce #2 added RGB(2915, 2749, 939)
0...1...2...3...4...5...6...7...8...9...10	Bounce #3 added RGB(555, 426, 111)
0...1...2...3...4...5...6...7...8...9...10	Bounce #4 added RGB(101, 65, 13)
0...1...2...3...4...5...6...7...8...9...10	Bounce #5 added RGB(23, 12, 2)
0...1...2...3...4...5...6...7...8...9...10	Bounce #6 added RGB(4, 2, 0)
0...1...2...3...4...5...6...7...8...9...10	Bounce #7 added RGB(1, 0, 0)
0...1...2...3...4...5...6...7...8...9...10	Bounce #8 added RGB(0, 0, 0)
Build Patch/Sample Hash Table(s).....Done<0.0200 sec>
0...1...2...3...4...5...6...7...8...9...10FinalLightFace Done
0 of 0 (0% of) surface lights went in leaf ambient cubes.
0...1...2...3...4...5...6...7...8...9...10Writing leaf ambient...done
Ready to Finish

Object names       Objects/Maxobjs  Memory / Maxmem  Fullness 
------------       ---------------  ---------------  -------- 
models                   2/1024           96/49152    ( 0.2%) 
brushes                118/8192         1416/98304    ( 1.4%) 
brushsides             735/65536        5880/524288   ( 1.1%) 
planes                 462/65536        9240/1310720  ( 0.7%) 
vertexes              1460/65536       17520/786432   ( 2.2%) 
nodes                  698/65536       22336/2097152  ( 1.1%) 
texinfos                66/12288        4752/884736   ( 0.5%) 
texdata                 18/2048          576/65536    ( 0.9%) 
dispinfos                4/0             704/0        ( 0.0%) 
disp_verts            1156/0           23120/0        ( 0.0%) 
disp_tris             2048/0            4096/0        ( 0.0%) 
disp_lmsamples       73881/0           73881/0        ( 0.0%) 
faces                  868/65536       48608/3670016  ( 1.3%) 
hdr faces                0/65536           0/3670016  ( 0.0%) 
origfaces              352/65536       19712/3670016  ( 0.5%) 
leaves                 701/65536       22432/2097152  ( 1.1%) 
leaffaces             1069/65536        2138/131072   ( 1.6%) 
leafbrushes            464/65536         928/131072   ( 0.7%) 
areas                    2/256            16/2048     ( 0.8%) 
surfedges             5232/512000      20928/2048000  ( 1.0%) 
edges                 3141/256000      12564/1024000  ( 1.2%) 
LDR worldlights          8/8192          704/720896   ( 0.1%) 
HDR worldlights          0/8192            0/720896   ( 0.0%) 
leafwaterdata            0/32768           0/393216   ( 0.0%) 
waterstrips             93/32768         930/327680   ( 0.3%) 
waterverts               0/65536           0/786432   ( 0.0%) 
waterindices          1509/65536        3018/131072   ( 2.3%) 
cubemapsamples           4/1024           64/16384    ( 0.4%) 
overlays                 0/512             0/180224   ( 0.0%) 
LDR lightdata         [variable]      526712/0        ( 0.0%) 
HDR lightdata         [variable]           0/0        ( 0.0%) 
visdata               [variable]       39558/16777216 ( 0.2%) 
entdata               [variable]        6036/393216   ( 1.5%) 
LDR ambient table      701/65536        2804/262144   ( 1.1%) 
HDR ambient table      701/65536        2804/262144   ( 1.1%) 
LDR leaf ambient      3429/65536       96012/1835008  ( 5.2%) 
HDR leaf ambient       701/65536       19628/1835008  ( 1.1%) 
occluders                0/0               0/0        ( 0.0%) 
occluder polygons        0/0               0/0        ( 0.0%) 
occluder vert ind        0/0               0/0        ( 0.0%) 
detail props          [variable]           1/12       ( 8.3%) 
static props          [variable]           1/2840     ( 0.0%) 
pakfile               [variable]      435388/0        ( 0.0%) 
physics               [variable]      273242/4194304  ( 6.5%) 
physics terrain       [variable]           0/1048576  ( 0.0%) 

Level flags = 0

Total triangle count: 2086
Writing c:\users\z\documents\github\celmod-archive\maps\custom-maps\gm_park_cm.bsp
7 seconds elapsed



Using shader api: shaderapiempty.dll
materialPath: C:\Program Files (x86)\Steam\steamapps\common\Half-Life 2 Deathmatch\hl2mp\materials
Loading C:\Users\z\Documents\Github\celmod-archive\maps\custom-maps\gm_park_cm.vmf
Could not locate 'GameData' key in c:\program files (x86)\steam\steamapps\common\half-life 2 deathmatch\hl2mp\gameinfo.txt
fixing up env_cubemap materials on brush sides...
0...1...2...3...4...5...6...7...8...9...100...1...2...3...4...5...6...7...8...9...10Processing areas...done (0)
Building Faces...done (0)
Chop Details...done (0)
Find Visible Detail Sides...
Merged 22 detail faces...done (0)
Merging details...done (0)
FixTjuncs...
PruneNodes...
WriteBSP...
done (0)
writing C:\Users\z\Documents\Github\celmod-archive\maps\custom-maps\gm_park_cm.prt...Building visibility clusters...
done (0)
Creating default LDR cubemaps for env_cubemap using skybox materials:
   skybox/sky_day02_10*.vmt
 ! Run buildcubemaps in the engine to get the correct cube maps.
Creating default HDR cubemaps for env_cubemap using skybox materials:
   skybox/sky_day02_10*.vmt
 ! Run buildcubemaps in the engine to get the correct cube maps.
Finding displacement neighbors...
Finding lightmap sample positions...
Displacement Alpha : 0...1...2...3...4...5...6...7...8...9...10
Building Physics collision data...
WARNING: Map using power 4 displacements, terrain physics cannot be compressed, map will need additional memory and CPU.
done (0) (273242 bytes)
Placing detail props : 0...1...2...3...4...5...6...7...8...9...10
Compacting texture/material tables...
Reduced 135 texinfos to 66
Reduced 23 texdatas to 18 (778 bytes to 615)
Writing C:\Users\z\Documents\Github\celmod-archive\maps\custom-maps\gm_park_cm.bsp
MSG_FILEWRITE - Filesystem was asked to write to 'C:\Users\z\Documents\Github\celmod-archive\maps\custom-maps\gm_park_cm.bsp', but we don't own that location. Allowing.
Wrote ZIP buffer, estimated size 437344, actual size 435388
1 second elapsed



4 threads
reading c:\users\z\documents\github\celmod-archive\maps\custom-maps\gm_park_cm.bsp
reading c:\users\z\documents\github\celmod-archive\maps\custom-maps\gm_park_cm.prt
 380 portalclusters
1131 numportals
0...1...2...3...4...5...6...7...8...9...100...1...2...3...4...5...6...7...8...9...10Optimized: 151 visible clusters (0.12%)
Total clusters visible: 126817
Average clusters visible: 333
Building PAS...
Average clusters audible: 380
visdatasize:39558  compressed from 36480
writing c:\users\z\documents\github\celmod-archive\maps\custom-maps\gm_park_cm.bsp
MSG_FILEWRITE - Filesystem was asked to write to 'c:\users\z\documents\github\celmod-archive\maps\custom-maps\gm_park_cm.bsp', but we don't own that location. Allowing.
12 seconds elapsed



Could not find lights.rad in lights.rad.
Trying VRAD BIN directory instead...
Warning: Couldn't open texlight file C:\Program Files (x86)\Steam\steamapps\common\Half-Life 2 Deathmatch\bin\x64\lights.rad.
Loading c:\users\z\documents\github\celmod-archive\maps\custom-maps\gm_park_cm.bsp
868 faces
3645199 square feet [524908736.00 square inches]
4 Displacements
728177 Square Feet [104857600.00 Square Inches]
868 patches before subdivision
11886 patches after subdivision
8 direct lights
0...1...2...3...4...5...6...7...8...9...100...1...2...3...4...5...6...7...8...9...10transfers 759402, max 360
transfer lists:   5.8 megs
0...1...2...3...4...5...6...7...8...9...10	Bounce #1 added RGB(27136, 29764, 17509)
0...1...2...3...4...5...6...7...8...9...10	Bounce #2 added RGB(3155, 2618, 1203)
0...1...2...3...4...5...6...7...8...9...10	Bounce #3 added RGB(595, 409, 140)
0...1...2...3...4...5...6...7...8...9...10	Bounce #4 added RGB(106, 63, 17)
0...1...2...3...4...5...6...7...8...9...10	Bounce #5 added RGB(24, 12, 2)
0...1...2...3...4...5...6...7...8...9...10	Bounce #6 added RGB(5, 2, 0)
0...1...2...3...4...5...6...7...8...9...10	Bounce #7 added RGB(1, 0, 0)
0...1...2...3...4...5...6...7...8...9...10	Bounce #8 added RGB(0, 0, 0)
Build Patch/Sample Hash Table(s).....Done<0.0250 sec>
0...1...2...3...4...5...6...7...8...9...10FinalLightFace Done
0 of 0 (0% of) surface lights went in leaf ambient cubes.
0...1...2...3...4...5...6...7...8...9...10Writing leaf ambient...done
Ready to Finish

Object names       Objects/Maxobjs  Memory / Maxmem  Fullness 
------------       ---------------  ---------------  -------- 
models                   2/1024           96/49152    ( 0.2%) 
brushes                118/8192         1416/98304    ( 1.4%) 
brushsides             735/65536        5880/524288   ( 1.1%) 
planes                 462/65536        9240/1310720  ( 0.7%) 
vertexes              1460/65536       17520/786432   ( 2.2%) 
nodes                  698/65536       22336/2097152  ( 1.1%) 
texinfos                66/12288        4752/884736   ( 0.5%) 
texdata                 18/2048          576/65536    ( 0.9%) 
dispinfos                4/0             704/0        ( 0.0%) 
disp_verts            1156/0           23120/0        ( 0.0%) 
disp_tris             2048/0            4096/0        ( 0.0%) 
disp_lmsamples       73881/0           73881/0        ( 0.0%) 
faces                  868/65536       48608/3670016  ( 1.3%) 
hdr faces                0/65536           0/3670016  ( 0.0%) 
origfaces              352/65536       19712/3670016  ( 0.5%) 
leaves                 701/65536       22432/2097152  ( 1.1%) 
leaffaces             1069/65536        2138/131072   ( 1.6%) 
leafbrushes            464/65536         928/131072   ( 0.7%) 
areas                    2/256            16/2048     ( 0.8%) 
surfedges             5232/512000      20928/2048000  ( 1.0%) 
edges                 3141/256000      12564/1024000  ( 1.2%) 
LDR worldlights          8/8192          704/720896   ( 0.1%) 
HDR worldlights          0/8192            0/720896   ( 0.0%) 
leafwaterdata            0/32768           0/393216   ( 0.0%) 
waterstrips             93/32768         930/327680   ( 0.3%) 
waterverts               0/65536           0/786432   ( 0.0%) 
waterindices          1509/65536        3018/131072   ( 2.3%) 
cubemapsamples           4/1024           64/16384    ( 0.4%) 
overlays                 0/512             0/180224   ( 0.0%) 
LDR lightdata         [variable]      526712/0        ( 0.0%) 
HDR lightdata         [variable]           0/0        ( 0.0%) 
visdata               [variable]       39558/16777216 ( 0.2%) 
entdata               [variable]        6036/393216   ( 1.5%) 
LDR ambient table      701/65536        2804/262144   ( 1.1%) 
HDR ambient table      701/65536        2804/262144   ( 1.1%) 
LDR leaf ambient      3331/65536       93268/1835008  ( 5.1%) 
HDR leaf ambient       701/65536       19628/1835008  ( 1.1%) 
occluders                0/0               0/0        ( 0.0%) 
occluder polygons        0/0               0/0        ( 0.0%) 
occluder vert ind        0/0               0/0        ( 0.0%) 
detail props          [variable]           1/12       ( 8.3%) 
static props          [variable]           1/2840     ( 0.0%) 
pakfile               [variable]      435388/0        ( 0.0%) 
physics               [variable]      273242/4194304  ( 6.5%) 
physics terrain       [variable]           0/1048576  ( 0.0%) 

Level flags = 0

Total triangle count: 2086
Writing c:\users\z\documents\github\celmod-archive\maps\custom-maps\gm_park_cm.bsp
8 seconds elapsed



Using shader api: shaderapiempty.dll
materialPath: C:\Program Files (x86)\Steam\steamapps\common\Half-Life 2 Deathmatch\hl2mp\materials
Loading C:\Users\z\Documents\Github\celmod-archive\maps\custom-maps\gm_park_cm.vmf
Could not locate 'GameData' key in c:\program files (x86)\steam\steamapps\common\half-life 2 deathmatch\hl2mp\gameinfo.txt
fixing up env_cubemap materials on brush sides...
0...1...2...3...4...5...6...7...8...9...100...1...2...3...4...5...6...7...8...9...10Processing areas...done (0)
Building Faces...done (0)
Chop Details...done (0)
Find Visible Detail Sides...
Merged 22 detail faces...done (0)
Merging details...done (0)
FixTjuncs...
PruneNodes...
WriteBSP...
done (0)
writing C:\Users\z\Documents\Github\celmod-archive\maps\custom-maps\gm_park_cm.prt...Building visibility clusters...
done (0)
Creating default LDR cubemaps for env_cubemap using skybox materials:
   skybox/sky_day02_10*.vmt
 ! Run buildcubemaps in the engine to get the correct cube maps.
Creating default HDR cubemaps for env_cubemap using skybox materials:
   skybox/sky_day02_10*.vmt
 ! Run buildcubemaps in the engine to get the correct cube maps.
Finding displacement neighbors...
Finding lightmap sample positions...
Displacement Alpha : 0...1...2...3...4...5...6...7...8...9...10
Building Physics collision data...
WARNING: Map using power 4 displacements, terrain physics cannot be compressed, map will need additional memory and CPU.
done (0) (273242 bytes)
Placing detail props : 0...1...2...3...4...5...6...7...8...9...10
Compacting texture/material tables...
Reduced 135 texinfos to 66
Reduced 23 texdatas to 18 (778 bytes to 615)
Writing C:\Users\z\Documents\Github\celmod-archive\maps\custom-maps\gm_park_cm.bsp
MSG_FILEWRITE - Filesystem was asked to write to 'C:\Users\z\Documents\Github\celmod-archive\maps\custom-maps\gm_park_cm.bsp', but we don't own that location. Allowing.
Wrote ZIP buffer, estimated size 437344, actual size 435388
0 seconds elapsed



4 threads
reading c:\users\z\documents\github\celmod-archive\maps\custom-maps\gm_park_cm.bsp
reading c:\users\z\documents\github\celmod-archive\maps\custom-maps\gm_park_cm.prt
 380 portalclusters
1131 numportals
0...1...2...3...4...5...6...7...8...9...100...1...2...3...4...5...6...7...8...9...10Optimized: 151 visible clusters (0.12%)
Total clusters visible: 126817
Average clusters visible: 333
Building PAS...
Average clusters audible: 380
visdatasize:39558  compressed from 36480
writing c:\users\z\documents\github\celmod-archive\maps\custom-maps\gm_park_cm.bsp
MSG_FILEWRITE - Filesystem was asked to write to 'c:\users\z\documents\github\celmod-archive\maps\custom-maps\gm_park_cm.bsp', but we don't own that location. Allowing.
10 seconds elapsed



Could not find lights.rad in lights.rad.
Trying VRAD BIN directory instead...
Warning: Couldn't open texlight file C:\Program Files (x86)\Steam\steamapps\common\Half-Life 2 Deathmatch\bin\x64\lights.rad.
Loading c:\users\z\documents\github\celmod-archive\maps\custom-maps\gm_park_cm.bsp
868 faces
3645199 square feet [524908736.00 square inches]
4 Displacements
728177 Square Feet [104857600.00 Square Inches]
868 patches before subdivision
11886 patches after subdivision
8 direct lights
0...1...2...3...4...5...6...7...8...9...100...1...2...3...4...5...6...7...8...9...10transfers 759402, max 360
transfer lists:   5.8 megs
0...1...2...3...4...5...6...7...8...9...10	Bounce #1 added RGB(32237, 31263, 15622)
0...1...2...3...4...5...6...7...8...9...10	Bounce #2 added RGB(3605, 2707, 1101)
0...1...2...3...4...5...6...7...8...9...10	Bounce #3 added RGB(670, 421, 129)
0...1...2...3...4...5...6...7...8...9...10	Bounce #4 added RGB(116, 64, 15)
0...1...2...3...4...5...6...7...8...9...10	Bounce #5 added RGB(26, 12, 2)
0...1...2...3...4...5...6...7...8...9...10	Bounce #6 added RGB(5, 2, 0)
0...1...2...3...4...5...6...7...8...9...10	Bounce #7 added RGB(1, 0, 0)
0...1...2...3...4...5...6...7...8...9...10	Bounce #8 added RGB(0, 0, 0)
Build Patch/Sample Hash Table(s).....Done<0.0054 sec>
0...1...2...3...4...5...6...7...8...9...10FinalLightFace Done
0 of 0 (0% of) surface lights went in leaf ambient cubes.
0...1...2...3...4...5...6...7...8...9...10Writing leaf ambient...done
Ready to Finish

Object names       Objects/Maxobjs  Memory / Maxmem  Fullness 
------------       ---------------  ---------------  -------- 
models                   2/1024           96/49152    ( 0.2%) 
brushes                118/8192         1416/98304    ( 1.4%) 
brushsides             735/65536        5880/524288   ( 1.1%) 
planes                 462/65536        9240/1310720  ( 0.7%) 
vertexes              1460/65536       17520/786432   ( 2.2%) 
nodes                  698/65536       22336/2097152  ( 1.1%) 
texinfos                66/12288        4752/884736   ( 0.5%) 
texdata                 18/2048          576/65536    ( 0.9%) 
dispinfos                4/0             704/0        ( 0.0%) 
disp_verts            1156/0           23120/0        ( 0.0%) 
disp_tris             2048/0            4096/0        ( 0.0%) 
disp_lmsamples       73881/0           73881/0        ( 0.0%) 
faces                  868/65536       48608/3670016  ( 1.3%) 
hdr faces                0/65536           0/3670016  ( 0.0%) 
origfaces              352/65536       19712/3670016  ( 0.5%) 
leaves                 701/65536       22432/2097152  ( 1.1%) 
leaffaces             1069/65536        2138/131072   ( 1.6%) 
leafbrushes            464/65536         928/131072   ( 0.7%) 
areas                    2/256            16/2048     ( 0.8%) 
surfedges             5232/512000      20928/2048000  ( 1.0%) 
edges                 3141/256000      12564/1024000  ( 1.2%) 
LDR worldlights          8/8192          704/720896   ( 0.1%) 
HDR worldlights          0/8192            0/720896   ( 0.0%) 
leafwaterdata            0/32768           0/393216   ( 0.0%) 
waterstrips             93/32768         930/327680   ( 0.3%) 
waterverts               0/65536           0/786432   ( 0.0%) 
waterindices          1509/65536        3018/131072   ( 2.3%) 
cubemapsamples           4/1024           64/16384    ( 0.4%) 
overlays                 0/512             0/180224   ( 0.0%) 
LDR lightdata         [variable]      526712/0        ( 0.0%) 
HDR lightdata         [variable]           0/0        ( 0.0%) 
visdata               [variable]       39558/16777216 ( 0.2%) 
entdata               [variable]        6036/393216   ( 1.5%) 
LDR ambient table      701/65536        2804/262144   ( 1.1%) 
HDR ambient table      701/65536        2804/262144   ( 1.1%) 
LDR leaf ambient      3373/65536       94444/1835008  ( 5.1%) 
HDR leaf ambient       701/65536       19628/1835008  ( 1.1%) 
occluders                0/0               0/0        ( 0.0%) 
occluder polygons        0/0               0/0        ( 0.0%) 
occluder vert ind        0/0               0/0        ( 0.0%) 
detail props          [variable]           1/12       ( 8.3%) 
static props          [variable]           1/2840     ( 0.0%) 
pakfile               [variable]      435388/0        ( 0.0%) 
physics               [variable]      273242/4194304  ( 6.5%) 
physics terrain       [variable]           0/1048576  ( 0.0%) 

Level flags = 0

Total triangle count: 2086
Writing c:\users\z\documents\github\celmod-archive\maps\custom-maps\gm_park_cm.bsp
5 seconds elapsed



Using shader api: shaderapiempty.dll
materialPath: C:\Program Files (x86)\Steam\steamapps\common\Half-Life 2 Deathmatch\hl2mp\materials
Loading C:\Users\z\Documents\Github\celmod-archive\maps\custom-maps\gm_park_cm.vmf
Could not locate 'GameData' key in c:\program files (x86)\steam\steamapps\common\half-life 2 deathmatch\hl2mp\gameinfo.txt
fixing up env_cubemap materials on brush sides...
0...1...2...3...4...5...6...7...8...9...100...1...2...3...4...5...6...7...8...9...10Processing areas...done (0)
Building Faces...done (0)
Chop Details...done (0)
Find Visible Detail Sides...
Merged 22 detail faces...done (0)
Merging details...done (0)
FixTjuncs...
PruneNodes...
WriteBSP...
done (0)
writing C:\Users\z\Documents\Github\celmod-archive\maps\custom-maps\gm_park_cm.prt...Building visibility clusters...
done (0)
Creating default LDR cubemaps for env_cubemap using skybox materials:
   skybox/sky_day02_10*.vmt
 ! Run buildcubemaps in the engine to get the correct cube maps.
Creating default HDR cubemaps for env_cubemap using skybox materials:
   skybox/sky_day02_10*.vmt
 ! Run buildcubemaps in the engine to get the correct cube maps.
Finding displacement neighbors...
Finding lightmap sample positions...
Displacement Alpha : 0...1...2...3...4...5...6...7...8...9...10
Building Physics collision data...
WARNING: Map using power 4 displacements, terrain physics cannot be compressed, map will need additional memory and CPU.
done (0) (273242 bytes)
Placing detail props : 0...1...2...3...4...5...6...7...8...9...10
Compacting texture/material tables...
Reduced 135 texinfos to 66
Reduced 23 texdatas to 18 (778 bytes to 615)
Writing C:\Users\z\Documents\Github\celmod-archive\maps\custom-maps\gm_park_cm.bsp
MSG_FILEWRITE - Filesystem was asked to write to 'C:\Users\z\Documents\Github\celmod-archive\maps\custom-maps\gm_park_cm.bsp', but we don't own that location. Allowing.
Wrote ZIP buffer, estimated size 437344, actual size 435388
0 seconds elapsed



4 threads
reading c:\users\z\documents\github\celmod-archive\maps\custom-maps\gm_park_cm.bsp
reading c:\users\z\documents\github\celmod-archive\maps\custom-maps\gm_park_cm.prt
 380 portalclusters
1131 numportals
0...1...2...3...4...5...6...7...8...9...100...1...2...3...4...5...6...7...8...9...10Optimized: 151 visible clusters (0.12%)
Total clusters visible: 126817
Average clusters visible: 333
Building PAS...
Average clusters audible: 380
visdatasize:39558  compressed from 36480
writing c:\users\z\documents\github\celmod-archive\maps\custom-maps\gm_park_cm.bsp
MSG_FILEWRITE - Filesystem was asked to write to 'c:\users\z\documents\github\celmod-archive\maps\custom-maps\gm_park_cm.bsp', but we don't own that location. Allowing.
10 seconds elapsed



Could not find lights.rad in lights.rad.
Trying VRAD BIN directory instead...
Warning: Couldn't open texlight file C:\Program Files (x86)\Steam\steamapps\common\Half-Life 2 Deathmatch\bin\x64\lights.rad.
Loading c:\users\z\documents\github\celmod-archive\maps\custom-maps\gm_park_cm.bsp
868 faces
3645199 square feet [524908736.00 square inches]
4 Displacements
728177 Square Feet [104857600.00 Square Inches]
868 patches before subdivision
11886 patches after subdivision
8 direct lights
0...1...2...3...4...5...6...7...8...9...100...1...2...3...4...5...6...7...8...9...10transfers 759402, max 360
transfer lists:   5.8 megs
0...1...2...3...4...5...6...7...8...9...10	Bounce #1 added RGB(24300, 24399, 12303)
0...1...2...3...4...5...6...7...8...9...10	Bounce #2 added RGB(2906, 2293, 921)
0...1...2...3...4...5...6...7...8...9...10	Bounce #3 added RGB(553, 367, 109)
0...1...2...3...4...5...6...7...8...9...10	Bounce #4 added RGB(101, 59, 13)
0...1...2...3...4...5...6...7...8...9...10	Bounce #5 added RGB(22, 11, 2)
0...1...2...3...4...5...6...7...8...9...10	Bounce #6 added RGB(4, 2, 0)
0...1...2...3...4...5...6...7...8...9...10	Bounce #7 added RGB(1, 0, 0)
0...1...2...3...4...5...6...7...8...9...10	Bounce #8 added RGB(0, 0, 0)
Build Patch/Sample Hash Table(s).....Done<0.0088 sec>
0...1...2...3...4...5...6...7...8...9...10FinalLightFace Done
0 of 0 (0% of) surface lights went in leaf ambient cubes.
0...1...2...3...4...5...6...7...8...9...10Writing leaf ambient...done
Ready to Finish

Object names       Objects/Maxobjs  Memory / Maxmem  Fullness 
------------       ---------------  ---------------  -------- 
models                   2/1024           96/49152    ( 0.2%) 
brushes                118/8192         1416/98304    ( 1.4%) 
brushsides             735/65536        5880/524288   ( 1.1%) 
planes                 462/65536        9240/1310720  ( 0.7%) 
vertexes              1460/65536       17520/786432   ( 2.2%) 
nodes                  698/65536       22336/2097152  ( 1.1%) 
texinfos                66/12288        4752/884736   ( 0.5%) 
texdata                 18/2048          576/65536    ( 0.9%) 
dispinfos                4/0             704/0        ( 0.0%) 
disp_verts            1156/0           23120/0        ( 0.0%) 
disp_tris             2048/0            4096/0        ( 0.0%) 
disp_lmsamples       73881/0           73881/0        ( 0.0%) 
faces                  868/65536       48608/3670016  ( 1.3%) 
hdr faces                0/65536           0/3670016  ( 0.0%) 
origfaces              352/65536       19712/3670016  ( 0.5%) 
leaves                 701/65536       22432/2097152  ( 1.1%) 
leaffaces             1069/65536        2138/131072   ( 1.6%) 
leafbrushes            464/65536         928/131072   ( 0.7%) 
areas                    2/256            16/2048     ( 0.8%) 
surfedges             5232/512000      20928/2048000  ( 1.0%) 
edges                 3141/256000      12564/1024000  ( 1.2%) 
LDR worldlights          8/8192          704/720896   ( 0.1%) 
HDR worldlights          0/8192            0/720896   ( 0.0%) 
leafwaterdata            0/32768           0/393216   ( 0.0%) 
waterstrips             93/32768         930/327680   ( 0.3%) 
waterverts               0/65536           0/786432   ( 0.0%) 
waterindices          1509/65536        3018/131072   ( 2.3%) 
cubemapsamples           4/1024           64/16384    ( 0.4%) 
overlays                 0/512             0/180224   ( 0.0%) 
LDR lightdata         [variable]      526712/0        ( 0.0%) 
HDR lightdata         [variable]           0/0        ( 0.0%) 
visdata               [variable]       39558/16777216 ( 0.2%) 
entdata               [variable]        6036/393216   ( 1.5%) 
LDR ambient table      701/65536        2804/262144   ( 1.1%) 
HDR ambient table      701/65536        2804/262144   ( 1.1%) 
LDR leaf ambient      3381/65536       94668/1835008  ( 5.2%) 
HDR leaf ambient       701/65536       19628/1835008  ( 1.1%) 
occluders                0/0               0/0        ( 0.0%) 
occluder polygons        0/0               0/0        ( 0.0%) 
occluder vert ind        0/0               0/0        ( 0.0%) 
detail props          [variable]           1/12       ( 8.3%) 
static props          [variable]           1/2840     ( 0.0%) 
pakfile               [variable]      435388/0        ( 0.0%) 
physics               [variable]      273242/4194304  ( 6.5%) 
physics terrain       [variable]           0/1048576  ( 0.0%) 

Level flags = 0

Total triangle count: 2086
Writing c:\users\z\documents\github\celmod-archive\maps\custom-maps\gm_park_cm.bsp
5 seconds elapsed



Using shader api: shaderapiempty.dll
materialPath: C:\Program Files (x86)\Steam\steamapps\common\Half-Life 2 Deathmatch\hl2mp\materials
Loading C:\Users\z\Documents\Github\celmod-archive\maps\custom-maps\gm_park_cm.vmf
Could not locate 'GameData' key in c:\program files (x86)\steam\steamapps\common\half-life 2 deathmatch\hl2mp\gameinfo.txt
fixing up env_cubemap materials on brush sides...
0...1...2...3...4...5...6...7...8...9...100...1...2...3...4...5...6...7...8...9...10Processing areas...done (0)
Building Faces...done (0)
Chop Details...done (0)
Find Visible Detail Sides...
Merged 22 detail faces...done (0)
Merging details...done (0)
FixTjuncs...
PruneNodes...
WriteBSP...
done (0)
writing C:\Users\z\Documents\Github\celmod-archive\maps\custom-maps\gm_park_cm.prt...Building visibility clusters...
done (0)
Creating default LDR cubemaps for env_cubemap using skybox materials:
   skybox/sky_day02_10*.vmt
 ! Run buildcubemaps in the engine to get the correct cube maps.
Creating default HDR cubemaps for env_cubemap using skybox materials:
   skybox/sky_day02_10*.vmt
 ! Run buildcubemaps in the engine to get the correct cube maps.
Finding displacement neighbors...
Finding lightmap sample positions...
Displacement Alpha : 0...1...2...3...4...5...6...7...8...9...10
Building Physics collision data...
WARNING: Map using power 4 displacements, terrain physics cannot be compressed, map will need additional memory and CPU.
done (0) (273242 bytes)
Placing detail props : 0...1...2...3...4...5...6...7...8...9...10
Compacting texture/material tables...
Reduced 135 texinfos to 66
Reduced 23 texdatas to 18 (778 bytes to 615)
Writing C:\Users\z\Documents\Github\celmod-archive\maps\custom-maps\gm_park_cm.bsp
MSG_FILEWRITE - Filesystem was asked to write to 'C:\Users\z\Documents\Github\celmod-archive\maps\custom-maps\gm_park_cm.bsp', but we don't own that location. Allowing.
Wrote ZIP buffer, estimated size 437344, actual size 435388
0 seconds elapsed



4 threads
reading c:\users\z\documents\github\celmod-archive\maps\custom-maps\gm_park_cm.bsp
reading c:\users\z\documents\github\celmod-archive\maps\custom-maps\gm_park_cm.prt
 380 portalclusters
1131 numportals
0...1...2...3...4...5...6...7...8...9...100...1...2...3...4...5...6...7...8...9...10Optimized: 151 visible clusters (0.12%)
Total clusters visible: 126817
Average clusters visible: 333
Building PAS...
Average clusters audible: 380
visdatasize:39558  compressed from 36480
writing c:\users\z\documents\github\celmod-archive\maps\custom-maps\gm_park_cm.bsp
MSG_FILEWRITE - Filesystem was asked to write to 'c:\users\z\documents\github\celmod-archive\maps\custom-maps\gm_park_cm.bsp', but we don't own that location. Allowing.
11 seconds elapsed



Could not find lights.rad in lights.rad.
Trying VRAD BIN directory instead...
Warning: Couldn't open texlight file C:\Program Files (x86)\Steam\steamapps\common\Half-Life 2 Deathmatch\bin\x64\lights.rad.
Loading c:\users\z\documents\github\celmod-archive\maps\custom-maps\gm_park_cm.bsp
868 faces
3645199 square feet [524908736.00 square inches]
4 Displacements
728177 Square Feet [104857600.00 Square Inches]
868 patches before subdivision
11886 patches after subdivision
8 direct lights
0...1...2...3...4...5...6...7...8...9...100...1...2...3...4...5...6...7...8...9...10transfers 759402, max 360
transfer lists:   5.8 megs
0...1...2...3...4...5...6...7...8...9...10	Bounce #1 added RGB(31621, 31215, 15324)
0...1...2...3...4...5...6...7...8...9...10	Bounce #2 added RGB(3418, 2549, 998)
0...1...2...3...4...5...6...7...8...9...10	Bounce #3 added RGB(639, 396, 113)
0...1...2...3...4...5...6...7...8...9...10	Bounce #4 added RGB(114, 61, 13)
0...1...2...3...4...5...6...7...8...9...10	Bounce #5 added RGB(25, 12, 2)
0...1...2...3...4...5...6...7...8...9...10	Bounce #6 added RGB(5, 2, 0)
0...1...2...3...4...5...6...7...8...9...10	Bounce #7 added RGB(1, 0, 0)
0...1...2...3...4...5...6...7...8...9...10	Bounce #8 added RGB(0, 0, 0)
Build Patch/Sample Hash Table(s).....Done<0.0053 sec>
0...1...2...3...4...5...6...7...8...9...10FinalLightFace Done
0 of 0 (0% of) surface lights went in leaf ambient cubes.
0...1...2...3...4...5...6...7...8...9...10Writing leaf ambient...done
Ready to Finish

Object names       Objects/Maxobjs  Memory / Maxmem  Fullness 
------------       ---------------  ---------------  -------- 
models                   2/1024           96/49152    ( 0.2%) 
brushes                118/8192         1416/98304    ( 1.4%) 
brushsides             735/65536        5880/524288   ( 1.1%) 
planes                 462/65536        9240/1310720  ( 0.7%) 
vertexes              1460/65536       17520/786432   ( 2.2%) 
nodes                  698/65536       22336/2097152  ( 1.1%) 
texinfos                66/12288        4752/884736   ( 0.5%) 
texdata                 18/2048          576/65536    ( 0.9%) 
dispinfos                4/0             704/0        ( 0.0%) 
disp_verts            1156/0           23120/0        ( 0.0%) 
disp_tris             2048/0            4096/0        ( 0.0%) 
disp_lmsamples       73881/0           73881/0        ( 0.0%) 
faces                  868/65536       48608/3670016  ( 1.3%) 
hdr faces                0/65536           0/3670016  ( 0.0%) 
origfaces              352/65536       19712/3670016  ( 0.5%) 
leaves                 701/65536       22432/2097152  ( 1.1%) 
leaffaces             1069/65536        2138/131072   ( 1.6%) 
leafbrushes            464/65536         928/131072   ( 0.7%) 
areas                    2/256            16/2048     ( 0.8%) 
surfedges             5232/512000      20928/2048000  ( 1.0%) 
edges                 3141/256000      12564/1024000  ( 1.2%) 
LDR worldlights          8/8192          704/720896   ( 0.1%) 
HDR worldlights          0/8192            0/720896   ( 0.0%) 
leafwaterdata            0/32768           0/393216   ( 0.0%) 
waterstrips             93/32768         930/327680   ( 0.3%) 
waterverts               0/65536           0/786432   ( 0.0%) 
waterindices          1509/65536        3018/131072   ( 2.3%) 
cubemapsamples           4/1024           64/16384    ( 0.4%) 
overlays                 0/512             0/180224   ( 0.0%) 
LDR lightdata         [variable]      526712/0        ( 0.0%) 
HDR lightdata         [variable]           0/0        ( 0.0%) 
visdata               [variable]       39558/16777216 ( 0.2%) 
entdata               [variable]        6036/393216   ( 1.5%) 
LDR ambient table      701/65536        2804/262144   ( 1.1%) 
HDR ambient table      701/65536        2804/262144   ( 1.1%) 
LDR leaf ambient      3307/65536       92596/1835008  ( 5.0%) 
HDR leaf ambient       701/65536       19628/1835008  ( 1.1%) 
occluders                0/0               0/0        ( 0.0%) 
occluder polygons        0/0               0/0        ( 0.0%) 
occluder vert ind        0/0               0/0        ( 0.0%) 
detail props          [variable]           1/12       ( 8.3%) 
static props          [variable]           1/2840     ( 0.0%) 
pakfile               [variable]      435388/0        ( 0.0%) 
physics               [variable]      273242/4194304  ( 6.5%) 
physics terrain       [variable]           0/1048576  ( 0.0%) 

Level flags = 0

Total triangle count: 2086
Writing c:\users\z\documents\github\celmod-archive\maps\custom-maps\gm_park_cm.bsp
5 seconds elapsed



Using shader api: shaderapiempty.dll
materialPath: C:\Program Files (x86)\Steam\steamapps\common\Half-Life 2 Deathmatch\hl2mp\materials
Loading C:\Users\z\Documents\Github\celmod-archive\maps\custom-maps\gm_park_cm.vmf
Could not locate 'GameData' key in c:\program files (x86)\steam\steamapps\common\half-life 2 deathmatch\hl2mp\gameinfo.txt
fixing up env_cubemap materials on brush sides...
0...1...2...3...4...5...6...7...8...9...100...1...2...3...4...5...6...7...8...9...10Processing areas...done (0)
Building Faces...done (0)
Chop Details...done (0)
Find Visible Detail Sides...
Merged 22 detail faces...done (0)
Merging details...done (0)
FixTjuncs...
PruneNodes...
WriteBSP...
done (0)
writing C:\Users\z\Documents\Github\celmod-archive\maps\custom-maps\gm_park_cm.prt...Building visibility clusters...
done (0)
Creating default LDR cubemaps for env_cubemap using skybox materials:
   skybox/sky_day02_10*.vmt
 ! Run buildcubemaps in the engine to get the correct cube maps.
Creating default HDR cubemaps for env_cubemap using skybox materials:
   skybox/sky_day02_10*.vmt
 ! Run buildcubemaps in the engine to get the correct cube maps.
Finding displacement neighbors...
Finding lightmap sample positions...
Displacement Alpha : 0...1...2...3...4...5...6...7...8...9...10
Building Physics collision data...
WARNING: Map using power 4 displacements, terrain physics cannot be compressed, map will need additional memory and CPU.
done (0) (273242 bytes)
Placing detail props : 0...1...2...3...4...5...6...7...8...9...10
Compacting texture/material tables...
Reduced 135 texinfos to 66
Reduced 23 texdatas to 18 (778 bytes to 615)
Writing C:\Users\z\Documents\Github\celmod-archive\maps\custom-maps\gm_park_cm.bsp
MSG_FILEWRITE - Filesystem was asked to write to 'C:\Users\z\Documents\Github\celmod-archive\maps\custom-maps\gm_park_cm.bsp', but we don't own that location. Allowing.
Wrote ZIP buffer, estimated size 437344, actual size 435388
0 seconds elapsed



4 threads
reading c:\users\z\documents\github\celmod-archive\maps\custom-maps\gm_park_cm.bsp
reading c:\users\z\documents\github\celmod-archive\maps\custom-maps\gm_park_cm.prt
 380 portalclusters
1131 numportals
0...1...2...3...4...5...6...7...8...9...100...1...2...3...4...5...6...7...8...9...10Optimized: 151 visible clusters (0.12%)
Total clusters visible: 126817
Average clusters visible: 333
Building PAS...
Average clusters audible: 380
visdatasize:39558  compressed from 36480
writing c:\users\z\documents\github\celmod-archive\maps\custom-maps\gm_park_cm.bsp
MSG_FILEWRITE - Filesystem was asked to write to 'c:\users\z\documents\github\celmod-archive\maps\custom-maps\gm_park_cm.bsp', but we don't own that location. Allowing.
11 seconds elapsed



Could not find lights.rad in lights.rad.
Trying VRAD BIN directory instead...
Warning: Couldn't open texlight file C:\Program Files (x86)\Steam\steamapps\common\Half-Life 2 Deathmatch\bin\x64\lights.rad.
Loading c:\users\z\documents\github\celmod-archive\maps\custom-maps\gm_park_cm.bsp
868 faces
3645199 square feet [524908736.00 square inches]
4 Displacements
728177 Square Feet [104857600.00 Square Inches]
868 patches before subdivision
11886 patches after subdivision
8 direct lights
0...1...2...3...4...5...6...7...8...9...100...1...2...3...4...5...6...7...8...9...10transfers 759402, max 360
transfer lists:   5.8 megs
0...1...2...3...4...5...6...7...8...9...10	Bounce #1 added RGB(31674, 31312, 15349)
0...1...2...3...4...5...6...7...8...9...10	Bounce #2 added RGB(3400, 2537, 988)
0...1...2...3...4...5...6...7...8...9...10	Bounce #3 added RGB(641, 397, 112)
0...1...2...3...4...5...6...7...8...9...10	Bounce #4 added RGB(114, 61, 13)
0...1...2...3...4...5...6...7...8...9...10	Bounce #5 added RGB(25, 12, 2)
0...1...2...3...4...5...6...7...8...9...10	Bounce #6 added RGB(5, 2, 0)
0...1...2...3...4...5...6...7...8...9...10	Bounce #7 added RGB(1, 0, 0)
0...1...2...3...4...5...6...7...8...9...10	Bounce #8 added RGB(0, 0, 0)
Build Patch/Sample Hash Table(s).....Done<0.0086 sec>
0...1...2...3...4...5...6...7...8...9...10FinalLightFace Done
0 of 0 (0% of) surface lights went in leaf ambient cubes.
0...1...2...3...4...5...6...7...8...9...10Writing leaf ambient...done
Ready to Finish

Object names       Objects/Maxobjs  Memory / Maxmem  Fullness 
------------       ---------------  ---------------  -------- 
models                   2/1024           96/49152    ( 0.2%) 
brushes                118/8192         1416/98304    ( 1.4%) 
brushsides             735/65536        5880/524288   ( 1.1%) 
planes                 462/65536        9240/1310720  ( 0.7%) 
vertexes              1460/65536       17520/786432   ( 2.2%) 
nodes                  698/65536       22336/2097152  ( 1.1%) 
texinfos                66/12288        4752/884736   ( 0.5%) 
texdata                 18/2048          576/65536    ( 0.9%) 
dispinfos                4/0             704/0        ( 0.0%) 
disp_verts            1156/0           23120/0        ( 0.0%) 
disp_tris             2048/0            4096/0        ( 0.0%) 
disp_lmsamples       73881/0           73881/0        ( 0.0%) 
faces                  868/65536       48608/3670016  ( 1.3%) 
hdr faces                0/65536           0/3670016  ( 0.0%) 
origfaces              352/65536       19712/3670016  ( 0.5%) 
leaves                 701/65536       22432/2097152  ( 1.1%) 
leaffaces             1069/65536        2138/131072   ( 1.6%) 
leafbrushes            464/65536         928/131072   ( 0.7%) 
areas                    2/256            16/2048     ( 0.8%) 
surfedges             5232/512000      20928/2048000  ( 1.0%) 
edges                 3141/256000      12564/1024000  ( 1.2%) 
LDR worldlights          8/8192          704/720896   ( 0.1%) 
HDR worldlights          0/8192            0/720896   ( 0.0%) 
leafwaterdata            0/32768           0/393216   ( 0.0%) 
waterstrips             93/32768         930/327680   ( 0.3%) 
waterverts               0/65536           0/786432   ( 0.0%) 
waterindices          1509/65536        3018/131072   ( 2.3%) 
cubemapsamples           4/1024           64/16384    ( 0.4%) 
overlays                 0/512             0/180224   ( 0.0%) 
LDR lightdata         [variable]      526712/0        ( 0.0%) 
HDR lightdata         [variable]           0/0        ( 0.0%) 
visdata               [variable]       39558/16777216 ( 0.2%) 
entdata               [variable]        6036/393216   ( 1.5%) 
LDR ambient table      701/65536        2804/262144   ( 1.1%) 
HDR ambient table      701/65536        2804/262144   ( 1.1%) 
LDR leaf ambient      3302/65536       92456/1835008  ( 5.0%) 
HDR leaf ambient       701/65536       19628/1835008  ( 1.1%) 
occluders                0/0               0/0        ( 0.0%) 
occluder polygons        0/0               0/0        ( 0.0%) 
occluder vert ind        0/0               0/0        ( 0.0%) 
detail props          [variable]           1/12       ( 8.3%) 
static props          [variable]           1/2840     ( 0.0%) 
pakfile               [variable]      435388/0        ( 0.0%) 
physics               [variable]      273242/4194304  ( 6.5%) 
physics terrain       [variable]           0/1048576  ( 0.0%) 

Level flags = 0

Total triangle count: 2086
Writing c:\users\z\documents\github\celmod-archive\maps\custom-maps\gm_park_cm.bsp
6 seconds elapsed



Using shader api: shaderapiempty.dll
materialPath: C:\Program Files (x86)\Steam\steamapps\common\Half-Life 2 Deathmatch\hl2mp\materials
Loading C:\Users\z\Documents\Github\celmod-archive\maps\custom-maps\gm_park_cm.vmf
Could not locate 'GameData' key in c:\program files (x86)\steam\steamapps\common\half-life 2 deathmatch\hl2mp\gameinfo.txt
fixing up env_cubemap materials on brush sides...
0...1...2...3...4...5...6...7...8...9...100...1...2...3...4...5...6...7...8...9...10Processing areas...done (0)
Building Faces...done (0)
Chop Details...done (0)
Find Visible Detail Sides...
Merged 22 detail faces...done (0)
Merging details...done (0)
FixTjuncs...
PruneNodes...
WriteBSP...
done (0)
writing C:\Users\z\Documents\Github\celmod-archive\maps\custom-maps\gm_park_cm.prt...Building visibility clusters...
done (0)
Creating default LDR cubemaps for env_cubemap using skybox materials:
   skybox/sky_day02_10*.vmt
 ! Run buildcubemaps in the engine to get the correct cube maps.
Creating default HDR cubemaps for env_cubemap using skybox materials:
   skybox/sky_day02_10*.vmt
 ! Run buildcubemaps in the engine to get the correct cube maps.
Finding displacement neighbors...
Finding lightmap sample positions...
Displacement Alpha : 0...1...2...3...4...5...6...7...8...9...10
Building Physics collision data...
WARNING: Map using power 4 displacements, terrain physics cannot be compressed, map will need additional memory and CPU.
done (0) (273242 bytes)
Placing detail props : 0...1...2...3...4...5...6...7...8...9...10
Compacting texture/material tables...
Reduced 135 texinfos to 66
Reduced 23 texdatas to 18 (778 bytes to 615)
Writing C:\Users\z\Documents\Github\celmod-archive\maps\custom-maps\gm_park_cm.bsp
MSG_FILEWRITE - Filesystem was asked to write to 'C:\Users\z\Documents\Github\celmod-archive\maps\custom-maps\gm_park_cm.bsp', but we don't own that location. Allowing.
Wrote ZIP buffer, estimated size 437344, actual size 435388
0 seconds elapsed



4 threads
reading c:\users\z\documents\github\celmod-archive\maps\custom-maps\gm_park_cm.bsp
reading c:\users\z\documents\github\celmod-archive\maps\custom-maps\gm_park_cm.prt
 380 portalclusters
1131 numportals
0...1...2...3...4...5...6...7...8...9...100...1...2...3...4...5...6...7...8...9...10Optimized: 151 visible clusters (0.12%)
Total clusters visible: 126817
Average clusters visible: 333
Building PAS...
Average clusters audible: 380
visdatasize:39558  compressed from 36480
writing c:\users\z\documents\github\celmod-archive\maps\custom-maps\gm_park_cm.bsp
MSG_FILEWRITE - Filesystem was asked to write to 'c:\users\z\documents\github\celmod-archive\maps\custom-maps\gm_park_cm.bsp', but we don't own that location. Allowing.
10 seconds elapsed



Could not find lights.rad in lights.rad.
Trying VRAD BIN directory instead...
Warning: Couldn't open texlight file C:\Program Files (x86)\Steam\steamapps\common\Half-Life 2 Deathmatch\bin\x64\lights.rad.
Loading c:\users\z\documents\github\celmod-archive\maps\custom-maps\gm_park_cm.bsp
868 faces
3645199 square feet [524908736.00 square inches]
4 Displacements
728177 Square Feet [104857600.00 Square Inches]
868 patches before subdivision
11886 patches after subdivision
8 direct lights
0...1...2...3...4...5...6...7...8...9...100...1...2...3...4...5...6...7...8...9...10transfers 759402, max 360
transfer lists:   5.8 megs
0...1...2...3...4...5...6...7...8...9...10	Bounce #1 added RGB(31656, 31297, 15341)
0...1...2...3...4...5...6...7...8...9...10	Bounce #2 added RGB(3396, 2536, 988)
0...1...2...3...4...5...6...7...8...9...10	Bounce #3 added RGB(640, 396, 112)
0...1...2...3...4...5...6...7...8...9...10	Bounce #4 added RGB(113, 61, 13)
0...1...2...3...4...5...6...7...8...9...10	Bounce #5 added RGB(25, 12, 2)
0...1...2...3...4...5...6...7...8...9...10	Bounce #6 added RGB(5, 2, 0)
0...1...2...3...4...5...6...7...8...9...10	Bounce #7 added RGB(1, 0, 0)
0...1...2...3...4...5...6...7...8...9...10	Bounce #8 added RGB(0, 0, 0)
Build Patch/Sample Hash Table(s).....Done<0.0062 sec>
0...1...2...3...4...5...6...7...8...9...10FinalLightFace Done
0 of 0 (0% of) surface lights went in leaf ambient cubes.
0...1...2...3...4...5...6...7...8...9...10Writing leaf ambient...done
Ready to Finish

Object names       Objects/Maxobjs  Memory / Maxmem  Fullness 
------------       ---------------  ---------------  -------- 
models                   2/1024           96/49152    ( 0.2%) 
brushes                118/8192         1416/98304    ( 1.4%) 
brushsides             735/65536        5880/524288   ( 1.1%) 
planes                 462/65536        9240/1310720  ( 0.7%) 
vertexes              1460/65536       17520/786432   ( 2.2%) 
nodes                  698/65536       22336/2097152  ( 1.1%) 
texinfos                66/12288        4752/884736   ( 0.5%) 
texdata                 18/2048          576/65536    ( 0.9%) 
dispinfos                4/0             704/0        ( 0.0%) 
disp_verts            1156/0           23120/0        ( 0.0%) 
disp_tris             2048/0            4096/0        ( 0.0%) 
disp_lmsamples       73881/0           73881/0        ( 0.0%) 
faces                  868/65536       48608/3670016  ( 1.3%) 
hdr faces                0/65536           0/3670016  ( 0.0%) 
origfaces              352/65536       19712/3670016  ( 0.5%) 
leaves                 701/65536       22432/2097152  ( 1.1%) 
leaffaces             1069/65536        2138/131072   ( 1.6%) 
leafbrushes            464/65536         928/131072   ( 0.7%) 
areas                    2/256            16/2048     ( 0.8%) 
surfedges             5232/512000      20928/2048000  ( 1.0%) 
edges                 3141/256000      12564/1024000  ( 1.2%) 
LDR worldlights          8/8192          704/720896   ( 0.1%) 
HDR worldlights          0/8192            0/720896   ( 0.0%) 
leafwaterdata            0/32768           0/393216   ( 0.0%) 
waterstrips             93/32768         930/327680   ( 0.3%) 
waterverts               0/65536           0/786432   ( 0.0%) 
waterindices          1509/65536        3018/131072   ( 2.3%) 
cubemapsamples           4/1024           64/16384    ( 0.4%) 
overlays                 0/512             0/180224   ( 0.0%) 
LDR lightdata         [variable]      526712/0        ( 0.0%) 
HDR lightdata         [variable]           0/0        ( 0.0%) 
visdata               [variable]       39558/16777216 ( 0.2%) 
entdata               [variable]        6041/393216   ( 1.5%) 
LDR ambient table      701/65536        2804/262144   ( 1.1%) 
HDR ambient table      701/65536        2804/262144   ( 1.1%) 
LDR leaf ambient      3302/65536       92456/1835008  ( 5.0%) 
HDR leaf ambient       701/65536       19628/1835008  ( 1.1%) 
occluders                0/0               0/0        ( 0.0%) 
occluder polygons        0/0               0/0        ( 0.0%) 
occluder vert ind        0/0               0/0        ( 0.0%) 
detail props          [variable]           1/12       ( 8.3%) 
static props          [variable]           1/2840     ( 0.0%) 
pakfile               [variable]      435388/0        ( 0.0%) 
physics               [variable]      273242/4194304  ( 6.5%) 
physics terrain       [variable]           0/1048576  ( 0.0%) 

Level flags = 0

Total triangle count: 2086
Writing c:\users\z\documents\github\celmod-archive\maps\custom-maps\gm_park_cm.bsp
5 seconds elapsed



Using shader api: shaderapiempty.dll
materialPath: C:\Program Files (x86)\Steam\steamapps\common\Half-Life 2 Deathmatch\hl2mp\materials
Loading C:\Users\z\Documents\Github\celmod-archive\maps\custom-maps\gm_park_cm.vmf
Could not locate 'GameData' key in c:\program files (x86)\steam\steamapps\common\half-life 2 deathmatch\hl2mp\gameinfo.txt
fixing up env_cubemap materials on brush sides...
0...1...2...3...4...5...6...7...8...9...100...1...2...3...4...5...6...7...8...9...10Processing areas...done (0)
Building Faces...done (0)
Chop Details...done (0)
Find Visible Detail Sides...
Merged 22 detail faces...done (0)
Merging details...done (0)
FixTjuncs...
PruneNodes...
WriteBSP...
done (0)
writing C:\Users\z\Documents\Github\celmod-archive\maps\custom-maps\gm_park_cm.prt...Building visibility clusters...
done (0)
Creating default LDR cubemaps for env_cubemap using skybox materials:
   skybox/sky_day02_04*.vmt
 ! Run buildcubemaps in the engine to get the correct cube maps.
Creating default HDR cubemaps for env_cubemap using skybox materials:
   skybox/sky_day02_04*.vmt
 ! Run buildcubemaps in the engine to get the correct cube maps.
Finding displacement neighbors...
Finding lightmap sample positions...
Displacement Alpha : 0...1...2...3...4...5...6...7...8...9...10
Building Physics collision data...
WARNING: Map using power 4 displacements, terrain physics cannot be compressed, map will need additional memory and CPU.
done (0) (273242 bytes)
Placing detail props : 0...1...2...3...4...5...6...7...8...9...10
Compacting texture/material tables...
Reduced 135 texinfos to 66
Reduced 23 texdatas to 18 (778 bytes to 615)
Writing C:\Users\z\Documents\Github\celmod-archive\maps\custom-maps\gm_park_cm.bsp
MSG_FILEWRITE - Filesystem was asked to write to 'C:\Users\z\Documents\Github\celmod-archive\maps\custom-maps\gm_park_cm.bsp', but we don't own that location. Allowing.
Wrote ZIP buffer, estimated size 437344, actual size 435388
0 seconds elapsed



4 threads
reading c:\users\z\documents\github\celmod-archive\maps\custom-maps\gm_park_cm.bsp
reading c:\users\z\documents\github\celmod-archive\maps\custom-maps\gm_park_cm.prt
 380 portalclusters
1131 numportals
0...1...2...3...4...5...6...7...8...9...100...1...2...3...4...5...6...7...8...9...10Optimized: 151 visible clusters (0.12%)
Total clusters visible: 126817
Average clusters visible: 333
Building PAS...
Average clusters audible: 380
visdatasize:39558  compressed from 36480
writing c:\users\z\documents\github\celmod-archive\maps\custom-maps\gm_park_cm.bsp
MSG_FILEWRITE - Filesystem was asked to write to 'c:\users\z\documents\github\celmod-archive\maps\custom-maps\gm_park_cm.bsp', but we don't own that location. Allowing.
10 seconds elapsed



Could not find lights.rad in lights.rad.
Trying VRAD BIN directory instead...
Warning: Couldn't open texlight file C:\Program Files (x86)\Steam\steamapps\common\Half-Life 2 Deathmatch\bin\x64\lights.rad.
Loading c:\users\z\documents\github\celmod-archive\maps\custom-maps\gm_park_cm.bsp
868 faces
3645199 square feet [524908736.00 square inches]
4 Displacements
728177 Square Feet [104857600.00 Square Inches]
868 patches before subdivision
11886 patches after subdivision
8 direct lights
0...1...2...3...4...5...6...7...8...9...100...1...2...3...4...5...6...7...8...9...10transfers 759402, max 360
transfer lists:   5.8 megs
0...1...2...3...4...5...6...7...8...9...10	Bounce #1 added RGB(28854, 27818, 13796)
0...1...2...3...4...5...6...7...8...9...10	Bounce #2 added RGB(3064, 2261, 854)
0...1...2...3...4...5...6...7...8...9...10	Bounce #3 added RGB(584, 359, 96)
0...1...2...3...4...5...6...7...8...9...10	Bounce #4 added RGB(106, 57, 11)
0...1...2...3...4...5...6...7...8...9...10	Bounce #5 added RGB(24, 11, 1)
0...1...2...3...4...5...6...7...8...9...10	Bounce #6 added RGB(5, 2, 0)
0...1...2...3...4...5...6...7...8...9...10	Bounce #7 added RGB(1, 0, 0)
0...1...2...3...4...5...6...7...8...9...10	Bounce #8 added RGB(0, 0, 0)
Build Patch/Sample Hash Table(s).....Done<0.0064 sec>
0...1...2...3...4...5...6...7...8...9...10FinalLightFace Done
0 of 0 (0% of) surface lights went in leaf ambient cubes.
0...1...2...3...4...5...6...7...8...9...10Writing leaf ambient...done
Ready to Finish

Object names       Objects/Maxobjs  Memory / Maxmem  Fullness 
------------       ---------------  ---------------  -------- 
models                   2/1024           96/49152    ( 0.2%) 
brushes                118/8192         1416/98304    ( 1.4%) 
brushsides             735/65536        5880/524288   ( 1.1%) 
planes                 462/65536        9240/1310720  ( 0.7%) 
vertexes              1460/65536       17520/786432   ( 2.2%) 
nodes                  698/65536       22336/2097152  ( 1.1%) 
texinfos                66/12288        4752/884736   ( 0.5%) 
texdata                 18/2048          576/65536    ( 0.9%) 
dispinfos                4/0             704/0        ( 0.0%) 
disp_verts            1156/0           23120/0        ( 0.0%) 
disp_tris             2048/0            4096/0        ( 0.0%) 
disp_lmsamples       73881/0           73881/0        ( 0.0%) 
faces                  868/65536       48608/3670016  ( 1.3%) 
hdr faces                0/65536           0/3670016  ( 0.0%) 
origfaces              352/65536       19712/3670016  ( 0.5%) 
leaves                 701/65536       22432/2097152  ( 1.1%) 
leaffaces             1069/65536        2138/131072   ( 1.6%) 
leafbrushes            464/65536         928/131072   ( 0.7%) 
areas                    2/256            16/2048     ( 0.8%) 
surfedges             5232/512000      20928/2048000  ( 1.0%) 
edges                 3141/256000      12564/1024000  ( 1.2%) 
LDR worldlights          8/8192          704/720896   ( 0.1%) 
HDR worldlights          0/8192            0/720896   ( 0.0%) 
leafwaterdata            0/32768           0/393216   ( 0.0%) 
waterstrips             93/32768         930/327680   ( 0.3%) 
waterverts               0/65536           0/786432   ( 0.0%) 
waterindices          1509/65536        3018/131072   ( 2.3%) 
cubemapsamples           4/1024           64/16384    ( 0.4%) 
overlays                 0/512             0/180224   ( 0.0%) 
LDR lightdata         [variable]      526712/0        ( 0.0%) 
HDR lightdata         [variable]           0/0        ( 0.0%) 
visdata               [variable]       39558/16777216 ( 0.2%) 
entdata               [variable]        6041/393216   ( 1.5%) 
LDR ambient table      701/65536        2804/262144   ( 1.1%) 
HDR ambient table      701/65536        2804/262144   ( 1.1%) 
LDR leaf ambient      3316/65536       92848/1835008  ( 5.1%) 
HDR leaf ambient       701/65536       19628/1835008  ( 1.1%) 
occluders                0/0               0/0        ( 0.0%) 
occluder polygons        0/0               0/0        ( 0.0%) 
occluder vert ind        0/0               0/0        ( 0.0%) 
detail props          [variable]           1/12       ( 8.3%) 
static props          [variable]           1/2840     ( 0.0%) 
pakfile               [variable]      435388/0        ( 0.0%) 
physics               [variable]      273242/4194304  ( 6.5%) 
physics terrain       [variable]           0/1048576  ( 0.0%) 

Level flags = 0

Total triangle count: 2086
Writing c:\users\z\documents\github\celmod-archive\maps\custom-maps\gm_park_cm.bsp
5 seconds elapsed



Using shader api: shaderapiempty.dll
materialPath: C:\Program Files (x86)\Steam\steamapps\common\Half-Life 2 Deathmatch\hl2mp\materials
Loading C:\Users\z\Documents\Github\celmod-archive\maps\custom-maps\gm_park_cm.vmf
Could not locate 'GameData' key in c:\program files (x86)\steam\steamapps\common\half-life 2 deathmatch\hl2mp\gameinfo.txt
fixing up env_cubemap materials on brush sides...
0...1...2...3...4...5...6...7...8...9...100...1...2...3...4...5...6...7...8...9...10Processing areas...done (0)
Building Faces...done (0)
Chop Details...done (0)
Find Visible Detail Sides...
Merged 22 detail faces...done (0)
Merging details...done (0)
FixTjuncs...
PruneNodes...
WriteBSP...
done (0)
writing C:\Users\z\Documents\Github\celmod-archive\maps\custom-maps\gm_park_cm.prt...Building visibility clusters...
done (0)
*** Error: Skybox vtf files for skybox/sky_overcast002 weren't compiled with the same size texture and/or same flags!
Can't load skybox file skybox/sky_overcast002 to build the default cubemap!
*** Error: Skybox vtf files for skybox/sky_overcast002 weren't compiled with the same size texture and/or same flags!
Can't load skybox file skybox/sky_overcast002 to build the default cubemap!
Finding displacement neighbors...
Finding lightmap sample positions...
Displacement Alpha : 0...1...2...3...4...5...6...7...8...9...10
Building Physics collision data...
WARNING: Map using power 4 displacements, terrain physics cannot be compressed, map will need additional memory and CPU.
done (0) (273242 bytes)
Placing detail props : 0...1...2...3...4...5...6...7...8...9...10
Compacting texture/material tables...
Reduced 135 texinfos to 66
Reduced 23 texdatas to 18 (778 bytes to 615)
Writing C:\Users\z\Documents\Github\celmod-archive\maps\custom-maps\gm_park_cm.bsp
MSG_FILEWRITE - Filesystem was asked to write to 'C:\Users\z\Documents\Github\celmod-archive\maps\custom-maps\gm_park_cm.bsp', but we don't own that location. Allowing.
Wrote ZIP buffer, estimated size 2528, actual size 1912
1 second elapsed



4 threads
reading c:\users\z\documents\github\celmod-archive\maps\custom-maps\gm_park_cm.bsp
reading c:\users\z\documents\github\celmod-archive\maps\custom-maps\gm_park_cm.prt
 380 portalclusters
1131 numportals
0...1...2...3...4...5...6...7...8...9...100...1...2...3...4...5...6...7...8...9...10Optimized: 151 visible clusters (0.12%)
Total clusters visible: 126817
Average clusters visible: 333
Building PAS...
Average clusters audible: 380
visdatasize:39558  compressed from 36480
writing c:\users\z\documents\github\celmod-archive\maps\custom-maps\gm_park_cm.bsp
MSG_FILEWRITE - Filesystem was asked to write to 'c:\users\z\documents\github\celmod-archive\maps\custom-maps\gm_park_cm.bsp', but we don't own that location. Allowing.
13 seconds elapsed



Could not find lights.rad in lights.rad.
Trying VRAD BIN directory instead...
Warning: Couldn't open texlight file C:\Program Files (x86)\Steam\steamapps\common\Half-Life 2 Deathmatch\bin\x64\lights.rad.
Loading c:\users\z\documents\github\celmod-archive\maps\custom-maps\gm_park_cm.bsp
868 faces
3645199 square feet [524908736.00 square inches]
4 Displacements
728177 Square Feet [104857600.00 Square Inches]
868 patches before subdivision
11886 patches after subdivision
8 direct lights
0...1...2...3...4...5...6...7...8...9...100...1...2...3...4...5...6...7...8...9...10transfers 759402, max 360
transfer lists:   5.8 megs
0...1...2...3...4...5...6...7...8...9...10	Bounce #1 added RGB(30708, 30970, 15250)
0...1...2...3...4...5...6...7...8...9...10	Bounce #2 added RGB(3307, 2491, 957)
0...1...2...3...4...5...6...7...8...9...10	Bounce #3 added RGB(619, 386, 106)
0...1...2...3...4...5...6...7...8...9...10	Bounce #4 added RGB(112, 61, 12)
0...1...2...3...4...5...6...7...8...9...10	Bounce #5 added RGB(25, 12, 2)
0...1...2...3...4...5...6...7...8...9...10	Bounce #6 added RGB(5, 2, 0)
0...1...2...3...4...5...6...7...8...9...10	Bounce #7 added RGB(1, 0, 0)
0...1...2...3...4...5...6...7...8...9...10	Bounce #8 added RGB(0, 0, 0)
Build Patch/Sample Hash Table(s).....Done<0.0068 sec>
0...1...2...3...4...5...6...7...8...9...10FinalLightFace Done
0 of 0 (0% of) surface lights went in leaf ambient cubes.
0...1...2...3...4...5...6...7...8...9...10Writing leaf ambient...done
Ready to Finish

Object names       Objects/Maxobjs  Memory / Maxmem  Fullness 
------------       ---------------  ---------------  -------- 
models                   2/1024           96/49152    ( 0.2%) 
brushes                118/8192         1416/98304    ( 1.4%) 
brushsides             735/65536        5880/524288   ( 1.1%) 
planes                 462/65536        9240/1310720  ( 0.7%) 
vertexes              1460/65536       17520/786432   ( 2.2%) 
nodes                  698/65536       22336/2097152  ( 1.1%) 
texinfos                66/12288        4752/884736   ( 0.5%) 
texdata                 18/2048          576/65536    ( 0.9%) 
dispinfos                4/0             704/0        ( 0.0%) 
disp_verts            1156/0           23120/0        ( 0.0%) 
disp_tris             2048/0            4096/0        ( 0.0%) 
disp_lmsamples       73881/0           73881/0        ( 0.0%) 
faces                  868/65536       48608/3670016  ( 1.3%) 
hdr faces                0/65536           0/3670016  ( 0.0%) 
origfaces              352/65536       19712/3670016  ( 0.5%) 
leaves                 701/65536       22432/2097152  ( 1.1%) 
leaffaces             1069/65536        2138/131072   ( 1.6%) 
leafbrushes            464/65536         928/131072   ( 0.7%) 
areas                    2/256            16/2048     ( 0.8%) 
surfedges             5232/512000      20928/2048000  ( 1.0%) 
edges                 3141/256000      12564/1024000  ( 1.2%) 
LDR worldlights          8/8192          704/720896   ( 0.1%) 
HDR worldlights          0/8192            0/720896   ( 0.0%) 
leafwaterdata            0/32768           0/393216   ( 0.0%) 
waterstrips             93/32768         930/327680   ( 0.3%) 
waterverts               0/65536           0/786432   ( 0.0%) 
waterindices          1509/65536        3018/131072   ( 2.3%) 
cubemapsamples           4/1024           64/16384    ( 0.4%) 
overlays                 0/512             0/180224   ( 0.0%) 
LDR lightdata         [variable]      526712/0        ( 0.0%) 
HDR lightdata         [variable]           0/0        ( 0.0%) 
visdata               [variable]       39558/16777216 ( 0.2%) 
entdata               [variable]        6042/393216   ( 1.5%) 
LDR ambient table      701/65536        2804/262144   ( 1.1%) 
HDR ambient table      701/65536        2804/262144   ( 1.1%) 
LDR leaf ambient      3273/65536       91644/1835008  ( 5.0%) 
HDR leaf ambient       701/65536       19628/1835008  ( 1.1%) 
occluders                0/0               0/0        ( 0.0%) 
occluder polygons        0/0               0/0        ( 0.0%) 
occluder vert ind        0/0               0/0        ( 0.0%) 
detail props          [variable]           1/12       ( 8.3%) 
static props          [variable]           1/2840     ( 0.0%) 
pakfile               [variable]        1912/0        ( 0.0%) 
physics               [variable]      273242/4194304  ( 6.5%) 
physics terrain       [variable]           0/1048576  ( 0.0%) 

Level flags = 0

Total triangle count: 2086
Writing c:\users\z\documents\github\celmod-archive\maps\custom-maps\gm_park_cm.bsp
7 seconds elapsed



Using shader api: shaderapiempty.dll
materialPath: C:\Program Files (x86)\Steam\steamapps\common\Half-Life 2 Deathmatch\hl2mp\materials
Loading C:\Users\z\Documents\Github\celmod-archive\maps\custom-maps\gm_park_cm.vmf
Could not locate 'GameData' key in c:\program files (x86)\steam\steamapps\common\half-life 2 deathmatch\hl2mp\gameinfo.txt
fixing up env_cubemap materials on brush sides...
0...1...2...3...4...5...6...7...8...9...100...1...2...3...4...5...6...7...8...9...10Processing areas...done (0)
Building Faces...done (0)
Chop Details...done (0)
Find Visible Detail Sides...
Merged 22 detail faces...done (0)
Merging details...done (0)
FixTjuncs...
PruneNodes...
WriteBSP...
done (0)
writing C:\Users\z\Documents\Github\celmod-archive\maps\custom-maps\gm_park_cm.prt...Building visibility clusters...
done (0)
*** Error: Skybox vtf files for skybox/sky_overcast002 weren't compiled with the same size texture and/or same flags!
Can't load skybox file skybox/sky_overcast002 to build the default cubemap!
*** Error: Skybox vtf files for skybox/sky_overcast002 weren't compiled with the same size texture and/or same flags!
Can't load skybox file skybox/sky_overcast002 to build the default cubemap!
Finding displacement neighbors...
Finding lightmap sample positions...
Displacement Alpha : 0...1...2...3...4...5...6...7...8...9...10
Building Physics collision data...
WARNING: Map using power 4 displacements, terrain physics cannot be compressed, map will need additional memory and CPU.
done (0) (273242 bytes)
Placing detail props : 0...1...2...3...4...5...6...7...8...9...10
Compacting texture/material tables...
Reduced 135 texinfos to 66
Reduced 23 texdatas to 18 (778 bytes to 615)
Writing C:\Users\z\Documents\Github\celmod-archive\maps\custom-maps\gm_park_cm.bsp
MSG_FILEWRITE - Filesystem was asked to write to 'C:\Users\z\Documents\Github\celmod-archive\maps\custom-maps\gm_park_cm.bsp', but we don't own that location. Allowing.
Wrote ZIP buffer, estimated size 2528, actual size 1912
1 second elapsed



4 threads
reading c:\users\z\documents\github\celmod-archive\maps\custom-maps\gm_park_cm.bsp
reading c:\users\z\documents\github\celmod-archive\maps\custom-maps\gm_park_cm.prt
 380 portalclusters
1131 numportals
0...1...2...3...4...5...6...7...8...9...100...1...2...3...4...5...6...7...8...9...10Optimized: 151 visible clusters (0.12%)
Total clusters visible: 126817
Average clusters visible: 333
Building PAS...
Average clusters audible: 380
visdatasize:39558  compressed from 36480
writing c:\users\z\documents\github\celmod-archive\maps\custom-maps\gm_park_cm.bsp
MSG_FILEWRITE - Filesystem was asked to write to 'c:\users\z\documents\github\celmod-archive\maps\custom-maps\gm_park_cm.bsp', but we don't own that location. Allowing.
12 seconds elapsed



Could not find lights.rad in lights.rad.
Trying VRAD BIN directory instead...
Warning: Couldn't open texlight file C:\Program Files (x86)\Steam\steamapps\common\Half-Life 2 Deathmatch\bin\x64\lights.rad.
Loading c:\users\z\documents\github\celmod-archive\maps\custom-maps\gm_park_cm.bsp
868 faces
3645199 square feet [524908736.00 square inches]
4 Displacements
728177 Square Feet [104857600.00 Square Inches]
868 patches before subdivision
11886 patches after subdivision
7 direct lights
0...1...2...3...4...5...6...7...8...9...100...1...2...3...4...5...6...7...8...9...10transfers 759402, max 360
transfer lists:   5.8 megs
0...1...2...3...4...5...6...7...8...9...10	Bounce #1 added RGB(29896, 30290, 14838)
0...1...2...3...4...5...6...7...8...9...10	Bounce #2 added RGB(3185, 2401, 917)
0...1...2...3...4...5...6...7...8...9...10	Bounce #3 added RGB(597, 372, 101)
0...1...2...3...4...5...6...7...8...9...10	Bounce #4 added RGB(108, 58, 11)
0...1...2...3...4...5...6...7...8...9...10	Bounce #5 added RGB(24, 11, 2)
0...1...2...3...4...5...6...7...8...9...10	Bounce #6 added RGB(5, 2, 0)
0...1...2...3...4...5...6...7...8...9...10	Bounce #7 added RGB(1, 0, 0)
0...1...2...3...4...5...6...7...8...9...10	Bounce #8 added RGB(0, 0, 0)
Build Patch/Sample Hash Table(s).....Done<0.0108 sec>
0...1...2...3...4...5...6...7...8...9...10FinalLightFace Done
0 of 0 (0% of) surface lights went in leaf ambient cubes.
0...1...2...3...4...5...6...7...8...9...10Writing leaf ambient...done
Ready to Finish

Object names       Objects/Maxobjs  Memory / Maxmem  Fullness 
------------       ---------------  ---------------  -------- 
models                   2/1024           96/49152    ( 0.2%) 
brushes                118/8192         1416/98304    ( 1.4%) 
brushsides             735/65536        5880/524288   ( 1.1%) 
planes                 462/65536        9240/1310720  ( 0.7%) 
vertexes              1460/65536       17520/786432   ( 2.2%) 
nodes                  698/65536       22336/2097152  ( 1.1%) 
texinfos                66/12288        4752/884736   ( 0.5%) 
texdata                 18/2048          576/65536    ( 0.9%) 
dispinfos                4/0             704/0        ( 0.0%) 
disp_verts            1156/0           23120/0        ( 0.0%) 
disp_tris             2048/0            4096/0        ( 0.0%) 
disp_lmsamples       73881/0           73881/0        ( 0.0%) 
faces                  868/65536       48608/3670016  ( 1.3%) 
hdr faces                0/65536           0/3670016  ( 0.0%) 
origfaces              352/65536       19712/3670016  ( 0.5%) 
leaves                 701/65536       22432/2097152  ( 1.1%) 
leaffaces             1069/65536        2138/131072   ( 1.6%) 
leafbrushes            464/65536         928/131072   ( 0.7%) 
areas                    2/256            16/2048     ( 0.8%) 
surfedges             5232/512000      20928/2048000  ( 1.0%) 
edges                 3141/256000      12564/1024000  ( 1.2%) 
LDR worldlights          7/8192          616/720896   ( 0.1%) 
HDR worldlights          0/8192            0/720896   ( 0.0%) 
leafwaterdata            0/32768           0/393216   ( 0.0%) 
waterstrips             93/32768         930/327680   ( 0.3%) 
waterverts               0/65536           0/786432   ( 0.0%) 
waterindices          1509/65536        3018/131072   ( 2.3%) 
cubemapsamples           4/1024           64/16384    ( 0.4%) 
overlays                 0/512             0/180224   ( 0.0%) 
LDR lightdata         [variable]      526712/0        ( 0.0%) 
HDR lightdata         [variable]           0/0        ( 0.0%) 
visdata               [variable]       39558/16777216 ( 0.2%) 
entdata               [variable]        5733/393216   ( 1.5%) 
LDR ambient table      701/65536        2804/262144   ( 1.1%) 
HDR ambient table      701/65536        2804/262144   ( 1.1%) 
LDR leaf ambient      3274/65536       91672/1835008  ( 5.0%) 
HDR leaf ambient       701/65536       19628/1835008  ( 1.1%) 
occluders                0/0               0/0        ( 0.0%) 
occluder polygons        0/0               0/0        ( 0.0%) 
occluder vert ind        0/0               0/0        ( 0.0%) 
detail props          [variable]           1/12       ( 8.3%) 
static props          [variable]           1/2840     ( 0.0%) 
pakfile               [variable]        1912/0        ( 0.0%) 
physics               [variable]      273242/4194304  ( 6.5%) 
physics terrain       [variable]           0/1048576  ( 0.0%) 

Level flags = 0

Total triangle count: 2086
Writing c:\users\z\documents\github\celmod-archive\maps\custom-maps\gm_park_cm.bsp
5 seconds elapsed



Using shader api: shaderapiempty.dll
materialPath: C:\Program Files (x86)\Steam\steamapps\common\Half-Life 2 Deathmatch\hl2mp\materials
Loading C:\Users\z\Documents\Github\celmod-archive\maps\custom-maps\gm_park_cm.vmf
Could not locate 'GameData' key in c:\program files (x86)\steam\steamapps\common\half-life 2 deathmatch\hl2mp\gameinfo.txt
fixing up env_cubemap materials on brush sides...
0...1...2...3...4...5...6...7...8...9...100...1...2...3...4...5...6...7...8...9...10Processing areas...done (0)
Building Faces...done (0)
Chop Details...done (0)
Find Visible Detail Sides...
Merged 22 detail faces...done (0)
Merging details...done (0)
FixTjuncs...
PruneNodes...
WriteBSP...
done (0)
writing C:\Users\z\Documents\Github\celmod-archive\maps\custom-maps\gm_park_cm.prt...Building visibility clusters...
done (0)
*** Error: Skybox vtf files for skybox/sky_overcast002 weren't compiled with the same size texture and/or same flags!
Can't load skybox file skybox/sky_overcast002 to build the default cubemap!
*** Error: Skybox vtf files for skybox/sky_overcast002 weren't compiled with the same size texture and/or same flags!
Can't load skybox file skybox/sky_overcast002 to build the default cubemap!
Finding displacement neighbors...
Finding lightmap sample positions...
Displacement Alpha : 0...1...2...3...4...5...6...7...8...9...10
Building Physics collision data...
WARNING: Map using power 4 displacements, terrain physics cannot be compressed, map will need additional memory and CPU.
done (0) (273243 bytes)
Placing detail props : 0...1...2...3...4...5...6...7...8...9...10
Compacting texture/material tables...
Reduced 135 texinfos to 66
Reduced 23 texdatas to 18 (770 bytes to 607)
Writing C:\Users\z\Documents\Github\celmod-archive\maps\custom-maps\gm_park_cm.bsp
MSG_FILEWRITE - Filesystem was asked to write to 'C:\Users\z\Documents\Github\celmod-archive\maps\custom-maps\gm_park_cm.bsp', but we don't own that location. Allowing.
Wrote ZIP buffer, estimated size 2528, actual size 1912
0 seconds elapsed



4 threads
reading c:\users\z\documents\github\celmod-archive\maps\custom-maps\gm_park_cm.bsp
reading c:\users\z\documents\github\celmod-archive\maps\custom-maps\gm_park_cm.prt
 380 portalclusters
1131 numportals
0...1...2...3...4...5...6...7...8...9...100...1...2...3...4...5...6...7...8...9...10Optimized: 151 visible clusters (0.12%)
Total clusters visible: 126817
Average clusters visible: 333
Building PAS...
Average clusters audible: 380
visdatasize:39558  compressed from 36480
writing c:\users\z\documents\github\celmod-archive\maps\custom-maps\gm_park_cm.bsp
MSG_FILEWRITE - Filesystem was asked to write to 'c:\users\z\documents\github\celmod-archive\maps\custom-maps\gm_park_cm.bsp', but we don't own that location. Allowing.
11 seconds elapsed



Could not find lights.rad in lights.rad.
Trying VRAD BIN directory instead...
Warning: Couldn't open texlight file C:\Program Files (x86)\Steam\steamapps\common\Half-Life 2 Deathmatch\bin\x64\lights.rad.
Loading c:\users\z\documents\github\celmod-archive\maps\custom-maps\gm_park_cm.bsp
868 faces
3645199 square feet [524908736.00 square inches]
4 Displacements
728177 Square Feet [104857600.00 Square Inches]
868 patches before subdivision
11886 patches after subdivision
7 direct lights
0...1...2...3...4...5...6...7...8...9...100...1...2...3...4...5...6...7...8...9...10transfers 759402, max 360
transfer lists:   5.8 megs
0...1...2...3...4...5...6...7...8...9...10	Bounce #1 added RGB(24812, 25122, 12552)
0...1...2...3...4...5...6...7...8...9...10	Bounce #2 added RGB(2987, 2235, 868)
0...1...2...3...4...5...6...7...8...9...10	Bounce #3 added RGB(567, 349, 96)
0...1...2...3...4...5...6...7...8...9...10	Bounce #4 added RGB(102, 54, 11)
0...1...2...3...4...5...6...7...8...9...10	Bounce #5 added RGB(23, 10, 1)
0...1...2...3...4...5...6...7...8...9...10	Bounce #6 added RGB(4, 2, 0)
0...1...2...3...4...5...6...7...8...9...10	Bounce #7 added RGB(1, 0, 0)
0...1...2...3...4...5...6...7...8...9...10	Bounce #8 added RGB(0, 0, 0)
Build Patch/Sample Hash Table(s).....Done<0.0050 sec>
0...1...2...3...4...5...6...7...8...9...10FinalLightFace Done
0 of 0 (0% of) surface lights went in leaf ambient cubes.
0...1...2...3...4...5...6...7...8...9...10Writing leaf ambient...done
Ready to Finish

Object names       Objects/Maxobjs  Memory / Maxmem  Fullness 
------------       ---------------  ---------------  -------- 
models                   2/1024           96/49152    ( 0.2%) 
brushes                118/8192         1416/98304    ( 1.4%) 
brushsides             735/65536        5880/524288   ( 1.1%) 
planes                 462/65536        9240/1310720  ( 0.7%) 
vertexes              1460/65536       17520/786432   ( 2.2%) 
nodes                  698/65536       22336/2097152  ( 1.1%) 
texinfos                66/12288        4752/884736   ( 0.5%) 
texdata                 18/2048          576/65536    ( 0.9%) 
dispinfos                4/0             704/0        ( 0.0%) 
disp_verts            1156/0           23120/0        ( 0.0%) 
disp_tris             2048/0            4096/0        ( 0.0%) 
disp_lmsamples       73881/0           73881/0        ( 0.0%) 
faces                  868/65536       48608/3670016  ( 1.3%) 
hdr faces                0/65536           0/3670016  ( 0.0%) 
origfaces              352/65536       19712/3670016  ( 0.5%) 
leaves                 701/65536       22432/2097152  ( 1.1%) 
leaffaces             1069/65536        2138/131072   ( 1.6%) 
leafbrushes            464/65536         928/131072   ( 0.7%) 
areas                    2/256            16/2048     ( 0.8%) 
surfedges             5232/512000      20928/2048000  ( 1.0%) 
edges                 3141/256000      12564/1024000  ( 1.2%) 
LDR worldlights          7/8192          616/720896   ( 0.1%) 
HDR worldlights          0/8192            0/720896   ( 0.0%) 
leafwaterdata            0/32768           0/393216   ( 0.0%) 
waterstrips             93/32768         930/327680   ( 0.3%) 
waterverts               0/65536           0/786432   ( 0.0%) 
waterindices          1509/65536        3018/131072   ( 2.3%) 
cubemapsamples           4/1024           64/16384    ( 0.4%) 
overlays                 0/512             0/180224   ( 0.0%) 
LDR lightdata         [variable]      526712/0        ( 0.0%) 
HDR lightdata         [variable]           0/0        ( 0.0%) 
visdata               [variable]       39558/16777216 ( 0.2%) 
entdata               [variable]        6168/393216   ( 1.6%) 
LDR ambient table      701/65536        2804/262144   ( 1.1%) 
HDR ambient table      701/65536        2804/262144   ( 1.1%) 
LDR leaf ambient      3084/65536       86352/1835008  ( 4.7%) 
HDR leaf ambient       701/65536       19628/1835008  ( 1.1%) 
occluders                0/0               0/0        ( 0.0%) 
occluder polygons        0/0               0/0        ( 0.0%) 
occluder vert ind        0/0               0/0        ( 0.0%) 
detail props          [variable]           1/12       ( 8.3%) 
static props          [variable]           1/2840     ( 0.0%) 
pakfile               [variable]        1912/0        ( 0.0%) 
physics               [variable]      273243/4194304  ( 6.5%) 
physics terrain       [variable]           0/1048576  ( 0.0%) 

Level flags = 0

Total triangle count: 2086
Writing c:\users\z\documents\github\celmod-archive\maps\custom-maps\gm_park_cm.bsp
5 seconds elapsed



Using shader api: shaderapiempty.dll
materialPath: C:\Program Files (x86)\Steam\steamapps\common\Half-Life 2 Deathmatch\hl2mp\materials
Loading C:\Users\z\Documents\Github\celmod-archive\maps\custom-maps\gm_park_cm.vmf
Could not locate 'GameData' key in c:\program files (x86)\steam\steamapps\common\half-life 2 deathmatch\hl2mp\gameinfo.txt
fixing up env_cubemap materials on brush sides...
0...1...2...3...4...5...6...7...8...9...100...1...2...3...4...5...6...7...8...9...10Processing areas...done (0)
Building Faces...done (0)
Chop Details...done (0)
Find Visible Detail Sides...
Merged 22 detail faces...done (0)
Merging details...done (0)
FixTjuncs...
PruneNodes...
WriteBSP...
done (0)
writing C:\Users\z\Documents\Github\celmod-archive\maps\custom-maps\gm_park_cm.prt...Building visibility clusters...
done (0)
*** Error: Skybox vtf files for skybox/sky_overcast002 weren't compiled with the same size texture and/or same flags!
Can't load skybox file skybox/sky_overcast002 to build the default cubemap!
*** Error: Skybox vtf files for skybox/sky_overcast002 weren't compiled with the same size texture and/or same flags!
Can't load skybox file skybox/sky_overcast002 to build the default cubemap!
Finding displacement neighbors...
Finding lightmap sample positions...
Displacement Alpha : 0...1...2...3...4...5...6...7...8...9...10
Building Physics collision data...
WARNING: Map using power 4 displacements, terrain physics cannot be compressed, map will need additional memory and CPU.
done (0) (273243 bytes)
Placing detail props : 0...1...2...3...4...5...6...7...8...9...10
Compacting texture/material tables...
Reduced 135 texinfos to 66
Reduced 23 texdatas to 18 (770 bytes to 607)
Writing C:\Users\z\Documents\Github\celmod-archive\maps\custom-maps\gm_park_cm.bsp
MSG_FILEWRITE - Filesystem was asked to write to 'C:\Users\z\Documents\Github\celmod-archive\maps\custom-maps\gm_park_cm.bsp', but we don't own that location. Allowing.
Wrote ZIP buffer, estimated size 2528, actual size 1912
1 second elapsed



4 threads
reading c:\users\z\documents\github\celmod-archive\maps\custom-maps\gm_park_cm.bsp
reading c:\users\z\documents\github\celmod-archive\maps\custom-maps\gm_park_cm.prt
 380 portalclusters
1131 numportals
0...1...2...3...4...5...6...7...8...9...100...1...2...3...4...5...6...7...8...9...10Optimized: 151 visible clusters (0.12%)
Total clusters visible: 126817
Average clusters visible: 333
Building PAS...
Average clusters audible: 380
visdatasize:39558  compressed from 36480
writing c:\users\z\documents\github\celmod-archive\maps\custom-maps\gm_park_cm.bsp
MSG_FILEWRITE - Filesystem was asked to write to 'c:\users\z\documents\github\celmod-archive\maps\custom-maps\gm_park_cm.bsp', but we don't own that location. Allowing.
12 seconds elapsed



Could not find lights.rad in lights.rad.
Trying VRAD BIN directory instead...
Warning: Couldn't open texlight file C:\Program Files (x86)\Steam\steamapps\common\Half-Life 2 Deathmatch\bin\x64\lights.rad.
Loading c:\users\z\documents\github\celmod-archive\maps\custom-maps\gm_park_cm.bsp
868 faces
3645199 square feet [524908736.00 square inches]
4 Displacements
728177 Square Feet [104857600.00 Square Inches]
868 patches before subdivision
11886 patches after subdivision
7 direct lights
0...1...2...3...4...5...6...7...8...9...100...1...2...3...4...5...6...7...8...9...10transfers 759402, max 360
transfer lists:   5.8 megs
0...1...2...3...4...5...6...7...8...9...10	Bounce #1 added RGB(24812, 25121, 12552)
0...1...2...3...4...5...6...7...8...9...10	Bounce #2 added RGB(2987, 2234, 868)
0...1...2...3...4...5...6...7...8...9...10	Bounce #3 added RGB(567, 349, 96)
0...1...2...3...4...5...6...7...8...9...10	Bounce #4 added RGB(102, 54, 11)
0...1...2...3...4...5...6...7...8...9...10	Bounce #5 added RGB(23, 10, 1)
0...1...2...3...4...5...6...7...8...9...10	Bounce #6 added RGB(4, 2, 0)
0...1...2...3...4...5...6...7...8...9...10	Bounce #7 added RGB(1, 0, 0)
0...1...2...3...4...5...6...7...8...9...10	Bounce #8 added RGB(0, 0, 0)
Build Patch/Sample Hash Table(s).....Done<0.0246 sec>
0...1...2...3...4...5...6...7...8...9...10FinalLightFace Done
0 of 0 (0% of) surface lights went in leaf ambient cubes.
0...1...2...3...4...5...6...7...8...9...10Writing leaf ambient...done
Ready to Finish

Object names       Objects/Maxobjs  Memory / Maxmem  Fullness 
------------       ---------------  ---------------  -------- 
models                   2/1024           96/49152    ( 0.2%) 
brushes                118/8192         1416/98304    ( 1.4%) 
brushsides             735/65536        5880/524288   ( 1.1%) 
planes                 462/65536        9240/1310720  ( 0.7%) 
vertexes              1460/65536       17520/786432   ( 2.2%) 
nodes                  698/65536       22336/2097152  ( 1.1%) 
texinfos                66/12288        4752/884736   ( 0.5%) 
texdata                 18/2048          576/65536    ( 0.9%) 
dispinfos                4/0             704/0        ( 0.0%) 
disp_verts            1156/0           23120/0        ( 0.0%) 
disp_tris             2048/0            4096/0        ( 0.0%) 
disp_lmsamples       73881/0           73881/0        ( 0.0%) 
faces                  868/65536       48608/3670016  ( 1.3%) 
hdr faces                0/65536           0/3670016  ( 0.0%) 
origfaces              352/65536       19712/3670016  ( 0.5%) 
leaves                 701/65536       22432/2097152  ( 1.1%) 
leaffaces             1069/65536        2138/131072   ( 1.6%) 
leafbrushes            464/65536         928/131072   ( 0.7%) 
areas                    2/256            16/2048     ( 0.8%) 
surfedges             5232/512000      20928/2048000  ( 1.0%) 
edges                 3141/256000      12564/1024000  ( 1.2%) 
LDR worldlights          7/8192          616/720896   ( 0.1%) 
HDR worldlights          0/8192            0/720896   ( 0.0%) 
leafwaterdata            0/32768           0/393216   ( 0.0%) 
waterstrips             93/32768         930/327680   ( 0.3%) 
waterverts               0/65536           0/786432   ( 0.0%) 
waterindices          1509/65536        3018/131072   ( 2.3%) 
cubemapsamples           4/1024           64/16384    ( 0.4%) 
overlays                 0/512             0/180224   ( 0.0%) 
LDR lightdata         [variable]      526712/0        ( 0.0%) 
HDR lightdata         [variable]           0/0        ( 0.0%) 
visdata               [variable]       39558/16777216 ( 0.2%) 
entdata               [variable]        6196/393216   ( 1.6%) 
LDR ambient table      701/65536        2804/262144   ( 1.1%) 
HDR ambient table      701/65536        2804/262144   ( 1.1%) 
LDR leaf ambient      3084/65536       86352/1835008  ( 4.7%) 
HDR leaf ambient       701/65536       19628/1835008  ( 1.1%) 
occluders                0/0               0/0        ( 0.0%) 
occluder polygons        0/0               0/0        ( 0.0%) 
occluder vert ind        0/0               0/0        ( 0.0%) 
detail props          [variable]           1/12       ( 8.3%) 
static props          [variable]           1/2840     ( 0.0%) 
pakfile               [variable]        1912/0        ( 0.0%) 
physics               [variable]      273243/4194304  ( 6.5%) 
physics terrain       [variable]           0/1048576  ( 0.0%) 

Level flags = 0

Total triangle count: 2086
Writing c:\users\z\documents\github\celmod-archive\maps\custom-maps\gm_park_cm.bsp
7 seconds elapsed



Using shader api: shaderapiempty.dll
materialPath: C:\Program Files (x86)\Steam\steamapps\common\Half-Life 2 Deathmatch\hl2mp\materials
Loading C:\Users\z\Documents\Github\celmod-archive\maps\custom-maps\gm_park_cm.vmf
Could not locate 'GameData' key in c:\program files (x86)\steam\steamapps\common\half-life 2 deathmatch\hl2mp\gameinfo.txt
fixing up env_cubemap materials on brush sides...
0...1...2...3...4...5...6...7...8...9...100...1...2...3...4...5...6...7...8...9...10Processing areas...done (0)
Building Faces...done (0)
Chop Details...done (0)
Find Visible Detail Sides...
Merged 22 detail faces...done (0)
Merging details...done (0)
FixTjuncs...
PruneNodes...
WriteBSP...
done (0)
writing C:\Users\z\Documents\Github\celmod-archive\maps\custom-maps\gm_park_cm.prt...Building visibility clusters...
done (0)
*** Error: Skybox vtf files for skybox/sky_overcast002 weren't compiled with the same size texture and/or same flags!
Can't load skybox file skybox/sky_overcast002 to build the default cubemap!
*** Error: Skybox vtf files for skybox/sky_overcast002 weren't compiled with the same size texture and/or same flags!
Can't load skybox file skybox/sky_overcast002 to build the default cubemap!
Finding displacement neighbors...
Finding lightmap sample positions...
Displacement Alpha : 0...1...2...3...4...5...6...7...8...9...10
Building Physics collision data...
WARNING: Map using power 4 displacements, terrain physics cannot be compressed, map will need additional memory and CPU.
done (0) (273243 bytes)
Placing detail props : 0...1...2...3...4...5...6...7...8...9...10
Compacting texture/material tables...
Reduced 135 texinfos to 66
Reduced 23 texdatas to 18 (770 bytes to 607)
Writing C:\Users\z\Documents\Github\celmod-archive\maps\custom-maps\gm_park_cm.bsp
MSG_FILEWRITE - Filesystem was asked to write to 'C:\Users\z\Documents\Github\celmod-archive\maps\custom-maps\gm_park_cm.bsp', but we don't own that location. Allowing.
Wrote ZIP buffer, estimated size 2528, actual size 1912
0 seconds elapsed



4 threads
reading c:\users\z\documents\github\celmod-archive\maps\custom-maps\gm_park_cm.bsp
reading c:\users\z\documents\github\celmod-archive\maps\custom-maps\gm_park_cm.prt
 380 portalclusters
1131 numportals
0...1...2...3...4...5...6...7...8...9...100...1...2...3...4...5...6...7...8...9...10Optimized: 151 visible clusters (0.12%)
Total clusters visible: 126817
Average clusters visible: 333
Building PAS...
Average clusters audible: 380
visdatasize:39558  compressed from 36480
writing c:\users\z\documents\github\celmod-archive\maps\custom-maps\gm_park_cm.bsp
MSG_FILEWRITE - Filesystem was asked to write to 'c:\users\z\documents\github\celmod-archive\maps\custom-maps\gm_park_cm.bsp', but we don't own that location. Allowing.
11 seconds elapsed



Could not find lights.rad in lights.rad.
Trying VRAD BIN directory instead...
Warning: Couldn't open texlight file C:\Program Files (x86)\Steam\steamapps\common\Half-Life 2 Deathmatch\bin\x64\lights.rad.
Loading c:\users\z\documents\github\celmod-archive\maps\custom-maps\gm_park_cm.bsp
868 faces
3645199 square feet [524908736.00 square inches]
4 Displacements
728177 Square Feet [104857600.00 Square Inches]
868 patches before subdivision
11886 patches after subdivision
7 direct lights
0...1...2...3...4...5...6...7...8...9...100...1...2...3...4...5...6...7...8...9...10transfers 759402, max 360
transfer lists:   5.8 megs
0...1...2...3...4...5...6...7...8...9...10	Bounce #1 added RGB(25068, 25330, 12674)
0...1...2...3...4...5...6...7...8...9...10	Bounce #2 added RGB(2999, 2241, 871)
0...1...2...3...4...5...6...7...8...9...10	Bounce #3 added RGB(577, 355, 98)
0...1...2...3...4...5...6...7...8...9...10	Bounce #4 added RGB(102, 54, 11)
0...1...2...3...4...5...6...7...8...9...10	Bounce #5 added RGB(23, 11, 1)
0...1...2...3...4...5...6...7...8...9...10	Bounce #6 added RGB(4, 2, 0)
0...1...2...3...4...5...6...7...8...9...10	Bounce #7 added RGB(1, 0, 0)
0...1...2...3...4...5...6...7...8...9...10	Bounce #8 added RGB(0, 0, 0)
Build Patch/Sample Hash Table(s).....Done<0.0142 sec>
0...1...2...3...4...5...6...7...8...9...10FinalLightFace Done
0 of 0 (0% of) surface lights went in leaf ambient cubes.
0...1...2...3...4...5...6...7...8...9...10Writing leaf ambient...done
Ready to Finish

Object names       Objects/Maxobjs  Memory / Maxmem  Fullness 
------------       ---------------  ---------------  -------- 
models                   2/1024           96/49152    ( 0.2%) 
brushes                118/8192         1416/98304    ( 1.4%) 
brushsides             735/65536        5880/524288   ( 1.1%) 
planes                 462/65536        9240/1310720  ( 0.7%) 
vertexes              1460/65536       17520/786432   ( 2.2%) 
nodes                  698/65536       22336/2097152  ( 1.1%) 
texinfos                66/12288        4752/884736   ( 0.5%) 
texdata                 18/2048          576/65536    ( 0.9%) 
dispinfos                4/0             704/0        ( 0.0%) 
disp_verts            1156/0           23120/0        ( 0.0%) 
disp_tris             2048/0            4096/0        ( 0.0%) 
disp_lmsamples       73881/0           73881/0        ( 0.0%) 
faces                  868/65536       48608/3670016  ( 1.3%) 
hdr faces                0/65536           0/3670016  ( 0.0%) 
origfaces              352/65536       19712/3670016  ( 0.5%) 
leaves                 701/65536       22432/2097152  ( 1.1%) 
leaffaces             1069/65536        2138/131072   ( 1.6%) 
leafbrushes            464/65536         928/131072   ( 0.7%) 
areas                    2/256            16/2048     ( 0.8%) 
surfedges             5232/512000      20928/2048000  ( 1.0%) 
edges                 3141/256000      12564/1024000  ( 1.2%) 
LDR worldlights          7/8192          616/720896   ( 0.1%) 
HDR worldlights          0/8192            0/720896   ( 0.0%) 
leafwaterdata            0/32768           0/393216   ( 0.0%) 
waterstrips             93/32768         930/327680   ( 0.3%) 
waterverts               0/65536           0/786432   ( 0.0%) 
waterindices          1509/65536        3018/131072   ( 2.3%) 
cubemapsamples           4/1024           64/16384    ( 0.4%) 
overlays                 0/512             0/180224   ( 0.0%) 
LDR lightdata         [variable]      526712/0        ( 0.0%) 
HDR lightdata         [variable]           0/0        ( 0.0%) 
visdata               [variable]       39558/16777216 ( 0.2%) 
entdata               [variable]        6196/393216   ( 1.6%) 
LDR ambient table      701/65536        2804/262144   ( 1.1%) 
HDR ambient table      701/65536        2804/262144   ( 1.1%) 
LDR leaf ambient      3084/65536       86352/1835008  ( 4.7%) 
HDR leaf ambient       701/65536       19628/1835008  ( 1.1%) 
occluders                0/0               0/0        ( 0.0%) 
occluder polygons        0/0               0/0        ( 0.0%) 
occluder vert ind        0/0               0/0        ( 0.0%) 
detail props          [variable]           1/12       ( 8.3%) 
static props          [variable]           1/2840     ( 0.0%) 
pakfile               [variable]        1912/0        ( 0.0%) 
physics               [variable]      273243/4194304  ( 6.5%) 
physics terrain       [variable]           0/1048576  ( 0.0%) 

Level flags = 0

Total triangle count: 2086
Writing c:\users\z\documents\github\celmod-archive\maps\custom-maps\gm_park_cm.bsp
7 seconds elapsed



Using shader api: shaderapiempty.dll
materialPath: C:\Program Files (x86)\Steam\steamapps\common\Half-Life 2 Deathmatch\hl2mp\materials
Loading C:\Users\z\Documents\Github\celmod-archive\maps\custom-maps\gm_park_cm.vmf
Could not locate 'GameData' key in c:\program files (x86)\steam\steamapps\common\half-life 2 deathmatch\hl2mp\gameinfo.txt
fixing up env_cubemap materials on brush sides...
0...1...2...3...4...5...6...7...8...9...100...1...2...3...4...5...6...7...8...9...10Processing areas...done (0)
Building Faces...done (0)
Chop Details...done (0)
Find Visible Detail Sides...
Merged 22 detail faces...done (0)
Merging details...done (0)
FixTjuncs...
PruneNodes...
WriteBSP...
done (0)
writing C:\Users\z\Documents\Github\celmod-archive\maps\custom-maps\gm_park_cm.prt...Building visibility clusters...
done (0)
*** Error: Skybox vtf files for skybox/sky_overcast002 weren't compiled with the same size texture and/or same flags!
Can't load skybox file skybox/sky_overcast002 to build the default cubemap!
*** Error: Skybox vtf files for skybox/sky_overcast002 weren't compiled with the same size texture and/or same flags!
Can't load skybox file skybox/sky_overcast002 to build the default cubemap!
Finding displacement neighbors...
Finding lightmap sample positions...
Displacement Alpha : 0...1...2...3...4...5...6...7...8...9...10
Building Physics collision data...
WARNING: Map using power 4 displacements, terrain physics cannot be compressed, map will need additional memory and CPU.
done (0) (273243 bytes)
Placing detail props : 0...1...2...3...4...5...6...7...8...9...10
Compacting texture/material tables...
Reduced 135 texinfos to 66
Reduced 23 texdatas to 18 (770 bytes to 607)
Writing C:\Users\z\Documents\Github\celmod-archive\maps\custom-maps\gm_park_cm.bsp
MSG_FILEWRITE - Filesystem was asked to write to 'C:\Users\z\Documents\Github\celmod-archive\maps\custom-maps\gm_park_cm.bsp', but we don't own that location. Allowing.
Wrote ZIP buffer, estimated size 2528, actual size 1912
0 seconds elapsed



4 threads
reading c:\users\z\documents\github\celmod-archive\maps\custom-maps\gm_park_cm.bsp
reading c:\users\z\documents\github\celmod-archive\maps\custom-maps\gm_park_cm.prt
 380 portalclusters
1131 numportals
0...1...2...3...4...5...6...7...8...9...100...1...2...3...4...5...6...7...8...9...10Optimized: 151 visible clusters (0.12%)
Total clusters visible: 126817
Average clusters visible: 333
Building PAS...
Average clusters audible: 380
visdatasize:39558  compressed from 36480
writing c:\users\z\documents\github\celmod-archive\maps\custom-maps\gm_park_cm.bsp
MSG_FILEWRITE - Filesystem was asked to write to 'c:\users\z\documents\github\celmod-archive\maps\custom-maps\gm_park_cm.bsp', but we don't own that location. Allowing.
10 seconds elapsed



Could not find lights.rad in lights.rad.
Trying VRAD BIN directory instead...
Warning: Couldn't open texlight file C:\Program Files (x86)\Steam\steamapps\common\Half-Life 2 Deathmatch\bin\x64\lights.rad.
Loading c:\users\z\documents\github\celmod-archive\maps\custom-maps\gm_park_cm.bsp
868 faces
3645199 square feet [524908736.00 square inches]
4 Displacements
728177 Square Feet [104857600.00 Square Inches]
868 patches before subdivision
11886 patches after subdivision
7 direct lights
0...1...2...3...4...5...6...7...8...9...100...1...2...3...4...5...6...7...8...9...10transfers 759402, max 360
transfer lists:   5.8 megs
0...1...2...3...4...5...6...7...8...9...10	Bounce #1 added RGB(23914, 24457, 12226)
0...1...2...3...4...5...6...7...8...9...10	Bounce #2 added RGB(2844, 2143, 831)
0...1...2...3...4...5...6...7...8...9...10	Bounce #3 added RGB(540, 334, 92)
0...1...2...3...4...5...6...7...8...9...10	Bounce #4 added RGB(97, 52, 10)
0...1...2...3...4...5...6...7...8...9...10	Bounce #5 added RGB(22, 10, 1)
0...1...2...3...4...5...6...7...8...9...10	Bounce #6 added RGB(4, 2, 0)
0...1...2...3...4...5...6...7...8...9...10	Bounce #7 added RGB(1, 0, 0)
Build Patch/Sample Hash Table(s).....Done<0.0051 sec>
0...1...2...3...4...5...6...7...8...9...10FinalLightFace Done
0 of 0 (0% of) surface lights went in leaf ambient cubes.
0...1...2...3...4...5...6...7...8...9...10Writing leaf ambient...done
Ready to Finish

Object names       Objects/Maxobjs  Memory / Maxmem  Fullness 
------------       ---------------  ---------------  -------- 
models                   2/1024           96/49152    ( 0.2%) 
brushes                118/8192         1416/98304    ( 1.4%) 
brushsides             735/65536        5880/524288   ( 1.1%) 
planes                 462/65536        9240/1310720  ( 0.7%) 
vertexes              1460/65536       17520/786432   ( 2.2%) 
nodes                  698/65536       22336/2097152  ( 1.1%) 
texinfos                66/12288        4752/884736   ( 0.5%) 
texdata                 18/2048          576/65536    ( 0.9%) 
dispinfos                4/0             704/0        ( 0.0%) 
disp_verts            1156/0           23120/0        ( 0.0%) 
disp_tris             2048/0            4096/0        ( 0.0%) 
disp_lmsamples       73881/0           73881/0        ( 0.0%) 
faces                  868/65536       48608/3670016  ( 1.3%) 
hdr faces                0/65536           0/3670016  ( 0.0%) 
origfaces              352/65536       19712/3670016  ( 0.5%) 
leaves                 701/65536       22432/2097152  ( 1.1%) 
leaffaces             1069/65536        2138/131072   ( 1.6%) 
leafbrushes            464/65536         928/131072   ( 0.7%) 
areas                    2/256            16/2048     ( 0.8%) 
surfedges             5232/512000      20928/2048000  ( 1.0%) 
edges                 3141/256000      12564/1024000  ( 1.2%) 
LDR worldlights          7/8192          616/720896   ( 0.1%) 
HDR worldlights          0/8192            0/720896   ( 0.0%) 
leafwaterdata            0/32768           0/393216   ( 0.0%) 
waterstrips             93/32768         930/327680   ( 0.3%) 
waterverts               0/65536           0/786432   ( 0.0%) 
waterindices          1509/65536        3018/131072   ( 2.3%) 
cubemapsamples           4/1024           64/16384    ( 0.4%) 
overlays                 0/512             0/180224   ( 0.0%) 
LDR lightdata         [variable]      526712/0        ( 0.0%) 
HDR lightdata         [variable]           0/0        ( 0.0%) 
visdata               [variable]       39558/16777216 ( 0.2%) 
entdata               [variable]        6431/393216   ( 1.6%) 
LDR ambient table      701/65536        2804/262144   ( 1.1%) 
HDR ambient table      701/65536        2804/262144   ( 1.1%) 
LDR leaf ambient      3084/65536       86352/1835008  ( 4.7%) 
HDR leaf ambient       701/65536       19628/1835008  ( 1.1%) 
occluders                0/0               0/0        ( 0.0%) 
occluder polygons        0/0               0/0        ( 0.0%) 
occluder vert ind        0/0               0/0        ( 0.0%) 
detail props          [variable]           1/12       ( 8.3%) 
static props          [variable]           1/2840     ( 0.0%) 
pakfile               [variable]        1912/0        ( 0.0%) 
physics               [variable]      273243/4194304  ( 6.5%) 
physics terrain       [variable]           0/1048576  ( 0.0%) 

Level flags = 0

Total triangle count: 2086
Writing c:\users\z\documents\github\celmod-archive\maps\custom-maps\gm_park_cm.bsp
5 seconds elapsed



Using shader api: shaderapiempty.dll
materialPath: C:\Program Files (x86)\Steam\steamapps\common\Half-Life 2 Deathmatch\hl2mp\materials
Loading C:\Users\z\Documents\Github\celmod-archive\maps\custom-maps\gm_park_cm.vmf
Could not locate 'GameData' key in c:\program files (x86)\steam\steamapps\common\half-life 2 deathmatch\hl2mp\gameinfo.txt
fixing up env_cubemap materials on brush sides...
0...1...2...3...4...5...6...7...8...9...100...1...2...3...4...5...6...7...8...9...10Processing areas...done (0)
Building Faces...done (0)
Chop Details...done (0)
Find Visible Detail Sides...
Merged 22 detail faces...done (0)
Merging details...done (0)
FixTjuncs...
PruneNodes...
WriteBSP...
done (0)
writing C:\Users\z\Documents\Github\celmod-archive\maps\custom-maps\gm_park_cm.prt...Building visibility clusters...
done (0)
*** Error: Skybox vtf files for skybox/sky_overcast002 weren't compiled with the same size texture and/or same flags!
Can't load skybox file skybox/sky_overcast002 to build the default cubemap!
*** Error: Skybox vtf files for skybox/sky_overcast002 weren't compiled with the same size texture and/or same flags!
Can't load skybox file skybox/sky_overcast002 to build the default cubemap!
Finding displacement neighbors...
Finding lightmap sample positions...
Displacement Alpha : 0...1...2...3...4...5...6...7...8...9...10
Building Physics collision data...
WARNING: Map using power 4 displacements, terrain physics cannot be compressed, map will need additional memory and CPU.
done (0) (273243 bytes)
Placing detail props : 0...1...2...3...4...5...6...7...8...9...10
Compacting texture/material tables...
Reduced 151 texinfos to 78
Reduced 32 texdatas to 26 (1248 bytes to 1033)
Writing C:\Users\z\Documents\Github\celmod-archive\maps\custom-maps\gm_park_cm.bsp
MSG_FILEWRITE - Filesystem was asked to write to 'C:\Users\z\Documents\Github\celmod-archive\maps\custom-maps\gm_park_cm.bsp', but we don't own that location. Allowing.
Wrote ZIP buffer, estimated size 6838, actual size 5016
1 second elapsed



4 threads
reading c:\users\z\documents\github\celmod-archive\maps\custom-maps\gm_park_cm.bsp
reading c:\users\z\documents\github\celmod-archive\maps\custom-maps\gm_park_cm.prt
 380 portalclusters
1131 numportals
0...1...2...3...4...5...6...7...8...9...100...1...2...3...4...5...6...7...8...9...10Optimized: 151 visible clusters (0.12%)
Total clusters visible: 126817
Average clusters visible: 333
Building PAS...
Average clusters audible: 380
visdatasize:39558  compressed from 36480
writing c:\users\z\documents\github\celmod-archive\maps\custom-maps\gm_park_cm.bsp
MSG_FILEWRITE - Filesystem was asked to write to 'c:\users\z\documents\github\celmod-archive\maps\custom-maps\gm_park_cm.bsp', but we don't own that location. Allowing.
11 seconds elapsed



Could not find lights.rad in lights.rad.
Trying VRAD BIN directory instead...
Warning: Couldn't open texlight file C:\Program Files (x86)\Steam\steamapps\common\Half-Life 2 Deathmatch\bin\x64\lights.rad.
Loading c:\users\z\documents\github\celmod-archive\maps\custom-maps\gm_park_cm.bsp
868 faces
3645199 square feet [524908736.00 square inches]
4 Displacements
728177 Square Feet [104857600.00 Square Inches]
868 patches before subdivision
11886 patches after subdivision
7 direct lights
0...1...2...3...4...5...6...7...8...9...100...1...2...3...4...5...6...7...8...9...10transfers 759402, max 360
transfer lists:   5.8 megs
0...1...2...3...4...5...6...7...8...9...10	Bounce #1 added RGB(23918, 24460, 12228)
0...1...2...3...4...5...6...7...8...9...10	Bounce #2 added RGB(2845, 2143, 832)
0...1...2...3...4...5...6...7...8...9...10	Bounce #3 added RGB(541, 334, 92)
0...1...2...3...4...5...6...7...8...9...10	Bounce #4 added RGB(97, 52, 10)
0...1...2...3...4...5...6...7...8...9...10	Bounce #5 added RGB(22, 10, 1)
0...1...2...3...4...5...6...7...8...9...10	Bounce #6 added RGB(4, 2, 0)
0...1...2...3...4...5...6...7...8...9...10	Bounce #7 added RGB(1, 0, 0)
Build Patch/Sample Hash Table(s).....Done<0.0088 sec>
0...1...2...3...4...5...6...7...8...9...10FinalLightFace Done
0 of 0 (0% of) surface lights went in leaf ambient cubes.
0...1...2...3...4...5...6...7...8...9...10Writing leaf ambient...done
Ready to Finish

Object names       Objects/Maxobjs  Memory / Maxmem  Fullness 
------------       ---------------  ---------------  -------- 
models                   2/1024           96/49152    ( 0.2%) 
brushes                118/8192         1416/98304    ( 1.4%) 
brushsides             735/65536        5880/524288   ( 1.1%) 
planes                 462/65536        9240/1310720  ( 0.7%) 
vertexes              1460/65536       17520/786432   ( 2.2%) 
nodes                  698/65536       22336/2097152  ( 1.1%) 
texinfos                78/12288        5616/884736   ( 0.6%) 
texdata                 26/2048          832/65536    ( 1.3%) 
dispinfos                4/0             704/0        ( 0.0%) 
disp_verts            1156/0           23120/0        ( 0.0%) 
disp_tris             2048/0            4096/0        ( 0.0%) 
disp_lmsamples       73881/0           73881/0        ( 0.0%) 
faces                  868/65536       48608/3670016  ( 1.3%) 
hdr faces                0/65536           0/3670016  ( 0.0%) 
origfaces              352/65536       19712/3670016  ( 0.5%) 
leaves                 701/65536       22432/2097152  ( 1.1%) 
leaffaces             1069/65536        2138/131072   ( 1.6%) 
leafbrushes            464/65536         928/131072   ( 0.7%) 
areas                    2/256            16/2048     ( 0.8%) 
surfedges             5232/512000      20928/2048000  ( 1.0%) 
edges                 3141/256000      12564/1024000  ( 1.2%) 
LDR worldlights          7/8192          616/720896   ( 0.1%) 
HDR worldlights          0/8192            0/720896   ( 0.0%) 
leafwaterdata            0/32768           0/393216   ( 0.0%) 
waterstrips             93/32768         930/327680   ( 0.3%) 
waterverts               0/65536           0/786432   ( 0.0%) 
waterindices          1509/65536        3018/131072   ( 2.3%) 
cubemapsamples          13/1024          208/16384    ( 1.3%) 
overlays                 0/512             0/180224   ( 0.0%) 
LDR lightdata         [variable]      526712/0        ( 0.0%) 
HDR lightdata         [variable]           0/0        ( 0.0%) 
visdata               [variable]       39558/16777216 ( 0.2%) 
entdata               [variable]        6431/393216   ( 1.6%) 
LDR ambient table      701/65536        2804/262144   ( 1.1%) 
HDR ambient table      701/65536        2804/262144   ( 1.1%) 
LDR leaf ambient      3084/65536       86352/1835008  ( 4.7%) 
HDR leaf ambient       701/65536       19628/1835008  ( 1.1%) 
occluders                0/0               0/0        ( 0.0%) 
occluder polygons        0/0               0/0        ( 0.0%) 
occluder vert ind        0/0               0/0        ( 0.0%) 
detail props          [variable]           1/12       ( 8.3%) 
static props          [variable]           1/2840     ( 0.0%) 
pakfile               [variable]        5016/0        ( 0.0%) 
physics               [variable]      273243/4194304  ( 6.5%) 
physics terrain       [variable]           0/1048576  ( 0.0%) 

Level flags = 0

Total triangle count: 2086
Writing c:\users\z\documents\github\celmod-archive\maps\custom-maps\gm_park_cm.bsp
5 seconds elapsed



Using shader api: shaderapiempty.dll
materialPath: C:\Program Files (x86)\Steam\steamapps\common\Half-Life 2 Deathmatch\hl2mp\materials
Loading C:\Users\z\Documents\Github\celmod-archive\maps\custom-maps\gm_park_cm.vmf
Could not locate 'GameData' key in c:\program files (x86)\steam\steamapps\common\half-life 2 deathmatch\hl2mp\gameinfo.txt
fixing up env_cubemap materials on brush sides...
0...1...2...3...4...5...6...7...8...9...100...1...2...3...4...5...6...7...8...9...10Processing areas...done (0)
Building Faces...done (0)
Chop Details...done (0)
Find Visible Detail Sides...
Merged 22 detail faces...done (0)
Merging details...done (0)
FixTjuncs...
PruneNodes...
WriteBSP...
done (0)
writing C:\Users\z\Documents\Github\celmod-archive\maps\custom-maps\gm_park_cm.prt...Building visibility clusters...
done (0)
*** Error: Skybox vtf files for skybox/sky_overcast002 weren't compiled with the same size texture and/or same flags!
Can't load skybox file skybox/sky_overcast002 to build the default cubemap!
*** Error: Skybox vtf files for skybox/sky_overcast002 weren't compiled with the same size texture and/or same flags!
Can't load skybox file skybox/sky_overcast002 to build the default cubemap!
Finding displacement neighbors...
Finding lightmap sample positions...
Displacement Alpha : 0...1...2...3...4...5...6...7...8...9...10
Building Physics collision data...
WARNING: Map using power 4 displacements, terrain physics cannot be compressed, map will need additional memory and CPU.
done (0) (273243 bytes)
Placing detail props : 0...1...2...3...4...5...6...7...8...9...10
Compacting texture/material tables...
Reduced 151 texinfos to 78
Reduced 32 texdatas to 26 (1248 bytes to 1033)
Writing C:\Users\z\Documents\Github\celmod-archive\maps\custom-maps\gm_park_cm.bsp
MSG_FILEWRITE - Filesystem was asked to write to 'C:\Users\z\Documents\Github\celmod-archive\maps\custom-maps\gm_park_cm.bsp', but we don't own that location. Allowing.
Wrote ZIP buffer, estimated size 6838, actual size 5016
0 seconds elapsed



4 threads
reading c:\users\z\documents\github\celmod-archive\maps\custom-maps\gm_park_cm.bsp
reading c:\users\z\documents\github\celmod-archive\maps\custom-maps\gm_park_cm.prt
 380 portalclusters
1131 numportals
0...1...2...3...4...5...6...7...8...9...100...1...2...3...4...5...6...7...8...9...10Optimized: 151 visible clusters (0.12%)
Total clusters visible: 126817
Average clusters visible: 333
Building PAS...
Average clusters audible: 380
visdatasize:39558  compressed from 36480
writing c:\users\z\documents\github\celmod-archive\maps\custom-maps\gm_park_cm.bsp
MSG_FILEWRITE - Filesystem was asked to write to 'c:\users\z\documents\github\celmod-archive\maps\custom-maps\gm_park_cm.bsp', but we don't own that location. Allowing.
11 seconds elapsed



Could not find lights.rad in lights.rad.
Trying VRAD BIN directory instead...
Warning: Couldn't open texlight file C:\Program Files (x86)\Steam\steamapps\common\Half-Life 2 Deathmatch\bin\x64\lights.rad.
Loading c:\users\z\documents\github\celmod-archive\maps\custom-maps\gm_park_cm.bsp
868 faces
3645199 square feet [524908736.00 square inches]
4 Displacements
728177 Square Feet [104857600.00 Square Inches]
868 patches before subdivision
11886 patches after subdivision
7 direct lights
0...1...2...3...4...5...6...7...8...9...100...1...2...3...4...5...6...7...8...9...10transfers 759402, max 360
transfer lists:   5.8 megs
0...1...2...3...4...5...6...7...8...9...10	Bounce #1 added RGB(23919, 24461, 12228)
0...1...2...3...4...5...6...7...8...9...10	Bounce #2 added RGB(2845, 2143, 832)
0...1...2...3...4...5...6...7...8...9...10	Bounce #3 added RGB(541, 335, 92)
0...1...2...3...4...5...6...7...8...9...10	Bounce #4 added RGB(97, 52, 10)
0...1...2...3...4...5...6...7...8...9...10	Bounce #5 added RGB(22, 10, 1)
0...1...2...3...4...5...6...7...8...9...10	Bounce #6 added RGB(4, 2, 0)
0...1...2...3...4...5...6...7...8...9...10	Bounce #7 added RGB(1, 0, 0)
Build Patch/Sample Hash Table(s).....Done<0.0071 sec>
0...1...2...3...4...5...6...7...8...9...10FinalLightFace Done
0 of 0 (0% of) surface lights went in leaf ambient cubes.
0...1...2...3...4...5...6...7...8...9...10Writing leaf ambient...done
Ready to Finish

Object names       Objects/Maxobjs  Memory / Maxmem  Fullness 
------------       ---------------  ---------------  -------- 
models                   2/1024           96/49152    ( 0.2%) 
brushes                118/8192         1416/98304    ( 1.4%) 
brushsides             735/65536        5880/524288   ( 1.1%) 
planes                 462/65536        9240/1310720  ( 0.7%) 
vertexes              1460/65536       17520/786432   ( 2.2%) 
nodes                  698/65536       22336/2097152  ( 1.1%) 
texinfos                78/12288        5616/884736   ( 0.6%) 
texdata                 26/2048          832/65536    ( 1.3%) 
dispinfos                4/0             704/0        ( 0.0%) 
disp_verts            1156/0           23120/0        ( 0.0%) 
disp_tris             2048/0            4096/0        ( 0.0%) 
disp_lmsamples       73881/0           73881/0        ( 0.0%) 
faces                  868/65536       48608/3670016  ( 1.3%) 
hdr faces                0/65536           0/3670016  ( 0.0%) 
origfaces              352/65536       19712/3670016  ( 0.5%) 
leaves                 701/65536       22432/2097152  ( 1.1%) 
leaffaces             1069/65536        2138/131072   ( 1.6%) 
leafbrushes            464/65536         928/131072   ( 0.7%) 
areas                    2/256            16/2048     ( 0.8%) 
surfedges             5232/512000      20928/2048000  ( 1.0%) 
edges                 3141/256000      12564/1024000  ( 1.2%) 
LDR worldlights          7/8192          616/720896   ( 0.1%) 
HDR worldlights          0/8192            0/720896   ( 0.0%) 
leafwaterdata            0/32768           0/393216   ( 0.0%) 
waterstrips             93/32768         930/327680   ( 0.3%) 
waterverts               0/65536           0/786432   ( 0.0%) 
waterindices          1509/65536        3018/131072   ( 2.3%) 
cubemapsamples          13/1024          208/16384    ( 1.3%) 
overlays                 0/512             0/180224   ( 0.0%) 
LDR lightdata         [variable]      526712/0        ( 0.0%) 
HDR lightdata         [variable]           0/0        ( 0.0%) 
visdata               [variable]       39558/16777216 ( 0.2%) 
entdata               [variable]        6117/393216   ( 1.6%) 
LDR ambient table      701/65536        2804/262144   ( 1.1%) 
HDR ambient table      701/65536        2804/262144   ( 1.1%) 
LDR leaf ambient      3084/65536       86352/1835008  ( 4.7%) 
HDR leaf ambient       701/65536       19628/1835008  ( 1.1%) 
occluders                0/0               0/0        ( 0.0%) 
occluder polygons        0/0               0/0        ( 0.0%) 
occluder vert ind        0/0               0/0        ( 0.0%) 
detail props          [variable]           1/12       ( 8.3%) 
static props          [variable]           1/2840     ( 0.0%) 
pakfile               [variable]        5016/0        ( 0.0%) 
physics               [variable]      273243/4194304  ( 6.5%) 
physics terrain       [variable]           0/1048576  ( 0.0%) 

Level flags = 0

Total triangle count: 2086
Writing c:\users\z\documents\github\celmod-archive\maps\custom-maps\gm_park_cm.bsp
5 seconds elapsed



Using shader api: shaderapiempty.dll
materialPath: C:\Program Files (x86)\Steam\steamapps\common\Half-Life 2 Deathmatch\hl2mp\materials
Loading C:\Users\z\Documents\Github\celmod-archive\maps\custom-maps\gm_park_cm.vmf
Could not locate 'GameData' key in c:\program files (x86)\steam\steamapps\common\half-life 2 deathmatch\hl2mp\gameinfo.txt
fixing up env_cubemap materials on brush sides...
0...1...2...3...4...5...6...7...8...9...100...1...2...3...4...5...6...7...8...9...10Processing areas...done (0)
Building Faces...done (0)
Chop Details...done (0)
Find Visible Detail Sides...
Merged 22 detail faces...done (0)
Merging details...done (0)
FixTjuncs...
PruneNodes...
WriteBSP...
done (0)
writing C:\Users\z\Documents\Github\celmod-archive\maps\custom-maps\gm_park_cm.prt...Building visibility clusters...
done (0)
*** Error: Skybox vtf files for skybox/sky_overcast002 weren't compiled with the same size texture and/or same flags!
Can't load skybox file skybox/sky_overcast002 to build the default cubemap!
*** Error: Skybox vtf files for skybox/sky_overcast002 weren't compiled with the same size texture and/or same flags!
Can't load skybox file skybox/sky_overcast002 to build the default cubemap!
Finding displacement neighbors...
Finding lightmap sample positions...
Displacement Alpha : 0...1...2...3...4...5...6...7...8...9...10
Building Physics collision data...
WARNING: Map using power 4 displacements, terrain physics cannot be compressed, map will need additional memory and CPU.
done (0) (273243 bytes)
Placing detail props : 0...1...2...3...4...5...6...7...8...9...10
Compacting texture/material tables...
Reduced 151 texinfos to 78
Reduced 32 texdatas to 26 (1248 bytes to 1033)
Writing C:\Users\z\Documents\Github\celmod-archive\maps\custom-maps\gm_park_cm.bsp
MSG_FILEWRITE - Filesystem was asked to write to 'C:\Users\z\Documents\Github\celmod-archive\maps\custom-maps\gm_park_cm.bsp', but we don't own that location. Allowing.
Wrote ZIP buffer, estimated size 6838, actual size 5016
1 second elapsed



4 threads
reading c:\users\z\documents\github\celmod-archive\maps\custom-maps\gm_park_cm.bsp
reading c:\users\z\documents\github\celmod-archive\maps\custom-maps\gm_park_cm.prt
 380 portalclusters
1131 numportals
0...1...2...3...4...5...6...7...8...9...100...1...2...3...4...5...6...7...8...9...10Optimized: 151 visible clusters (0.12%)
Total clusters visible: 126817
Average clusters visible: 333
Building PAS...
Average clusters audible: 380
visdatasize:39558  compressed from 36480
writing c:\users\z\documents\github\celmod-archive\maps\custom-maps\gm_park_cm.bsp
MSG_FILEWRITE - Filesystem was asked to write to 'c:\users\z\documents\github\celmod-archive\maps\custom-maps\gm_park_cm.bsp', but we don't own that location. Allowing.
13 seconds elapsed



Could not find lights.rad in lights.rad.
Trying VRAD BIN directory instead...
Warning: Couldn't open texlight file C:\Program Files (x86)\Steam\steamapps\common\Half-Life 2 Deathmatch\bin\x64\lights.rad.
Loading c:\users\z\documents\github\celmod-archive\maps\custom-maps\gm_park_cm.bsp
868 faces
3645199 square feet [524908736.00 square inches]
4 Displacements
728177 Square Feet [104857600.00 Square Inches]
868 patches before subdivision
11886 patches after subdivision
7 direct lights
0...1...2...3...4...5...6...7...8...9...100...1...2...3...4...5...6...7...8...9...10transfers 759402, max 360
transfer lists:   5.8 megs
0...1...2...3...4...5...6...7...8...9...10	Bounce #1 added RGB(23920, 24462, 12228)
0...1...2...3...4...5...6...7...8...9...10	Bounce #2 added RGB(2846, 2143, 832)
0...1...2...3...4...5...6...7...8...9...10	Bounce #3 added RGB(541, 334, 92)
0...1...2...3...4...5...6...7...8...9...10	Bounce #4 added RGB(97, 52, 10)
0...1...2...3...4...5...6...7...8...9...10	Bounce #5 added RGB(22, 10, 1)
0...1...2...3...4...5...6...7...8...9...10	Bounce #6 added RGB(4, 2, 0)
0...1...2...3...4...5...6...7...8...9...10	Bounce #7 added RGB(1, 0, 0)
Build Patch/Sample Hash Table(s).....Done<0.0058 sec>
0...1...2...3...4...5...6...7...8...9...10FinalLightFace Done
0 of 0 (0% of) surface lights went in leaf ambient cubes.
0...1...2...3...4...5...6...7...8...9...10Writing leaf ambient...done
Ready to Finish

Object names       Objects/Maxobjs  Memory / Maxmem  Fullness 
------------       ---------------  ---------------  -------- 
models                   2/1024           96/49152    ( 0.2%) 
brushes                118/8192         1416/98304    ( 1.4%) 
brushsides             735/65536        5880/524288   ( 1.1%) 
planes                 462/65536        9240/1310720  ( 0.7%) 
vertexes              1460/65536       17520/786432   ( 2.2%) 
nodes                  698/65536       22336/2097152  ( 1.1%) 
texinfos                78/12288        5616/884736   ( 0.6%) 
texdata                 26/2048          832/65536    ( 1.3%) 
dispinfos                4/0             704/0        ( 0.0%) 
disp_verts            1156/0           23120/0        ( 0.0%) 
disp_tris             2048/0            4096/0        ( 0.0%) 
disp_lmsamples       73881/0           73881/0        ( 0.0%) 
faces                  868/65536       48608/3670016  ( 1.3%) 
hdr faces                0/65536           0/3670016  ( 0.0%) 
origfaces              352/65536       19712/3670016  ( 0.5%) 
leaves                 701/65536       22432/2097152  ( 1.1%) 
leaffaces             1069/65536        2138/131072   ( 1.6%) 
leafbrushes            464/65536         928/131072   ( 0.7%) 
areas                    2/256            16/2048     ( 0.8%) 
surfedges             5232/512000      20928/2048000  ( 1.0%) 
edges                 3141/256000      12564/1024000  ( 1.2%) 
LDR worldlights          7/8192          616/720896   ( 0.1%) 
HDR worldlights          0/8192            0/720896   ( 0.0%) 
leafwaterdata            0/32768           0/393216   ( 0.0%) 
waterstrips             93/32768         930/327680   ( 0.3%) 
waterverts               0/65536           0/786432   ( 0.0%) 
waterindices          1509/65536        3018/131072   ( 2.3%) 
cubemapsamples          13/1024          208/16384    ( 1.3%) 
overlays                 0/512             0/180224   ( 0.0%) 
LDR lightdata         [variable]      526712/0        ( 0.0%) 
HDR lightdata         [variable]           0/0        ( 0.0%) 
visdata               [variable]       39558/16777216 ( 0.2%) 
entdata               [variable]        6075/393216   ( 1.5%) 
LDR ambient table      701/65536        2804/262144   ( 1.1%) 
HDR ambient table      701/65536        2804/262144   ( 1.1%) 
LDR leaf ambient      3084/65536       86352/1835008  ( 4.7%) 
HDR leaf ambient       701/65536       19628/1835008  ( 1.1%) 
occluders                0/0               0/0        ( 0.0%) 
occluder polygons        0/0               0/0        ( 0.0%) 
occluder vert ind        0/0               0/0        ( 0.0%) 
detail props          [variable]           1/12       ( 8.3%) 
static props          [variable]           1/2840     ( 0.0%) 
pakfile               [variable]        5016/0        ( 0.0%) 
physics               [variable]      273243/4194304  ( 6.5%) 
physics terrain       [variable]           0/1048576  ( 0.0%) 

Level flags = 0

Total triangle count: 2086
Writing c:\users\z\documents\github\celmod-archive\maps\custom-maps\gm_park_cm.bsp
6 seconds elapsed



Using shader api: shaderapiempty.dll
materialPath: C:\Program Files (x86)\Steam\steamapps\common\Half-Life 2 Deathmatch\hl2mp\materials
Loading C:\Users\z\Documents\Github\celmod-archive\maps\custom-maps\gm_park_cm.vmf
Could not locate 'GameData' key in c:\program files (x86)\steam\steamapps\common\half-life 2 deathmatch\hl2mp\gameinfo.txt
fixing up env_cubemap materials on brush sides...
0...1...2...3...4...5...6...7...8...9...100...1...2...3...4...5...6...7...8...9...10Processing areas...done (0)
Building Faces...done (0)
Chop Details...done (0)
Find Visible Detail Sides...
Merged 22 detail faces...done (0)
Merging details...done (0)
FixTjuncs...
PruneNodes...
WriteBSP...
done (0)
writing C:\Users\z\Documents\Github\celmod-archive\maps\custom-maps\gm_park_cm.prt...Building visibility clusters...
done (0)
*** Error: Skybox vtf files for skybox/sky_overcast002 weren't compiled with the same size texture and/or same flags!
Can't load skybox file skybox/sky_overcast002 to build the default cubemap!
*** Error: Skybox vtf files for skybox/sky_overcast002 weren't compiled with the same size texture and/or same flags!
Can't load skybox file skybox/sky_overcast002 to build the default cubemap!
Finding displacement neighbors...
Finding lightmap sample positions...
Displacement Alpha : 0...1...2...3...4...5...6...7...8...9...10
Building Physics collision data...
WARNING: Map using power 4 displacements, terrain physics cannot be compressed, map will need additional memory and CPU.
done (0) (273243 bytes)
Placing detail props : 0...1...2...3...4...5...6...7...8...9...10
Compacting texture/material tables...
Reduced 151 texinfos to 78
Reduced 32 texdatas to 26 (1248 bytes to 1033)
Writing C:\Users\z\Documents\Github\celmod-archive\maps\custom-maps\gm_park_cm.bsp
MSG_FILEWRITE - Filesystem was asked to write to 'C:\Users\z\Documents\Github\celmod-archive\maps\custom-maps\gm_park_cm.bsp', but we don't own that location. Allowing.
Wrote ZIP buffer, estimated size 6838, actual size 5016
0 seconds elapsed



4 threads
reading c:\users\z\documents\github\celmod-archive\maps\custom-maps\gm_park_cm.bsp
reading c:\users\z\documents\github\celmod-archive\maps\custom-maps\gm_park_cm.prt
 380 portalclusters
1131 numportals
0...1...2...3...4...5...6...7...8...9...100...1...2...3...4...5...6...7...8...9...10Optimized: 151 visible clusters (0.12%)
Total clusters visible: 126817
Average clusters visible: 333
Building PAS...
Average clusters audible: 380
visdatasize:39558  compressed from 36480
writing c:\users\z\documents\github\celmod-archive\maps\custom-maps\gm_park_cm.bsp
MSG_FILEWRITE - Filesystem was asked to write to 'c:\users\z\documents\github\celmod-archive\maps\custom-maps\gm_park_cm.bsp', but we don't own that location. Allowing.
10 seconds elapsed



Could not find lights.rad in lights.rad.
Trying VRAD BIN directory instead...
Warning: Couldn't open texlight file C:\Program Files (x86)\Steam\steamapps\common\Half-Life 2 Deathmatch\bin\x64\lights.rad.
Loading c:\users\z\documents\github\celmod-archive\maps\custom-maps\gm_park_cm.bsp
868 faces
3645199 square feet [524908736.00 square inches]
4 Displacements
728177 Square Feet [104857600.00 Square Inches]
868 patches before subdivision
11886 patches after subdivision
7 direct lights
0...1...2...3...4...5...6...7...8...9...100...1...2...3...4...5...6...7...8...9...10transfers 759402, max 360
transfer lists:   5.8 megs
0...1...2...3...4...5...6...7...8...9...10	Bounce #1 added RGB(24181, 24674, 12352)
0...1...2...3...4...5...6...7...8...9...10	Bounce #2 added RGB(2857, 2150, 834)
0...1...2...3...4...5...6...7...8...9...10	Bounce #3 added RGB(551, 340, 93)
0...1...2...3...4...5...6...7...8...9...10	Bounce #4 added RGB(97, 52, 10)
0...1...2...3...4...5...6...7...8...9...10	Bounce #5 added RGB(22, 10, 1)
0...1...2...3...4...5...6...7...8...9...10	Bounce #6 added RGB(4, 2, 0)
0...1...2...3...4...5...6...7...8...9...10	Bounce #7 added RGB(1, 0, 0)
Build Patch/Sample Hash Table(s).....Done<0.0092 sec>
0...1...2...3...4...5...6...7...8...9...10FinalLightFace Done
0 of 0 (0% of) surface lights went in leaf ambient cubes.
0...1...2...3...4...5...6...7...8...9...10Writing leaf ambient...done
Ready to Finish

Object names       Objects/Maxobjs  Memory / Maxmem  Fullness 
------------       ---------------  ---------------  -------- 
models                   2/1024           96/49152    ( 0.2%) 
brushes                118/8192         1416/98304    ( 1.4%) 
brushsides             735/65536        5880/524288   ( 1.1%) 
planes                 462/65536        9240/1310720  ( 0.7%) 
vertexes              1460/65536       17520/786432   ( 2.2%) 
nodes                  698/65536       22336/2097152  ( 1.1%) 
texinfos                78/12288        5616/884736   ( 0.6%) 
texdata                 26/2048          832/65536    ( 1.3%) 
dispinfos                4/0             704/0        ( 0.0%) 
disp_verts            1156/0           23120/0        ( 0.0%) 
disp_tris             2048/0            4096/0        ( 0.0%) 
disp_lmsamples       73881/0           73881/0        ( 0.0%) 
faces                  868/65536       48608/3670016  ( 1.3%) 
hdr faces                0/65536           0/3670016  ( 0.0%) 
origfaces              352/65536       19712/3670016  ( 0.5%) 
leaves                 701/65536       22432/2097152  ( 1.1%) 
leaffaces             1069/65536        2138/131072   ( 1.6%) 
leafbrushes            464/65536         928/131072   ( 0.7%) 
areas                    2/256            16/2048     ( 0.8%) 
surfedges             5232/512000      20928/2048000  ( 1.0%) 
edges                 3141/256000      12564/1024000  ( 1.2%) 
LDR worldlights          7/8192          616/720896   ( 0.1%) 
HDR worldlights          0/8192            0/720896   ( 0.0%) 
leafwaterdata            0/32768           0/393216   ( 0.0%) 
waterstrips             93/32768         930/327680   ( 0.3%) 
waterverts               0/65536           0/786432   ( 0.0%) 
waterindices          1509/65536        3018/131072   ( 2.3%) 
cubemapsamples          13/1024          208/16384    ( 1.3%) 
overlays                 0/512             0/180224   ( 0.0%) 
LDR lightdata         [variable]      526712/0        ( 0.0%) 
HDR lightdata         [variable]           0/0        ( 0.0%) 
visdata               [variable]       39558/16777216 ( 0.2%) 
entdata               [variable]        6051/393216   ( 1.5%) 
LDR ambient table      701/65536        2804/262144   ( 1.1%) 
HDR ambient table      701/65536        2804/262144   ( 1.1%) 
LDR leaf ambient      3084/65536       86352/1835008  ( 4.7%) 
HDR leaf ambient       701/65536       19628/1835008  ( 1.1%) 
occluders                0/0               0/0        ( 0.0%) 
occluder polygons        0/0               0/0        ( 0.0%) 
occluder vert ind        0/0               0/0        ( 0.0%) 
detail props          [variable]           1/12       ( 8.3%) 
static props          [variable]           1/2840     ( 0.0%) 
pakfile               [variable]        5016/0        ( 0.0%) 
physics               [variable]      273243/4194304  ( 6.5%) 
physics terrain       [variable]           0/1048576  ( 0.0%) 

Level flags = 0

Total triangle count: 2086
Writing c:\users\z\documents\github\celmod-archive\maps\custom-maps\gm_park_cm.bsp
5 seconds elapsed



Using shader api: shaderapiempty.dll
materialPath: C:\Program Files (x86)\Steam\steamapps\common\Half-Life 2 Deathmatch\hl2mp\materials
Loading C:\Users\z\Documents\Github\celmod-archive\maps\custom-maps\gm_park_cm.vmf
Could not locate 'GameData' key in c:\program files (x86)\steam\steamapps\common\half-life 2 deathmatch\hl2mp\gameinfo.txt
fixing up env_cubemap materials on brush sides...
0...1...2...3...4...5...6...7...8...9...100...1...2...3...4...5...6...7...8...9...10Processing areas...done (0)
Building Faces...done (0)
Chop Details...done (0)
Find Visible Detail Sides...
Merged 22 detail faces...done (0)
Merging details...done (0)
FixTjuncs...
PruneNodes...
WriteBSP...
done (0)
writing C:\Users\z\Documents\Github\celmod-archive\maps\custom-maps\gm_park_cm.prt...Building visibility clusters...
done (0)
*** Error: Skybox vtf files for skybox/sky_overcast002 weren't compiled with the same size texture and/or same flags!
Can't load skybox file skybox/sky_overcast002 to build the default cubemap!
*** Error: Skybox vtf files for skybox/sky_overcast002 weren't compiled with the same size texture and/or same flags!
Can't load skybox file skybox/sky_overcast002 to build the default cubemap!
Finding displacement neighbors...
Finding lightmap sample positions...
Displacement Alpha : 0...1...2...3...4...5...6...7...8...9...10
Building Physics collision data...
WARNING: Map using power 4 displacements, terrain physics cannot be compressed, map will need additional memory and CPU.
done (0) (273243 bytes)
Placing detail props : 0...1...2...3...4...5...6...7...8...9...10
Compacting texture/material tables...
Reduced 151 texinfos to 78
Reduced 32 texdatas to 26 (1248 bytes to 1033)
Writing C:\Users\z\Documents\Github\celmod-archive\maps\custom-maps\gm_park_cm.bsp
MSG_FILEWRITE - Filesystem was asked to write to 'C:\Users\z\Documents\Github\celmod-archive\maps\custom-maps\gm_park_cm.bsp', but we don't own that location. Allowing.
Wrote ZIP buffer, estimated size 6838, actual size 5016
0 seconds elapsed



4 threads
reading c:\users\z\documents\github\celmod-archive\maps\custom-maps\gm_park_cm.bsp
reading c:\users\z\documents\github\celmod-archive\maps\custom-maps\gm_park_cm.prt
 380 portalclusters
1131 numportals
0...1...2...3...4...5...6...7...8...9...100...1...2...3...4...5...6...7...8...9...10Optimized: 151 visible clusters (0.12%)
Total clusters visible: 126817
Average clusters visible: 333
Building PAS...
Average clusters audible: 380
visdatasize:39558  compressed from 36480
writing c:\users\z\documents\github\celmod-archive\maps\custom-maps\gm_park_cm.bsp
MSG_FILEWRITE - Filesystem was asked to write to 'c:\users\z\documents\github\celmod-archive\maps\custom-maps\gm_park_cm.bsp', but we don't own that location. Allowing.
12 seconds elapsed



Could not find lights.rad in lights.rad.
Trying VRAD BIN directory instead...
Warning: Couldn't open texlight file C:\Program Files (x86)\Steam\steamapps\common\Half-Life 2 Deathmatch\bin\x64\lights.rad.
Loading c:\users\z\documents\github\celmod-archive\maps\custom-maps\gm_park_cm.bsp
868 faces
3645199 square feet [524908736.00 square inches]
4 Displacements
728177 Square Feet [104857600.00 Square Inches]
868 patches before subdivision
11886 patches after subdivision
7 direct lights
0...1...2...3...4...5...6...7...8...9...100...1...2...3...4...5...6...7...8...9...10transfers 759402, max 360
transfer lists:   5.8 megs
0...1...2...3...4...5...6...7...8...9...10	Bounce #1 added RGB(23915, 24458, 12226)
0...1...2...3...4...5...6...7...8...9...10	Bounce #2 added RGB(2844, 2143, 831)
0...1...2...3...4...5...6...7...8...9...10	Bounce #3 added RGB(540, 334, 92)
0...1...2...3...4...5...6...7...8...9...10	Bounce #4 added RGB(97, 52, 10)
0...1...2...3...4...5...6...7...8...9...10	Bounce #5 added RGB(22, 10, 1)
0...1...2...3...4...5...6...7...8...9...10	Bounce #6 added RGB(4, 2, 0)
0...1...2...3...4...5...6...7...8...9...10	Bounce #7 added RGB(1, 0, 0)
Build Patch/Sample Hash Table(s).....Done<0.0054 sec>
0...1...2...3...4...5...6...7...8...9...10FinalLightFace Done
0 of 0 (0% of) surface lights went in leaf ambient cubes.
0...1...2...3...4...5...6...7...8...9...10Writing leaf ambient...done
Ready to Finish

Object names       Objects/Maxobjs  Memory / Maxmem  Fullness 
------------       ---------------  ---------------  -------- 
models                   2/1024           96/49152    ( 0.2%) 
brushes                118/8192         1416/98304    ( 1.4%) 
brushsides             735/65536        5880/524288   ( 1.1%) 
planes                 462/65536        9240/1310720  ( 0.7%) 
vertexes              1460/65536       17520/786432   ( 2.2%) 
nodes                  698/65536       22336/2097152  ( 1.1%) 
texinfos                78/12288        5616/884736   ( 0.6%) 
texdata                 26/2048          832/65536    ( 1.3%) 
dispinfos                4/0             704/0        ( 0.0%) 
disp_verts            1156/0           23120/0        ( 0.0%) 
disp_tris             2048/0            4096/0        ( 0.0%) 
disp_lmsamples       73881/0           73881/0        ( 0.0%) 
faces                  868/65536       48608/3670016  ( 1.3%) 
hdr faces                0/65536           0/3670016  ( 0.0%) 
origfaces              352/65536       19712/3670016  ( 0.5%) 
leaves                 701/65536       22432/2097152  ( 1.1%) 
leaffaces             1069/65536        2138/131072   ( 1.6%) 
leafbrushes            464/65536         928/131072   ( 0.7%) 
areas                    2/256            16/2048     ( 0.8%) 
surfedges             5232/512000      20928/2048000  ( 1.0%) 
edges                 3141/256000      12564/1024000  ( 1.2%) 
LDR worldlights          7/8192          616/720896   ( 0.1%) 
HDR worldlights          0/8192            0/720896   ( 0.0%) 
leafwaterdata            0/32768           0/393216   ( 0.0%) 
waterstrips             93/32768         930/327680   ( 0.3%) 
waterverts               0/65536           0/786432   ( 0.0%) 
waterindices          1509/65536        3018/131072   ( 2.3%) 
cubemapsamples          13/1024          208/16384    ( 1.3%) 
overlays                 0/512             0/180224   ( 0.0%) 
LDR lightdata         [variable]      526712/0        ( 0.0%) 
HDR lightdata         [variable]           0/0        ( 0.0%) 
visdata               [variable]       39558/16777216 ( 0.2%) 
entdata               [variable]        6051/393216   ( 1.5%) 
LDR ambient table      701/65536        2804/262144   ( 1.1%) 
HDR ambient table      701/65536        2804/262144   ( 1.1%) 
LDR leaf ambient      3084/65536       86352/1835008  ( 4.7%) 
HDR leaf ambient       701/65536       19628/1835008  ( 1.1%) 
occluders                0/0               0/0        ( 0.0%) 
occluder polygons        0/0               0/0        ( 0.0%) 
occluder vert ind        0/0               0/0        ( 0.0%) 
detail props          [variable]           1/12       ( 8.3%) 
static props          [variable]           1/2840     ( 0.0%) 
pakfile               [variable]        5016/0        ( 0.0%) 
physics               [variable]      273243/4194304  ( 6.5%) 
physics terrain       [variable]           0/1048576  ( 0.0%) 

Level flags = 0

Total triangle count: 2086
Writing c:\users\z\documents\github\celmod-archive\maps\custom-maps\gm_park_cm.bsp
5 seconds elapsed



Using shader api: shaderapiempty.dll
materialPath: C:\Program Files (x86)\Steam\steamapps\common\Half-Life 2 Deathmatch\hl2mp\materials
Loading C:\Users\z\Documents\Github\celmod-archive\maps\custom-maps\gm_park_cm.vmf
Could not locate 'GameData' key in c:\program files (x86)\steam\steamapps\common\half-life 2 deathmatch\hl2mp\gameinfo.txt
fixing up env_cubemap materials on brush sides...
0...1...2...3...4...5...6...7...8...9...100...1...2...3...4...5...6...7...8...9...10Processing areas...done (0)
Building Faces...done (0)
Chop Details...done (0)
Find Visible Detail Sides...
Merged 22 detail faces...done (0)
Merging details...done (0)
FixTjuncs...
PruneNodes...
WriteBSP...
done (0)
writing C:\Users\z\Documents\Github\celmod-archive\maps\custom-maps\gm_park_cm.prt...Building visibility clusters...
done (0)
*** Error: Skybox vtf files for skybox/sky_overcast002 weren't compiled with the same size texture and/or same flags!
Can't load skybox file skybox/sky_overcast002 to build the default cubemap!
*** Error: Skybox vtf files for skybox/sky_overcast002 weren't compiled with the same size texture and/or same flags!
Can't load skybox file skybox/sky_overcast002 to build the default cubemap!
Finding displacement neighbors...
Finding lightmap sample positions...
Displacement Alpha : 0...1...2...3...4...5...6...7...8...9...10
Building Physics collision data...
WARNING: Map using power 4 displacements, terrain physics cannot be compressed, map will need additional memory and CPU.
done (0) (273243 bytes)
Placing detail props : 0...1...2...3...4...5...6...7...8...9...10
Compacting texture/material tables...
Reduced 151 texinfos to 78
Reduced 32 texdatas to 26 (1248 bytes to 1033)
Writing C:\Users\z\Documents\Github\celmod-archive\maps\custom-maps\gm_park_cm.bsp
MSG_FILEWRITE - Filesystem was asked to write to 'C:\Users\z\Documents\Github\celmod-archive\maps\custom-maps\gm_park_cm.bsp', but we don't own that location. Allowing.
Wrote ZIP buffer, estimated size 6838, actual size 5016
0 seconds elapsed



4 threads
reading c:\users\z\documents\github\celmod-archive\maps\custom-maps\gm_park_cm.bsp
reading c:\users\z\documents\github\celmod-archive\maps\custom-maps\gm_park_cm.prt
 380 portalclusters
1131 numportals
0...1...2...3...4...5...6...7...8...9...100...1...2...3...4...5...6...7...8...9...10Optimized: 151 visible clusters (0.12%)
Total clusters visible: 126817
Average clusters visible: 333
Building PAS...
Average clusters audible: 380
visdatasize:39558  compressed from 36480
writing c:\users\z\documents\github\celmod-archive\maps\custom-maps\gm_park_cm.bsp
MSG_FILEWRITE - Filesystem was asked to write to 'c:\users\z\documents\github\celmod-archive\maps\custom-maps\gm_park_cm.bsp', but we don't own that location. Allowing.
10 seconds elapsed



Could not find lights.rad in lights.rad.
Trying VRAD BIN directory instead...
Warning: Couldn't open texlight file C:\Program Files (x86)\Steam\steamapps\common\Half-Life 2 Deathmatch\bin\x64\lights.rad.
Loading c:\users\z\documents\github\celmod-archive\maps\custom-maps\gm_park_cm.bsp
868 faces
3645199 square feet [524908736.00 square inches]
4 Displacements
728177 Square Feet [104857600.00 Square Inches]
868 patches before subdivision
11886 patches after subdivision
7 direct lights
0...1...2...3...4...5...6...7...8...9...100...1...2...3...4...5...6...7...8...9...10transfers 759402, max 360
transfer lists:   5.8 megs
0...1...2...3...4...5...6...7...8...9...10	Bounce #1 added RGB(23920, 24462, 12229)
0...1...2...3...4...5...6...7...8...9...10	Bounce #2 added RGB(2845, 2143, 832)
0...1...2...3...4...5...6...7...8...9...10	Bounce #3 added RGB(541, 334, 92)
0...1...2...3...4...5...6...7...8...9...10	Bounce #4 added RGB(97, 52, 10)
0...1...2...3...4...5...6...7...8...9...10	Bounce #5 added RGB(22, 10, 1)
0...1...2...3...4...5...6...7...8...9...10	Bounce #6 added RGB(4, 2, 0)
0...1...2...3...4...5...6...7...8...9...10	Bounce #7 added RGB(1, 0, 0)
Build Patch/Sample Hash Table(s).....Done<0.0051 sec>
0...1...2...3...4...5...6...7...8...9...10FinalLightFace Done
0 of 0 (0% of) surface lights went in leaf ambient cubes.
0...1...2...3...4...5...6...7...8...9...10Writing leaf ambient...done
Ready to Finish

Object names       Objects/Maxobjs  Memory / Maxmem  Fullness 
------------       ---------------  ---------------  -------- 
models                   2/1024           96/49152    ( 0.2%) 
brushes                118/8192         1416/98304    ( 1.4%) 
brushsides             735/65536        5880/524288   ( 1.1%) 
planes                 462/65536        9240/1310720  ( 0.7%) 
vertexes              1460/65536       17520/786432   ( 2.2%) 
nodes                  698/65536       22336/2097152  ( 1.1%) 
texinfos                78/12288        5616/884736   ( 0.6%) 
texdata                 26/2048          832/65536    ( 1.3%) 
dispinfos                4/0             704/0        ( 0.0%) 
disp_verts            1156/0           23120/0        ( 0.0%) 
disp_tris             2048/0            4096/0        ( 0.0%) 
disp_lmsamples       73881/0           73881/0        ( 0.0%) 
faces                  868/65536       48608/3670016  ( 1.3%) 
hdr faces                0/65536           0/3670016  ( 0.0%) 
origfaces              352/65536       19712/3670016  ( 0.5%) 
leaves                 701/65536       22432/2097152  ( 1.1%) 
leaffaces             1069/65536        2138/131072   ( 1.6%) 
leafbrushes            464/65536         928/131072   ( 0.7%) 
areas                    2/256            16/2048     ( 0.8%) 
surfedges             5232/512000      20928/2048000  ( 1.0%) 
edges                 3141/256000      12564/1024000  ( 1.2%) 
LDR worldlights          7/8192          616/720896   ( 0.1%) 
HDR worldlights          0/8192            0/720896   ( 0.0%) 
leafwaterdata            0/32768           0/393216   ( 0.0%) 
waterstrips             93/32768         930/327680   ( 0.3%) 
waterverts               0/65536           0/786432   ( 0.0%) 
waterindices          1509/65536        3018/131072   ( 2.3%) 
cubemapsamples          13/1024          208/16384    ( 1.3%) 
overlays                 0/512             0/180224   ( 0.0%) 
LDR lightdata         [variable]      526712/0        ( 0.0%) 
HDR lightdata         [variable]           0/0        ( 0.0%) 
visdata               [variable]       39558/16777216 ( 0.2%) 
entdata               [variable]        6089/393216   ( 1.5%) 
LDR ambient table      701/65536        2804/262144   ( 1.1%) 
HDR ambient table      701/65536        2804/262144   ( 1.1%) 
LDR leaf ambient      3084/65536       86352/1835008  ( 4.7%) 
HDR leaf ambient       701/65536       19628/1835008  ( 1.1%) 
occluders                0/0               0/0        ( 0.0%) 
occluder polygons        0/0               0/0        ( 0.0%) 
occluder vert ind        0/0               0/0        ( 0.0%) 
detail props          [variable]           1/12       ( 8.3%) 
static props          [variable]           1/2840     ( 0.0%) 
pakfile               [variable]        5016/0        ( 0.0%) 
physics               [variable]      273243/4194304  ( 6.5%) 
physics terrain       [variable]           0/1048576  ( 0.0%) 

Level flags = 0

Total triangle count: 2086
Writing c:\users\z\documents\github\celmod-archive\maps\custom-maps\gm_park_cm.bsp
5 seconds elapsed



Using shader api: shaderapiempty.dll
materialPath: C:\Program Files (x86)\Steam\steamapps\common\Half-Life 2 Deathmatch\hl2mp\materials
Loading C:\Users\z\Documents\Github\celmod-archive\maps\custom-maps\gm_park_cm.vmf
Could not locate 'GameData' key in c:\program files (x86)\steam\steamapps\common\half-life 2 deathmatch\hl2mp\gameinfo.txt
fixing up env_cubemap materials on brush sides...
0...1...2...3...4...5...6...7...8...9...100...1...2...3...4...5...6...7...8...9...10Processing areas...done (0)
Building Faces...done (0)
Chop Details...done (0)
Find Visible Detail Sides...
Merged 22 detail faces...done (0)
Merging details...done (0)
FixTjuncs...
PruneNodes...
WriteBSP...
done (0)
writing C:\Users\z\Documents\Github\celmod-archive\maps\custom-maps\gm_park_cm.prt...Building visibility clusters...
done (0)
*** Error: Skybox vtf files for skybox/sky_overcast002 weren't compiled with the same size texture and/or same flags!
Can't load skybox file skybox/sky_overcast002 to build the default cubemap!
*** Error: Skybox vtf files for skybox/sky_overcast002 weren't compiled with the same size texture and/or same flags!
Can't load skybox file skybox/sky_overcast002 to build the default cubemap!
Finding displacement neighbors...
Finding lightmap sample positions...
Displacement Alpha : 0...1...2...3...4...5...6...7...8...9...10
Building Physics collision data...
WARNING: Map using power 4 displacements, terrain physics cannot be compressed, map will need additional memory and CPU.
done (0) (273243 bytes)
Placing detail props : 0...1...2...3...4...5...6...7...8...9...10
Compacting texture/material tables...
Reduced 151 texinfos to 78
Reduced 32 texdatas to 26 (1248 bytes to 1033)
Writing C:\Users\z\Documents\Github\celmod-archive\maps\custom-maps\gm_park_cm.bsp
MSG_FILEWRITE - Filesystem was asked to write to 'C:\Users\z\Documents\Github\celmod-archive\maps\custom-maps\gm_park_cm.bsp', but we don't own that location. Allowing.
Wrote ZIP buffer, estimated size 6838, actual size 5016
0 seconds elapsed



4 threads
reading c:\users\z\documents\github\celmod-archive\maps\custom-maps\gm_park_cm.bsp
reading c:\users\z\documents\github\celmod-archive\maps\custom-maps\gm_park_cm.prt
 380 portalclusters
1131 numportals
0...1...2...3...4...5...6...7...8...9...100...1...2...3...4...5...6...7...8...9...10Optimized: 151 visible clusters (0.12%)
Total clusters visible: 126817
Average clusters visible: 333
Building PAS...
Average clusters audible: 380
visdatasize:39558  compressed from 36480
writing c:\users\z\documents\github\celmod-archive\maps\custom-maps\gm_park_cm.bsp
MSG_FILEWRITE - Filesystem was asked to write to 'c:\users\z\documents\github\celmod-archive\maps\custom-maps\gm_park_cm.bsp', but we don't own that location. Allowing.
10 seconds elapsed



Could not find lights.rad in lights.rad.
Trying VRAD BIN directory instead...
Warning: Couldn't open texlight file C:\Program Files (x86)\Steam\steamapps\common\Half-Life 2 Deathmatch\bin\x64\lights.rad.
Loading c:\users\z\documents\github\celmod-archive\maps\custom-maps\gm_park_cm.bsp
868 faces
3645199 square feet [524908736.00 square inches]
4 Displacements
728177 Square Feet [104857600.00 Square Inches]
868 patches before subdivision
11886 patches after subdivision
7 direct lights
0...1...2...3...4...5...6...7...8...9...100...1...2...3...4...5...6...7...8...9...10transfers 759402, max 360
transfer lists:   5.8 megs
0...1...2...3...4...5...6...7...8...9...10	Bounce #1 added RGB(23914, 24457, 12226)
0...1...2...3...4...5...6...7...8...9...10	Bounce #2 added RGB(2844, 2143, 831)
0...1...2...3...4...5...6...7...8...9...10	Bounce #3 added RGB(540, 334, 92)
0...1...2...3...4...5...6...7...8...9...10	Bounce #4 added RGB(97, 52, 10)
0...1...2...3...4...5...6...7...8...9...10	Bounce #5 added RGB(22, 10, 1)
0...1...2...3...4...5...6...7...8...9...10	Bounce #6 added RGB(4, 2, 0)
0...1...2...3...4...5...6...7...8...9...10	Bounce #7 added RGB(1, 0, 0)
Build Patch/Sample Hash Table(s).....Done<0.0052 sec>
0...1...2...3...4...5...6...7...8...9...10FinalLightFace Done
0 of 0 (0% of) surface lights went in leaf ambient cubes.
0...1...2...3...4...5...6...7...8...9...10Writing leaf ambient...done
Ready to Finish

Object names       Objects/Maxobjs  Memory / Maxmem  Fullness 
------------       ---------------  ---------------  -------- 
models                   2/1024           96/49152    ( 0.2%) 
brushes                118/8192         1416/98304    ( 1.4%) 
brushsides             735/65536        5880/524288   ( 1.1%) 
planes                 462/65536        9240/1310720  ( 0.7%) 
vertexes              1460/65536       17520/786432   ( 2.2%) 
nodes                  698/65536       22336/2097152  ( 1.1%) 
texinfos                78/12288        5616/884736   ( 0.6%) 
texdata                 26/2048          832/65536    ( 1.3%) 
dispinfos                4/0             704/0        ( 0.0%) 
disp_verts            1156/0           23120/0        ( 0.0%) 
disp_tris             2048/0            4096/0        ( 0.0%) 
disp_lmsamples       73881/0           73881/0        ( 0.0%) 
faces                  868/65536       48608/3670016  ( 1.3%) 
hdr faces                0/65536           0/3670016  ( 0.0%) 
origfaces              352/65536       19712/3670016  ( 0.5%) 
leaves                 701/65536       22432/2097152  ( 1.1%) 
leaffaces             1069/65536        2138/131072   ( 1.6%) 
leafbrushes            464/65536         928/131072   ( 0.7%) 
areas                    2/256            16/2048     ( 0.8%) 
surfedges             5232/512000      20928/2048000  ( 1.0%) 
edges                 3141/256000      12564/1024000  ( 1.2%) 
LDR worldlights          7/8192          616/720896   ( 0.1%) 
HDR worldlights          0/8192            0/720896   ( 0.0%) 
leafwaterdata            0/32768           0/393216   ( 0.0%) 
waterstrips             93/32768         930/327680   ( 0.3%) 
waterverts               0/65536           0/786432   ( 0.0%) 
waterindices          1509/65536        3018/131072   ( 2.3%) 
cubemapsamples          13/1024          208/16384    ( 1.3%) 
overlays                 0/512             0/180224   ( 0.0%) 
LDR lightdata         [variable]      526712/0        ( 0.0%) 
HDR lightdata         [variable]           0/0        ( 0.0%) 
visdata               [variable]       39558/16777216 ( 0.2%) 
entdata               [variable]        5938/393216   ( 1.5%) 
LDR ambient table      701/65536        2804/262144   ( 1.1%) 
HDR ambient table      701/65536        2804/262144   ( 1.1%) 
LDR leaf ambient      3084/65536       86352/1835008  ( 4.7%) 
HDR leaf ambient       701/65536       19628/1835008  ( 1.1%) 
occluders                0/0               0/0        ( 0.0%) 
occluder polygons        0/0               0/0        ( 0.0%) 
occluder vert ind        0/0               0/0        ( 0.0%) 
detail props          [variable]           1/12       ( 8.3%) 
static props          [variable]           1/2840     ( 0.0%) 
pakfile               [variable]        5016/0        ( 0.0%) 
physics               [variable]      273243/4194304  ( 6.5%) 
physics terrain       [variable]           0/1048576  ( 0.0%) 

Level flags = 0

Total triangle count: 2086
Writing c:\users\z\documents\github\celmod-archive\maps\custom-maps\gm_park_cm.bsp
5 seconds elapsed



Using shader api: shaderapiempty.dll
materialPath: C:\Program Files (x86)\Steam\steamapps\common\Half-Life 2 Deathmatch\hl2mp\materials
Loading C:\Users\z\Documents\Github\celmod-archive\maps\custom-maps\gm_park_cm.vmf
Could not locate 'GameData' key in c:\program files (x86)\steam\steamapps\common\half-life 2 deathmatch\hl2mp\gameinfo.txt
fixing up env_cubemap materials on brush sides...
0...1...2...3...4...5...6...7...8...9...100...1...2...3...4...5...6...7...8...9...10Processing areas...done (0)
Building Faces...done (0)
Chop Details...done (0)
Find Visible Detail Sides...
Merged 22 detail faces...done (0)
Merging details...done (0)
FixTjuncs...
PruneNodes...
WriteBSP...
done (0)
writing C:\Users\z\Documents\Github\celmod-archive\maps\custom-maps\gm_park_cm.prt...Building visibility clusters...
done (0)
*** Error: Skybox vtf files for skybox/sky_overcast002 weren't compiled with the same size texture and/or same flags!
Can't load skybox file skybox/sky_overcast002 to build the default cubemap!
*** Error: Skybox vtf files for skybox/sky_overcast002 weren't compiled with the same size texture and/or same flags!
Can't load skybox file skybox/sky_overcast002 to build the default cubemap!
Finding displacement neighbors...
Finding lightmap sample positions...
Displacement Alpha : 0...1...2...3...4...5...6...7...8...9...10
Building Physics collision data...
WARNING: Map using power 4 displacements, terrain physics cannot be compressed, map will need additional memory and CPU.
done (0) (273243 bytes)
Placing detail props : 0...1...2...3...4...5...6...7...8...9...10
Compacting texture/material tables...
Reduced 151 texinfos to 78
Reduced 32 texdatas to 26 (1248 bytes to 1033)
Writing C:\Users\z\Documents\Github\celmod-archive\maps\custom-maps\gm_park_cm.bsp
MSG_FILEWRITE - Filesystem was asked to write to 'C:\Users\z\Documents\Github\celmod-archive\maps\custom-maps\gm_park_cm.bsp', but we don't own that location. Allowing.
Wrote ZIP buffer, estimated size 6838, actual size 5016
0 seconds elapsed



4 threads
reading c:\users\z\documents\github\celmod-archive\maps\custom-maps\gm_park_cm.bsp
reading c:\users\z\documents\github\celmod-archive\maps\custom-maps\gm_park_cm.prt
 380 portalclusters
1131 numportals
0...1...2...3...4...5...6...7...8...9...100...1...2...3...4...5...6...7...8...9...10Optimized: 151 visible clusters (0.12%)
Total clusters visible: 126817
Average clusters visible: 333
Building PAS...
Average clusters audible: 380
visdatasize:39558  compressed from 36480
writing c:\users\z\documents\github\celmod-archive\maps\custom-maps\gm_park_cm.bsp
MSG_FILEWRITE - Filesystem was asked to write to 'c:\users\z\documents\github\celmod-archive\maps\custom-maps\gm_park_cm.bsp', but we don't own that location. Allowing.
10 seconds elapsed



Could not find lights.rad in lights.rad.
Trying VRAD BIN directory instead...
Warning: Couldn't open texlight file C:\Program Files (x86)\Steam\steamapps\common\Half-Life 2 Deathmatch\bin\x64\lights.rad.
Loading c:\users\z\documents\github\celmod-archive\maps\custom-maps\gm_park_cm.bsp
868 faces
3645199 square feet [524908736.00 square inches]
4 Displacements
728177 Square Feet [104857600.00 Square Inches]
868 patches before subdivision
11886 patches after subdivision
7 direct lights
0...1...2...3...4...5...6...7...8...9...100...1...2...3...4...5...6...7...8...9...10transfers 759402, max 360
transfer lists:   5.8 megs
0...1...2...3...4...5...6...7...8...9...10	Bounce #1 added RGB(23922, 24464, 12229)
0...1...2...3...4...5...6...7...8...9...10	Bounce #2 added RGB(2846, 2143, 832)
0...1...2...3...4...5...6...7...8...9...10	Bounce #3 added RGB(541, 335, 92)
0...1...2...3...4...5...6...7...8...9...10	Bounce #4 added RGB(97, 52, 10)
0...1...2...3...4...5...6...7...8...9...10	Bounce #5 added RGB(22, 10, 1)
0...1...2...3...4...5...6...7...8...9...10	Bounce #6 added RGB(4, 2, 0)
0...1...2...3...4...5...6...7...8...9...10	Bounce #7 added RGB(1, 0, 0)
Build Patch/Sample Hash Table(s).....Done<0.0053 sec>
0...1...2...3...4...5...6...7...8...9...10FinalLightFace Done
0 of 0 (0% of) surface lights went in leaf ambient cubes.
0...1...2...3...4...5...6...7...8...9...10Writing leaf ambient...done
Ready to Finish

Object names       Objects/Maxobjs  Memory / Maxmem  Fullness 
------------       ---------------  ---------------  -------- 
models                   2/1024           96/49152    ( 0.2%) 
brushes                118/8192         1416/98304    ( 1.4%) 
brushsides             735/65536        5880/524288   ( 1.1%) 
planes                 462/65536        9240/1310720  ( 0.7%) 
vertexes              1460/65536       17520/786432   ( 2.2%) 
nodes                  698/65536       22336/2097152  ( 1.1%) 
texinfos                78/12288        5616/884736   ( 0.6%) 
texdata                 26/2048          832/65536    ( 1.3%) 
dispinfos                4/0             704/0        ( 0.0%) 
disp_verts            1156/0           23120/0        ( 0.0%) 
disp_tris             2048/0            4096/0        ( 0.0%) 
disp_lmsamples       73881/0           73881/0        ( 0.0%) 
faces                  868/65536       48608/3670016  ( 1.3%) 
hdr faces                0/65536           0/3670016  ( 0.0%) 
origfaces              352/65536       19712/3670016  ( 0.5%) 
leaves                 701/65536       22432/2097152  ( 1.1%) 
leaffaces             1069/65536        2138/131072   ( 1.6%) 
leafbrushes            464/65536         928/131072   ( 0.7%) 
areas                    2/256            16/2048     ( 0.8%) 
surfedges             5232/512000      20928/2048000  ( 1.0%) 
edges                 3141/256000      12564/1024000  ( 1.2%) 
LDR worldlights          7/8192          616/720896   ( 0.1%) 
HDR worldlights          0/8192            0/720896   ( 0.0%) 
leafwaterdata            0/32768           0/393216   ( 0.0%) 
waterstrips             93/32768         930/327680   ( 0.3%) 
waterverts               0/65536           0/786432   ( 0.0%) 
waterindices          1509/65536        3018/131072   ( 2.3%) 
cubemapsamples          17/1024          272/16384    ( 1.7%) 
overlays                 0/512             0/180224   ( 0.0%) 
LDR lightdata         [variable]      526712/0        ( 0.0%) 
HDR lightdata         [variable]           0/0        ( 0.0%) 
visdata               [variable]       39558/16777216 ( 0.2%) 
entdata               [variable]        5938/393216   ( 1.5%) 
LDR ambient table      701/65536        2804/262144   ( 1.1%) 
HDR ambient table      701/65536        2804/262144   ( 1.1%) 
LDR leaf ambient      3084/65536       86352/1835008  ( 4.7%) 
HDR leaf ambient       701/65536       19628/1835008  ( 1.1%) 
occluders                0/0               0/0        ( 0.0%) 
occluder polygons        0/0               0/0        ( 0.0%) 
occluder vert ind        0/0               0/0        ( 0.0%) 
detail props          [variable]           1/12       ( 8.3%) 
static props          [variable]           1/2840     ( 0.0%) 
pakfile               [variable]        5016/0        ( 0.0%) 
physics               [variable]      273243/4194304  ( 6.5%) 
physics terrain       [variable]           0/1048576  ( 0.0%) 

Level flags = 0

Total triangle count: 2086
Writing c:\users\z\documents\github\celmod-archive\maps\custom-maps\gm_park_cm.bsp
4 seconds elapsed



Using shader api: shaderapiempty.dll
materialPath: C:\Program Files (x86)\Steam\steamapps\common\Half-Life 2 Deathmatch\hl2mp\materials
Loading C:\Users\z\Documents\Github\celmod-archive\maps\custom-maps\gm_park_cm.vmf
Could not locate 'GameData' key in c:\program files (x86)\steam\steamapps\common\half-life 2 deathmatch\hl2mp\gameinfo.txt
fixing up env_cubemap materials on brush sides...
0...1...2...3...4...5...6...7...8...9...100...1...2...3...4...5...6...7...8...9...10Processing areas...done (0)
Building Faces...done (0)
Chop Details...done (0)
Find Visible Detail Sides...
Merged 22 detail faces...done (0)
Merging details...done (0)
FixTjuncs...
PruneNodes...
WriteBSP...
done (0)
writing C:\Users\z\Documents\Github\celmod-archive\maps\custom-maps\gm_park_cm.prt...Building visibility clusters...
done (0)
*** Error: Skybox vtf files for skybox/sky_overcast002 weren't compiled with the same size texture and/or same flags!
Can't load skybox file skybox/sky_overcast002 to build the default cubemap!
*** Error: Skybox vtf files for skybox/sky_overcast002 weren't compiled with the same size texture and/or same flags!
Can't load skybox file skybox/sky_overcast002 to build the default cubemap!
Finding displacement neighbors...
Finding lightmap sample positions...
Displacement Alpha : 0...1...2...3...4...5...6...7...8...9...10
Building Physics collision data...
WARNING: Map using power 4 displacements, terrain physics cannot be compressed, map will need additional memory and CPU.
done (0) (273243 bytes)
Placing detail props : 0...1...2...3...4...5...6...7...8...9...10
Compacting texture/material tables...
Reduced 151 texinfos to 78
Reduced 32 texdatas to 26 (1260 bytes to 1044)
Writing C:\Users\z\Documents\Github\celmod-archive\maps\custom-maps\gm_park_cm.bsp
MSG_FILEWRITE - Filesystem was asked to write to 'C:\Users\z\Documents\Github\celmod-archive\maps\custom-maps\gm_park_cm.bsp', but we don't own that location. Allowing.
Wrote ZIP buffer, estimated size 6874, actual size 5052
0 seconds elapsed



4 threads
reading c:\users\z\documents\github\celmod-archive\maps\custom-maps\gm_park_cm.bsp
reading c:\users\z\documents\github\celmod-archive\maps\custom-maps\gm_park_cm.prt
 380 portalclusters
1131 numportals
0...1...2...3...4...5...6...7...8...9...100...1...2...3...4...5...6...7...8...9...10Optimized: 151 visible clusters (0.12%)
Total clusters visible: 126817
Average clusters visible: 333
Building PAS...
Average clusters audible: 380
visdatasize:39558  compressed from 36480
writing c:\users\z\documents\github\celmod-archive\maps\custom-maps\gm_park_cm.bsp
MSG_FILEWRITE - Filesystem was asked to write to 'c:\users\z\documents\github\celmod-archive\maps\custom-maps\gm_park_cm.bsp', but we don't own that location. Allowing.
10 seconds elapsed



Could not find lights.rad in lights.rad.
Trying VRAD BIN directory instead...
Warning: Couldn't open texlight file C:\Program Files (x86)\Steam\steamapps\common\Half-Life 2 Deathmatch\bin\x64\lights.rad.
Loading c:\users\z\documents\github\celmod-archive\maps\custom-maps\gm_park_cm.bsp
868 faces
3645199 square feet [524908736.00 square inches]
4 Displacements
728177 Square Feet [104857600.00 Square Inches]
868 patches before subdivision
11886 patches after subdivision
7 direct lights
0...1...2...3...4...5...6...7...8...9...100...1...2...3...4...5...6...7...8...9...10transfers 759402, max 360
transfer lists:   5.8 megs
0...1...2...3...4...5...6...7...8...9...10	Bounce #1 added RGB(23916, 24459, 12227)
0...1...2...3...4...5...6...7...8...9...10	Bounce #2 added RGB(2844, 2143, 831)
0...1...2...3...4...5...6...7...8...9...10	Bounce #3 added RGB(541, 334, 92)
0...1...2...3...4...5...6...7...8...9...10	Bounce #4 added RGB(97, 52, 10)
0...1...2...3...4...5...6...7...8...9...10	Bounce #5 added RGB(22, 10, 1)
0...1...2...3...4...5...6...7...8...9...10	Bounce #6 added RGB(4, 2, 0)
0...1...2...3...4...5...6...7...8...9...10	Bounce #7 added RGB(1, 0, 0)
Build Patch/Sample Hash Table(s).....Done<0.0051 sec>
0...1...2...3...4...5...6...7...8...9...10FinalLightFace Done
0 of 0 (0% of) surface lights went in leaf ambient cubes.
0...1...2...3...4...5...6...7...8...9...10Writing leaf ambient...done
Ready to Finish

Object names       Objects/Maxobjs  Memory / Maxmem  Fullness 
------------       ---------------  ---------------  -------- 
models                   2/1024           96/49152    ( 0.2%) 
brushes                118/8192         1416/98304    ( 1.4%) 
brushsides             735/65536        5880/524288   ( 1.1%) 
planes                 462/65536        9240/1310720  ( 0.7%) 
vertexes              1460/65536       17520/786432   ( 2.2%) 
nodes                  698/65536       22336/2097152  ( 1.1%) 
texinfos                78/12288        5616/884736   ( 0.6%) 
texdata                 26/2048          832/65536    ( 1.3%) 
dispinfos                4/0             704/0        ( 0.0%) 
disp_verts            1156/0           23120/0        ( 0.0%) 
disp_tris             2048/0            4096/0        ( 0.0%) 
disp_lmsamples       73881/0           73881/0        ( 0.0%) 
faces                  868/65536       48608/3670016  ( 1.3%) 
hdr faces                0/65536           0/3670016  ( 0.0%) 
origfaces              352/65536       19712/3670016  ( 0.5%) 
leaves                 701/65536       22432/2097152  ( 1.1%) 
leaffaces             1069/65536        2138/131072   ( 1.6%) 
leafbrushes            464/65536         928/131072   ( 0.7%) 
areas                    2/256            16/2048     ( 0.8%) 
surfedges             5232/512000      20928/2048000  ( 1.0%) 
edges                 3141/256000      12564/1024000  ( 1.2%) 
LDR worldlights          7/8192          616/720896   ( 0.1%) 
HDR worldlights          0/8192            0/720896   ( 0.0%) 
leafwaterdata            0/32768           0/393216   ( 0.0%) 
waterstrips             93/32768         930/327680   ( 0.3%) 
waterverts               0/65536           0/786432   ( 0.0%) 
waterindices          1509/65536        3018/131072   ( 2.3%) 
cubemapsamples          17/1024          272/16384    ( 1.7%) 
overlays                 0/512             0/180224   ( 0.0%) 
LDR lightdata         [variable]      526712/0        ( 0.0%) 
HDR lightdata         [variable]           0/0        ( 0.0%) 
visdata               [variable]       39558/16777216 ( 0.2%) 
entdata               [variable]        5938/393216   ( 1.5%) 
LDR ambient table      701/65536        2804/262144   ( 1.1%) 
HDR ambient table      701/65536        2804/262144   ( 1.1%) 
LDR leaf ambient      3084/65536       86352/1835008  ( 4.7%) 
HDR leaf ambient       701/65536       19628/1835008  ( 1.1%) 
occluders                0/0               0/0        ( 0.0%) 
occluder polygons        0/0               0/0        ( 0.0%) 
occluder vert ind        0/0               0/0        ( 0.0%) 
detail props          [variable]           1/12       ( 8.3%) 
static props          [variable]           1/2840     ( 0.0%) 
pakfile               [variable]        5052/0        ( 0.0%) 
physics               [variable]      273243/4194304  ( 6.5%) 
physics terrain       [variable]           0/1048576  ( 0.0%) 

Level flags = 0

Total triangle count: 2086
Writing c:\users\z\documents\github\celmod-archive\maps\custom-maps\gm_park_cm.bsp
5 seconds elapsed



Using shader api: shaderapiempty.dll
materialPath: C:\Program Files (x86)\Steam\steamapps\common\Half-Life 2 Deathmatch\hl2mp\materials
Loading C:\Users\z\Documents\Github\celmod-archive\maps\custom-maps\gm_park_cm.vmf
Could not locate 'GameData' key in c:\program files (x86)\steam\steamapps\common\half-life 2 deathmatch\hl2mp\gameinfo.txt
fixing up env_cubemap materials on brush sides...
0...1...2...3...4...5...6...7...8...9...100...1...2...3...4...5...6...7...8...9...10Processing areas...done (0)
Building Faces...done (0)
Chop Details...done (0)
Find Visible Detail Sides...
Merged 22 detail faces...done (0)
Merging details...done (0)
FixTjuncs...
PruneNodes...
WriteBSP...
done (0)
writing C:\Users\z\Documents\Github\celmod-archive\maps\custom-maps\gm_park_cm.prt...Building visibility clusters...
done (0)
*** Error: Skybox vtf files for skybox/sky_overcast002 weren't compiled with the same size texture and/or same flags!
Can't load skybox file skybox/sky_overcast002 to build the default cubemap!
*** Error: Skybox vtf files for skybox/sky_overcast002 weren't compiled with the same size texture and/or same flags!
Can't load skybox file skybox/sky_overcast002 to build the default cubemap!
Finding displacement neighbors...
Finding lightmap sample positions...
Displacement Alpha : 0...1...2...3...4...5...6...7...8...9...10
Building Physics collision data...
WARNING: Map using power 4 displacements, terrain physics cannot be compressed, map will need additional memory and CPU.
done (0) (273243 bytes)
Placing detail props : 0...1...2...3...4...5...6...7...8...9...10
Compacting texture/material tables...
Reduced 151 texinfos to 78
Reduced 32 texdatas to 26 (1260 bytes to 1044)
Writing C:\Users\z\Documents\Github\celmod-archive\maps\custom-maps\gm_park_cm.bsp
MSG_FILEWRITE - Filesystem was asked to write to 'C:\Users\z\Documents\Github\celmod-archive\maps\custom-maps\gm_park_cm.bsp', but we don't own that location. Allowing.
Wrote ZIP buffer, estimated size 6874, actual size 5052
0 seconds elapsed



4 threads
reading c:\users\z\documents\github\celmod-archive\maps\custom-maps\gm_park_cm.bsp
reading c:\users\z\documents\github\celmod-archive\maps\custom-maps\gm_park_cm.prt
 380 portalclusters
1131 numportals
0...1...2...3...4...5...6...7...8...9...100...1...2...3...4...5...6...7...8...9...10Optimized: 151 visible clusters (0.12%)
Total clusters visible: 126817
Average clusters visible: 333
Building PAS...
Average clusters audible: 380
visdatasize:39558  compressed from 36480
writing c:\users\z\documents\github\celmod-archive\maps\custom-maps\gm_park_cm.bsp
MSG_FILEWRITE - Filesystem was asked to write to 'c:\users\z\documents\github\celmod-archive\maps\custom-maps\gm_park_cm.bsp', but we don't own that location. Allowing.
10 seconds elapsed



Could not find lights.rad in lights.rad.
Trying VRAD BIN directory instead...
Warning: Couldn't open texlight file C:\Program Files (x86)\Steam\steamapps\common\Half-Life 2 Deathmatch\bin\x64\lights.rad.
Loading c:\users\z\documents\github\celmod-archive\maps\custom-maps\gm_park_cm.bsp
868 faces
3645199 square feet [524908736.00 square inches]
4 Displacements
728177 Square Feet [104857600.00 Square Inches]
868 patches before subdivision
11886 patches after subdivision
7 direct lights
0...1...2...3...4...5...6...7...8...9...100...1...2...3...4...5...6...7...8...9...10transfers 759402, max 360
transfer lists:   5.8 megs
0...1...2...3...4...5...6...7...8...9...10	Bounce #1 added RGB(23921, 24463, 12229)
0...1...2...3...4...5...6...7...8...9...10	Bounce #2 added RGB(2845, 2143, 831)
0...1...2...3...4...5...6...7...8...9...10	Bounce #3 added RGB(541, 334, 92)
0...1...2...3...4...5...6...7...8...9...10	Bounce #4 added RGB(97, 52, 10)
0...1...2...3...4...5...6...7...8...9...10	Bounce #5 added RGB(22, 10, 1)
0...1...2...3...4...5...6...7...8...9...10	Bounce #6 added RGB(4, 2, 0)
0...1...2...3...4...5...6...7...8...9...10	Bounce #7 added RGB(1, 0, 0)
Build Patch/Sample Hash Table(s).....Done<0.0054 sec>
0...1...2...3...4...5...6...7...8...9...10FinalLightFace Done
0 of 0 (0% of) surface lights went in leaf ambient cubes.
0...1...2...3...4...5...6...7...8...9...10Writing leaf ambient...done
Ready to Finish

Object names       Objects/Maxobjs  Memory / Maxmem  Fullness 
------------       ---------------  ---------------  -------- 
models                   2/1024           96/49152    ( 0.2%) 
brushes                118/8192         1416/98304    ( 1.4%) 
brushsides             735/65536        5880/524288   ( 1.1%) 
planes                 462/65536        9240/1310720  ( 0.7%) 
vertexes              1460/65536       17520/786432   ( 2.2%) 
nodes                  698/65536       22336/2097152  ( 1.1%) 
texinfos                78/12288        5616/884736   ( 0.6%) 
texdata                 26/2048          832/65536    ( 1.3%) 
dispinfos                4/0             704/0        ( 0.0%) 
disp_verts            1156/0           23120/0        ( 0.0%) 
disp_tris             2048/0            4096/0        ( 0.0%) 
disp_lmsamples       73881/0           73881/0        ( 0.0%) 
faces                  868/65536       48608/3670016  ( 1.3%) 
hdr faces                0/65536           0/3670016  ( 0.0%) 
origfaces              352/65536       19712/3670016  ( 0.5%) 
leaves                 701/65536       22432/2097152  ( 1.1%) 
leaffaces             1069/65536        2138/131072   ( 1.6%) 
leafbrushes            464/65536         928/131072   ( 0.7%) 
areas                    2/256            16/2048     ( 0.8%) 
surfedges             5232/512000      20928/2048000  ( 1.0%) 
edges                 3141/256000      12564/1024000  ( 1.2%) 
LDR worldlights          7/8192          616/720896   ( 0.1%) 
HDR worldlights          0/8192            0/720896   ( 0.0%) 
leafwaterdata            0/32768           0/393216   ( 0.0%) 
waterstrips             93/32768         930/327680   ( 0.3%) 
waterverts               0/65536           0/786432   ( 0.0%) 
waterindices          1509/65536        3018/131072   ( 2.3%) 
cubemapsamples          17/1024          272/16384    ( 1.7%) 
overlays                 0/512             0/180224   ( 0.0%) 
LDR lightdata         [variable]      526712/0        ( 0.0%) 
HDR lightdata         [variable]           0/0        ( 0.0%) 
visdata               [variable]       39558/16777216 ( 0.2%) 
entdata               [variable]        5959/393216   ( 1.5%) 
LDR ambient table      701/65536        2804/262144   ( 1.1%) 
HDR ambient table      701/65536        2804/262144   ( 1.1%) 
LDR leaf ambient      3084/65536       86352/1835008  ( 4.7%) 
HDR leaf ambient       701/65536       19628/1835008  ( 1.1%) 
occluders                0/0               0/0        ( 0.0%) 
occluder polygons        0/0               0/0        ( 0.0%) 
occluder vert ind        0/0               0/0        ( 0.0%) 
detail props          [variable]           1/12       ( 8.3%) 
static props          [variable]           1/2840     ( 0.0%) 
pakfile               [variable]        5052/0        ( 0.0%) 
physics               [variable]      273243/4194304  ( 6.5%) 
physics terrain       [variable]           0/1048576  ( 0.0%) 

Level flags = 0

Total triangle count: 2086
Writing c:\users\z\documents\github\celmod-archive\maps\custom-maps\gm_park_cm.bsp
5 seconds elapsed
